source_paper,source_arxiv,source_table,source_page,table_kind,method,base_model,dataset,scene,psnr_db,ssim,lpips,size_mb,size_unit_printed,num_gaussians,fps,train_time_s,encode_time_s,decode_time_s,total_time_s,notes
3dgs_kerbl_siggraph2023,2308.04079,Table 1,8,main,Plenoxels,Plenoxels,Mip-NeRF 360,average,23.08,0.626,0.463,2150,GB,,6.79,1549,,,,"""Mem"" is the memory to store optimized parameters; Plenoxels sizes printed in GB and converted at 1 GB = 1024 MB; Mip-NeRF 360 trained on a 4-GPU A100 node for 12 h, reported as 48 h"
3dgs_kerbl_siggraph2023,2308.04079,Table 1,8,main,Plenoxels,Plenoxels,Tanks and Temples,average,21.08,0.719,0.379,2355,GB,,13.0,1505,,,,"""Mem"" is the memory to store optimized parameters; Plenoxels sizes printed in GB and converted at 1 GB = 1024 MB; Mip-NeRF 360 trained on a 4-GPU A100 node for 12 h, reported as 48 h"
3dgs_kerbl_siggraph2023,2308.04079,Table 1,8,main,Plenoxels,Plenoxels,Deep Blending,average,23.06,0.795,0.51,2765,GB,,11.2,1669,,,,"""Mem"" is the memory to store optimized parameters; Plenoxels sizes printed in GB and converted at 1 GB = 1024 MB; Mip-NeRF 360 trained on a 4-GPU A100 node for 12 h, reported as 48 h"
3dgs_kerbl_siggraph2023,2308.04079,Table 1,8,main,INGP-Base,Instant-NGP,Mip-NeRF 360,average,25.3,0.671,0.371,13,MB,,11.7,337,,,,"""Mem"" is the memory to store optimized parameters; Plenoxels sizes printed in GB and converted at 1 GB = 1024 MB; Mip-NeRF 360 trained on a 4-GPU A100 node for 12 h, reported as 48 h"
3dgs_kerbl_siggraph2023,2308.04079,Table 1,8,main,INGP-Base,Instant-NGP,Tanks and Temples,average,21.72,0.723,0.33,13,MB,,17.1,326,,,,"""Mem"" is the memory to store optimized parameters; Plenoxels sizes printed in GB and converted at 1 GB = 1024 MB; Mip-NeRF 360 trained on a 4-GPU A100 node for 12 h, reported as 48 h"
3dgs_kerbl_siggraph2023,2308.04079,Table 1,8,main,INGP-Base,Instant-NGP,Deep Blending,average,23.62,0.797,0.423,13,MB,,3.26,391,,,,"""Mem"" is the memory to store optimized parameters; Plenoxels sizes printed in GB and converted at 1 GB = 1024 MB; Mip-NeRF 360 trained on a 4-GPU A100 node for 12 h, reported as 48 h"
3dgs_kerbl_siggraph2023,2308.04079,Table 1,8,main,INGP-Big,Instant-NGP,Mip-NeRF 360,average,25.59,0.699,0.331,48,MB,,9.43,450,,,,"""Mem"" is the memory to store optimized parameters; Plenoxels sizes printed in GB and converted at 1 GB = 1024 MB; Mip-NeRF 360 trained on a 4-GPU A100 node for 12 h, reported as 48 h"
3dgs_kerbl_siggraph2023,2308.04079,Table 1,8,main,INGP-Big,Instant-NGP,Tanks and Temples,average,21.92,0.745,0.305,48,MB,,14.4,419,,,,"""Mem"" is the memory to store optimized parameters; Plenoxels sizes printed in GB and converted at 1 GB = 1024 MB; Mip-NeRF 360 trained on a 4-GPU A100 node for 12 h, reported as 48 h"
3dgs_kerbl_siggraph2023,2308.04079,Table 1,8,main,INGP-Big,Instant-NGP,Deep Blending,average,24.96,0.817,0.39,48,MB,,2.79,480,,,,"""Mem"" is the memory to store optimized parameters; Plenoxels sizes printed in GB and converted at 1 GB = 1024 MB; Mip-NeRF 360 trained on a 4-GPU A100 node for 12 h, reported as 48 h"
3dgs_kerbl_siggraph2023,2308.04079,Table 1,8,main,Mip-NeRF 360,NeRF,Mip-NeRF 360,average,27.69,0.792,0.237,8.6,MB,,0.06,172800,,,,"""Mem"" is the memory to store optimized parameters; Plenoxels sizes printed in GB and converted at 1 GB = 1024 MB; Mip-NeRF 360 trained on a 4-GPU A100 node for 12 h, reported as 48 h"
3dgs_kerbl_siggraph2023,2308.04079,Table 1,8,main,Mip-NeRF 360,NeRF,Tanks and Temples,average,22.22,0.759,0.257,8.6,MB,,0.14,172800,,,,"""Mem"" is the memory to store optimized parameters; Plenoxels sizes printed in GB and converted at 1 GB = 1024 MB; Mip-NeRF 360 trained on a 4-GPU A100 node for 12 h, reported as 48 h"
3dgs_kerbl_siggraph2023,2308.04079,Table 1,8,main,Mip-NeRF 360,NeRF,Deep Blending,average,29.4,0.901,0.245,8.6,MB,,0.09,172800,,,,"""Mem"" is the memory to store optimized parameters; Plenoxels sizes printed in GB and converted at 1 GB = 1024 MB; Mip-NeRF 360 trained on a 4-GPU A100 node for 12 h, reported as 48 h"
3dgs_kerbl_siggraph2023,2308.04079,Table 1,8,main,3DGS-7K,3DGS,Mip-NeRF 360,average,25.6,0.77,0.279,523,MB,,160,385,,,,"""Mem"" is the memory to store optimized parameters; Plenoxels sizes printed in GB and converted at 1 GB = 1024 MB; Mip-NeRF 360 trained on a 4-GPU A100 node for 12 h, reported as 48 h"
3dgs_kerbl_siggraph2023,2308.04079,Table 1,8,main,3DGS-7K,3DGS,Tanks and Temples,average,21.2,0.767,0.28,270,MB,,197,415,,,,"""Mem"" is the memory to store optimized parameters; Plenoxels sizes printed in GB and converted at 1 GB = 1024 MB; Mip-NeRF 360 trained on a 4-GPU A100 node for 12 h, reported as 48 h"
3dgs_kerbl_siggraph2023,2308.04079,Table 1,8,main,3DGS-7K,3DGS,Deep Blending,average,27.78,0.875,0.317,386,MB,,172,275,,,,"""Mem"" is the memory to store optimized parameters; Plenoxels sizes printed in GB and converted at 1 GB = 1024 MB; Mip-NeRF 360 trained on a 4-GPU A100 node for 12 h, reported as 48 h"
3dgs_kerbl_siggraph2023,2308.04079,Table 1,8,main,3DGS-30K,3DGS,Mip-NeRF 360,average,27.21,0.815,0.214,734,MB,,134,2493,,,,"""Mem"" is the memory to store optimized parameters; Plenoxels sizes printed in GB and converted at 1 GB = 1024 MB; Mip-NeRF 360 trained on a 4-GPU A100 node for 12 h, reported as 48 h"
3dgs_kerbl_siggraph2023,2308.04079,Table 1,8,main,3DGS-30K,3DGS,Tanks and Temples,average,23.14,0.841,0.183,411,MB,,154,1614,,,,"""Mem"" is the memory to store optimized parameters; Plenoxels sizes printed in GB and converted at 1 GB = 1024 MB; Mip-NeRF 360 trained on a 4-GPU A100 node for 12 h, reported as 48 h"
3dgs_kerbl_siggraph2023,2308.04079,Table 1,8,main,3DGS-30K,3DGS,Deep Blending,average,29.41,0.903,0.243,676,MB,,137,2162,,,,"""Mem"" is the memory to store optimized parameters; Plenoxels sizes printed in GB and converted at 1 GB = 1024 MB; Mip-NeRF 360 trained on a 4-GPU A100 node for 12 h, reported as 48 h"
3dgs_kerbl_siggraph2023,2308.04079,Table 2,8,main,Plenoxels,NeRF,NeRF Synthetic,chair,33.98,,,,,,,,,,,"PSNR only; column order in the PDF is chair drums ficus hotdog lego materials mic ship, read here from the printed row order and cross-checked against the averages"
3dgs_kerbl_siggraph2023,2308.04079,Table 2,8,main,Plenoxels,NeRF,NeRF Synthetic,drums,25.35,,,,,,,,,,,"PSNR only; column order in the PDF is chair drums ficus hotdog lego materials mic ship, read here from the printed row order and cross-checked against the averages"
3dgs_kerbl_siggraph2023,2308.04079,Table 2,8,main,Plenoxels,NeRF,NeRF Synthetic,ficus,31.83,,,,,,,,,,,"PSNR only; column order in the PDF is chair drums ficus hotdog lego materials mic ship, read here from the printed row order and cross-checked against the averages"
3dgs_kerbl_siggraph2023,2308.04079,Table 2,8,main,Plenoxels,NeRF,NeRF Synthetic,hotdog,36.81,,,,,,,,,,,"PSNR only; column order in the PDF is chair drums ficus hotdog lego materials mic ship, read here from the printed row order and cross-checked against the averages"
3dgs_kerbl_siggraph2023,2308.04079,Table 2,8,main,Plenoxels,NeRF,NeRF Synthetic,lego,33.26,,,,,,,,,,,"PSNR only; column order in the PDF is chair drums ficus hotdog lego materials mic ship, read here from the printed row order and cross-checked against the averages"
3dgs_kerbl_siggraph2023,2308.04079,Table 2,8,main,Plenoxels,NeRF,NeRF Synthetic,materials,29.14,,,,,,,,,,,"PSNR only; column order in the PDF is chair drums ficus hotdog lego materials mic ship, read here from the printed row order and cross-checked against the averages"
3dgs_kerbl_siggraph2023,2308.04079,Table 2,8,main,Plenoxels,NeRF,NeRF Synthetic,mic,34.1,,,,,,,,,,,"PSNR only; column order in the PDF is chair drums ficus hotdog lego materials mic ship, read here from the printed row order and cross-checked against the averages"
3dgs_kerbl_siggraph2023,2308.04079,Table 2,8,main,Plenoxels,NeRF,NeRF Synthetic,ship,29.62,,,,,,,,,,,"PSNR only; column order in the PDF is chair drums ficus hotdog lego materials mic ship, read here from the printed row order and cross-checked against the averages"
3dgs_kerbl_siggraph2023,2308.04079,Table 2,8,main,Plenoxels,NeRF,NeRF Synthetic,average,31.76,,,,,,,,,,,PSNR only
3dgs_kerbl_siggraph2023,2308.04079,Table 2,8,main,INGP-Base,NeRF,NeRF Synthetic,chair,35.0,,,,,,,,,,,"PSNR only; column order in the PDF is chair drums ficus hotdog lego materials mic ship, read here from the printed row order and cross-checked against the averages"
3dgs_kerbl_siggraph2023,2308.04079,Table 2,8,main,INGP-Base,NeRF,NeRF Synthetic,drums,26.02,,,,,,,,,,,"PSNR only; column order in the PDF is chair drums ficus hotdog lego materials mic ship, read here from the printed row order and cross-checked against the averages"
3dgs_kerbl_siggraph2023,2308.04079,Table 2,8,main,INGP-Base,NeRF,NeRF Synthetic,ficus,33.51,,,,,,,,,,,"PSNR only; column order in the PDF is chair drums ficus hotdog lego materials mic ship, read here from the printed row order and cross-checked against the averages"
3dgs_kerbl_siggraph2023,2308.04079,Table 2,8,main,INGP-Base,NeRF,NeRF Synthetic,hotdog,37.4,,,,,,,,,,,"PSNR only; column order in the PDF is chair drums ficus hotdog lego materials mic ship, read here from the printed row order and cross-checked against the averages"
3dgs_kerbl_siggraph2023,2308.04079,Table 2,8,main,INGP-Base,NeRF,NeRF Synthetic,lego,36.22,,,,,,,,,,,"PSNR only; column order in the PDF is chair drums ficus hotdog lego materials mic ship, read here from the printed row order and cross-checked against the averages"
3dgs_kerbl_siggraph2023,2308.04079,Table 2,8,main,INGP-Base,NeRF,NeRF Synthetic,materials,29.78,,,,,,,,,,,"PSNR only; column order in the PDF is chair drums ficus hotdog lego materials mic ship, read here from the printed row order and cross-checked against the averages"
3dgs_kerbl_siggraph2023,2308.04079,Table 2,8,main,INGP-Base,NeRF,NeRF Synthetic,mic,36.39,,,,,,,,,,,"PSNR only; column order in the PDF is chair drums ficus hotdog lego materials mic ship, read here from the printed row order and cross-checked against the averages"
3dgs_kerbl_siggraph2023,2308.04079,Table 2,8,main,INGP-Base,NeRF,NeRF Synthetic,ship,31.1,,,,,,,,,,,"PSNR only; column order in the PDF is chair drums ficus hotdog lego materials mic ship, read here from the printed row order and cross-checked against the averages"
3dgs_kerbl_siggraph2023,2308.04079,Table 2,8,main,INGP-Base,NeRF,NeRF Synthetic,average,33.18,,,,,,,,,,,PSNR only
3dgs_kerbl_siggraph2023,2308.04079,Table 2,8,main,Mip-NeRF,NeRF,NeRF Synthetic,chair,35.14,,,,,,,,,,,"PSNR only; column order in the PDF is chair drums ficus hotdog lego materials mic ship, read here from the printed row order and cross-checked against the averages"
3dgs_kerbl_siggraph2023,2308.04079,Table 2,8,main,Mip-NeRF,NeRF,NeRF Synthetic,drums,25.48,,,,,,,,,,,"PSNR only; column order in the PDF is chair drums ficus hotdog lego materials mic ship, read here from the printed row order and cross-checked against the averages"
3dgs_kerbl_siggraph2023,2308.04079,Table 2,8,main,Mip-NeRF,NeRF,NeRF Synthetic,ficus,33.29,,,,,,,,,,,"PSNR only; column order in the PDF is chair drums ficus hotdog lego materials mic ship, read here from the printed row order and cross-checked against the averages"
3dgs_kerbl_siggraph2023,2308.04079,Table 2,8,main,Mip-NeRF,NeRF,NeRF Synthetic,hotdog,37.48,,,,,,,,,,,"PSNR only; column order in the PDF is chair drums ficus hotdog lego materials mic ship, read here from the printed row order and cross-checked against the averages"
3dgs_kerbl_siggraph2023,2308.04079,Table 2,8,main,Mip-NeRF,NeRF,NeRF Synthetic,lego,36.51,,,,,,,,,,,"PSNR only; column order in the PDF is chair drums ficus hotdog lego materials mic ship, read here from the printed row order and cross-checked against the averages"
3dgs_kerbl_siggraph2023,2308.04079,Table 2,8,main,Mip-NeRF,NeRF,NeRF Synthetic,materials,30.71,,,,,,,,,,,"PSNR only; column order in the PDF is chair drums ficus hotdog lego materials mic ship, read here from the printed row order and cross-checked against the averages"
3dgs_kerbl_siggraph2023,2308.04079,Table 2,8,main,Mip-NeRF,NeRF,NeRF Synthetic,mic,35.7,,,,,,,,,,,"PSNR only; column order in the PDF is chair drums ficus hotdog lego materials mic ship, read here from the printed row order and cross-checked against the averages"
3dgs_kerbl_siggraph2023,2308.04079,Table 2,8,main,Mip-NeRF,NeRF,NeRF Synthetic,ship,30.41,,,,,,,,,,,"PSNR only; column order in the PDF is chair drums ficus hotdog lego materials mic ship, read here from the printed row order and cross-checked against the averages"
3dgs_kerbl_siggraph2023,2308.04079,Table 2,8,main,Mip-NeRF,NeRF,NeRF Synthetic,average,33.09,,,,,,,,,,,PSNR only
3dgs_kerbl_siggraph2023,2308.04079,Table 2,8,main,Point-NeRF,NeRF,NeRF Synthetic,chair,35.4,,,,,,,,,,,"PSNR only; column order in the PDF is chair drums ficus hotdog lego materials mic ship, read here from the printed row order and cross-checked against the averages"
3dgs_kerbl_siggraph2023,2308.04079,Table 2,8,main,Point-NeRF,NeRF,NeRF Synthetic,drums,26.06,,,,,,,,,,,"PSNR only; column order in the PDF is chair drums ficus hotdog lego materials mic ship, read here from the printed row order and cross-checked against the averages"
3dgs_kerbl_siggraph2023,2308.04079,Table 2,8,main,Point-NeRF,NeRF,NeRF Synthetic,ficus,36.13,,,,,,,,,,,"PSNR only; column order in the PDF is chair drums ficus hotdog lego materials mic ship, read here from the printed row order and cross-checked against the averages"
3dgs_kerbl_siggraph2023,2308.04079,Table 2,8,main,Point-NeRF,NeRF,NeRF Synthetic,hotdog,37.3,,,,,,,,,,,"PSNR only; column order in the PDF is chair drums ficus hotdog lego materials mic ship, read here from the printed row order and cross-checked against the averages"
3dgs_kerbl_siggraph2023,2308.04079,Table 2,8,main,Point-NeRF,NeRF,NeRF Synthetic,lego,35.95,,,,,,,,,,,"PSNR only; column order in the PDF is chair drums ficus hotdog lego materials mic ship, read here from the printed row order and cross-checked against the averages"
3dgs_kerbl_siggraph2023,2308.04079,Table 2,8,main,Point-NeRF,NeRF,NeRF Synthetic,materials,29.61,,,,,,,,,,,"PSNR only; column order in the PDF is chair drums ficus hotdog lego materials mic ship, read here from the printed row order and cross-checked against the averages"
3dgs_kerbl_siggraph2023,2308.04079,Table 2,8,main,Point-NeRF,NeRF,NeRF Synthetic,mic,35.04,,,,,,,,,,,"PSNR only; column order in the PDF is chair drums ficus hotdog lego materials mic ship, read here from the printed row order and cross-checked against the averages"
3dgs_kerbl_siggraph2023,2308.04079,Table 2,8,main,Point-NeRF,NeRF,NeRF Synthetic,ship,30.97,,,,,,,,,,,"PSNR only; column order in the PDF is chair drums ficus hotdog lego materials mic ship, read here from the printed row order and cross-checked against the averages"
3dgs_kerbl_siggraph2023,2308.04079,Table 2,8,main,Point-NeRF,NeRF,NeRF Synthetic,average,33.3,,,,,,,,,,,PSNR only
3dgs_kerbl_siggraph2023,2308.04079,Table 2,8,main,3DGS-30K,3DGS,NeRF Synthetic,chair,35.83,,,,,,,,,,,"PSNR only; column order in the PDF is chair drums ficus hotdog lego materials mic ship, read here from the printed row order and cross-checked against the averages"
3dgs_kerbl_siggraph2023,2308.04079,Table 2,8,main,3DGS-30K,3DGS,NeRF Synthetic,drums,26.15,,,,,,,,,,,"PSNR only; column order in the PDF is chair drums ficus hotdog lego materials mic ship, read here from the printed row order and cross-checked against the averages"
3dgs_kerbl_siggraph2023,2308.04079,Table 2,8,main,3DGS-30K,3DGS,NeRF Synthetic,ficus,34.87,,,,,,,,,,,"PSNR only; column order in the PDF is chair drums ficus hotdog lego materials mic ship, read here from the printed row order and cross-checked against the averages"
3dgs_kerbl_siggraph2023,2308.04079,Table 2,8,main,3DGS-30K,3DGS,NeRF Synthetic,hotdog,37.72,,,,,,,,,,,"PSNR only; column order in the PDF is chair drums ficus hotdog lego materials mic ship, read here from the printed row order and cross-checked against the averages"
3dgs_kerbl_siggraph2023,2308.04079,Table 2,8,main,3DGS-30K,3DGS,NeRF Synthetic,lego,35.36,,,,,,,,,,,"PSNR only; column order in the PDF is chair drums ficus hotdog lego materials mic ship, read here from the printed row order and cross-checked against the averages"
3dgs_kerbl_siggraph2023,2308.04079,Table 2,8,main,3DGS-30K,3DGS,NeRF Synthetic,materials,30.0,,,,,,,,,,,"PSNR only; column order in the PDF is chair drums ficus hotdog lego materials mic ship, read here from the printed row order and cross-checked against the averages"
3dgs_kerbl_siggraph2023,2308.04079,Table 2,8,main,3DGS-30K,3DGS,NeRF Synthetic,mic,35.78,,,,,,,,,,,"PSNR only; column order in the PDF is chair drums ficus hotdog lego materials mic ship, read here from the printed row order and cross-checked against the averages"
3dgs_kerbl_siggraph2023,2308.04079,Table 2,8,main,3DGS-30K,3DGS,NeRF Synthetic,ship,30.8,,,,,,,,,,,"PSNR only; column order in the PDF is chair drums ficus hotdog lego materials mic ship, read here from the printed row order and cross-checked against the averages"
3dgs_kerbl_siggraph2023,2308.04079,Table 2,8,main,3DGS-30K,3DGS,NeRF Synthetic,average,33.32,,,,,,,,,,,PSNR only
3dgs_kerbl_siggraph2023,2308.04079,Table 3,9,ablation,3DGS Limited-BW,3DGS,Other,ablation scene 1,14.66,,,,,,,,,,,"ablation PSNR on manually downsampled high-resolution inputs; the PDF text layer does not expose the scene column headers, so scenes are numbered in printed order"
3dgs_kerbl_siggraph2023,2308.04079,Table 3,9,ablation,3DGS Limited-BW,3DGS,Other,ablation scene 2,22.07,,,,,,,,,,,"ablation PSNR on manually downsampled high-resolution inputs; the PDF text layer does not expose the scene column headers, so scenes are numbered in printed order"
3dgs_kerbl_siggraph2023,2308.04079,Table 3,9,ablation,3DGS Limited-BW,3DGS,Other,ablation scene 3,20.77,,,,,,,,,,,"ablation PSNR on manually downsampled high-resolution inputs; the PDF text layer does not expose the scene column headers, so scenes are numbered in printed order"
3dgs_kerbl_siggraph2023,2308.04079,Table 3,9,ablation,3DGS Limited-BW,3DGS,Other,ablation scene 4,13.84,,,,,,,,,,,"ablation PSNR on manually downsampled high-resolution inputs; the PDF text layer does not expose the scene column headers, so scenes are numbered in printed order"
3dgs_kerbl_siggraph2023,2308.04079,Table 3,9,ablation,3DGS Limited-BW,3DGS,Other,ablation scene 5,22.88,,,,,,,,,,,"ablation PSNR on manually downsampled high-resolution inputs; the PDF text layer does not expose the scene column headers, so scenes are numbered in printed order"
3dgs_kerbl_siggraph2023,2308.04079,Table 3,9,ablation,3DGS Limited-BW,3DGS,Other,ablation scene 6,20.87,,,,,,,,,,,"ablation PSNR on manually downsampled high-resolution inputs; the PDF text layer does not expose the scene column headers, so scenes are numbered in printed order"
3dgs_kerbl_siggraph2023,2308.04079,Table 3,9,ablation,3DGS Limited-BW,3DGS,Other,ablation scene 7,19.16,,,,,,,,,,,"ablation PSNR on manually downsampled high-resolution inputs; the PDF text layer does not expose the scene column headers, so scenes are numbered in printed order"
3dgs_kerbl_siggraph2023,2308.04079,Table 3,9,ablation,3DGS Limited-BW,3DGS,Other,ablation scene 8,19.19,,,,,,,,,,,"ablation PSNR on manually downsampled high-resolution inputs; the PDF text layer does not expose the scene column headers, so scenes are numbered in printed order"
3dgs_kerbl_siggraph2023,2308.04079,Table 3,9,ablation,3DGS Random Init,3DGS,Other,ablation scene 1,16.75,,,,,,,,,,,"ablation PSNR on manually downsampled high-resolution inputs; the PDF text layer does not expose the scene column headers, so scenes are numbered in printed order"
3dgs_kerbl_siggraph2023,2308.04079,Table 3,9,ablation,3DGS Random Init,3DGS,Other,ablation scene 2,20.9,,,,,,,,,,,"ablation PSNR on manually downsampled high-resolution inputs; the PDF text layer does not expose the scene column headers, so scenes are numbered in printed order"
3dgs_kerbl_siggraph2023,2308.04079,Table 3,9,ablation,3DGS Random Init,3DGS,Other,ablation scene 3,19.86,,,,,,,,,,,"ablation PSNR on manually downsampled high-resolution inputs; the PDF text layer does not expose the scene column headers, so scenes are numbered in printed order"
3dgs_kerbl_siggraph2023,2308.04079,Table 3,9,ablation,3DGS Random Init,3DGS,Other,ablation scene 4,18.02,,,,,,,,,,,"ablation PSNR on manually downsampled high-resolution inputs; the PDF text layer does not expose the scene column headers, so scenes are numbered in printed order"
3dgs_kerbl_siggraph2023,2308.04079,Table 3,9,ablation,3DGS Random Init,3DGS,Other,ablation scene 5,22.19,,,,,,,,,,,"ablation PSNR on manually downsampled high-resolution inputs; the PDF text layer does not expose the scene column headers, so scenes are numbered in printed order"
3dgs_kerbl_siggraph2023,2308.04079,Table 3,9,ablation,3DGS Random Init,3DGS,Other,ablation scene 6,21.05,,,,,,,,,,,"ablation PSNR on manually downsampled high-resolution inputs; the PDF text layer does not expose the scene column headers, so scenes are numbered in printed order"
3dgs_kerbl_siggraph2023,2308.04079,Table 3,9,ablation,3DGS Random Init,3DGS,Other,ablation scene 7,19.17,,,,,,,,,,,"ablation PSNR on manually downsampled high-resolution inputs; the PDF text layer does not expose the scene column headers, so scenes are numbered in printed order"
3dgs_kerbl_siggraph2023,2308.04079,Table 3,9,ablation,3DGS Random Init,3DGS,Other,ablation scene 8,20.42,,,,,,,,,,,"ablation PSNR on manually downsampled high-resolution inputs; the PDF text layer does not expose the scene column headers, so scenes are numbered in printed order"
3dgs_kerbl_siggraph2023,2308.04079,Table 3,9,ablation,3DGS No-Split,3DGS,Other,ablation scene 1,18.31,,,,,,,,,,,"ablation PSNR on manually downsampled high-resolution inputs; the PDF text layer does not expose the scene column headers, so scenes are numbered in printed order"
3dgs_kerbl_siggraph2023,2308.04079,Table 3,9,ablation,3DGS No-Split,3DGS,Other,ablation scene 2,23.98,,,,,,,,,,,"ablation PSNR on manually downsampled high-resolution inputs; the PDF text layer does not expose the scene column headers, so scenes are numbered in printed order"
3dgs_kerbl_siggraph2023,2308.04079,Table 3,9,ablation,3DGS No-Split,3DGS,Other,ablation scene 3,22.21,,,,,,,,,,,"ablation PSNR on manually downsampled high-resolution inputs; the PDF text layer does not expose the scene column headers, so scenes are numbered in printed order"
3dgs_kerbl_siggraph2023,2308.04079,Table 3,9,ablation,3DGS No-Split,3DGS,Other,ablation scene 4,20.59,,,,,,,,,,,"ablation PSNR on manually downsampled high-resolution inputs; the PDF text layer does not expose the scene column headers, so scenes are numbered in printed order"
3dgs_kerbl_siggraph2023,2308.04079,Table 3,9,ablation,3DGS No-Split,3DGS,Other,ablation scene 5,26.11,,,,,,,,,,,"ablation PSNR on manually downsampled high-resolution inputs; the PDF text layer does not expose the scene column headers, so scenes are numbered in printed order"
3dgs_kerbl_siggraph2023,2308.04079,Table 3,9,ablation,3DGS No-Split,3DGS,Other,ablation scene 6,25.02,,,,,,,,,,,"ablation PSNR on manually downsampled high-resolution inputs; the PDF text layer does not expose the scene column headers, so scenes are numbered in printed order"
3dgs_kerbl_siggraph2023,2308.04079,Table 3,9,ablation,3DGS No-Split,3DGS,Other,ablation scene 7,21.5,,,,,,,,,,,"ablation PSNR on manually downsampled high-resolution inputs; the PDF text layer does not expose the scene column headers, so scenes are numbered in printed order"
3dgs_kerbl_siggraph2023,2308.04079,Table 3,9,ablation,3DGS No-Split,3DGS,Other,ablation scene 8,23.9,,,,,,,,,,,"ablation PSNR on manually downsampled high-resolution inputs; the PDF text layer does not expose the scene column headers, so scenes are numbered in printed order"
3dgs_kerbl_siggraph2023,2308.04079,Table 3,9,ablation,3DGS No-SH,3DGS,Other,ablation scene 1,22.36,,,,,,,,,,,"ablation PSNR on manually downsampled high-resolution inputs; the PDF text layer does not expose the scene column headers, so scenes are numbered in printed order"
3dgs_kerbl_siggraph2023,2308.04079,Table 3,9,ablation,3DGS No-SH,3DGS,Other,ablation scene 2,25.22,,,,,,,,,,,"ablation PSNR on manually downsampled high-resolution inputs; the PDF text layer does not expose the scene column headers, so scenes are numbered in printed order"
3dgs_kerbl_siggraph2023,2308.04079,Table 3,9,ablation,3DGS No-SH,3DGS,Other,ablation scene 3,22.88,,,,,,,,,,,"ablation PSNR on manually downsampled high-resolution inputs; the PDF text layer does not expose the scene column headers, so scenes are numbered in printed order"
3dgs_kerbl_siggraph2023,2308.04079,Table 3,9,ablation,3DGS No-SH,3DGS,Other,ablation scene 4,24.39,,,,,,,,,,,"ablation PSNR on manually downsampled high-resolution inputs; the PDF text layer does not expose the scene column headers, so scenes are numbered in printed order"
3dgs_kerbl_siggraph2023,2308.04079,Table 3,9,ablation,3DGS No-SH,3DGS,Other,ablation scene 5,26.59,,,,,,,,,,,"ablation PSNR on manually downsampled high-resolution inputs; the PDF text layer does not expose the scene column headers, so scenes are numbered in printed order"
3dgs_kerbl_siggraph2023,2308.04079,Table 3,9,ablation,3DGS No-SH,3DGS,Other,ablation scene 6,25.08,,,,,,,,,,,"ablation PSNR on manually downsampled high-resolution inputs; the PDF text layer does not expose the scene column headers, so scenes are numbered in printed order"
3dgs_kerbl_siggraph2023,2308.04079,Table 3,9,ablation,3DGS No-SH,3DGS,Other,ablation scene 7,23.48,,,,,,,,,,,"ablation PSNR on manually downsampled high-resolution inputs; the PDF text layer does not expose the scene column headers, so scenes are numbered in printed order"
3dgs_kerbl_siggraph2023,2308.04079,Table 3,9,ablation,3DGS No-SH,3DGS,Other,ablation scene 8,25.35,,,,,,,,,,,"ablation PSNR on manually downsampled high-resolution inputs; the PDF text layer does not expose the scene column headers, so scenes are numbered in printed order"
3dgs_kerbl_siggraph2023,2308.04079,Table 3,9,ablation,3DGS No-Clone,3DGS,Other,ablation scene 1,22.29,,,,,,,,,,,"ablation PSNR on manually downsampled high-resolution inputs; the PDF text layer does not expose the scene column headers, so scenes are numbered in printed order"
3dgs_kerbl_siggraph2023,2308.04079,Table 3,9,ablation,3DGS No-Clone,3DGS,Other,ablation scene 2,25.61,,,,,,,,,,,"ablation PSNR on manually downsampled high-resolution inputs; the PDF text layer does not expose the scene column headers, so scenes are numbered in printed order"
3dgs_kerbl_siggraph2023,2308.04079,Table 3,9,ablation,3DGS No-Clone,3DGS,Other,ablation scene 3,22.15,,,,,,,,,,,"ablation PSNR on manually downsampled high-resolution inputs; the PDF text layer does not expose the scene column headers, so scenes are numbered in printed order"
3dgs_kerbl_siggraph2023,2308.04079,Table 3,9,ablation,3DGS No-Clone,3DGS,Other,ablation scene 4,24.82,,,,,,,,,,,"ablation PSNR on manually downsampled high-resolution inputs; the PDF text layer does not expose the scene column headers, so scenes are numbered in printed order"
3dgs_kerbl_siggraph2023,2308.04079,Table 3,9,ablation,3DGS No-Clone,3DGS,Other,ablation scene 5,27.47,,,,,,,,,,,"ablation PSNR on manually downsampled high-resolution inputs; the PDF text layer does not expose the scene column headers, so scenes are numbered in printed order"
3dgs_kerbl_siggraph2023,2308.04079,Table 3,9,ablation,3DGS No-Clone,3DGS,Other,ablation scene 6,25.46,,,,,,,,,,,"ablation PSNR on manually downsampled high-resolution inputs; the PDF text layer does not expose the scene column headers, so scenes are numbered in printed order"
3dgs_kerbl_siggraph2023,2308.04079,Table 3,9,ablation,3DGS No-Clone,3DGS,Other,ablation scene 7,23.35,,,,,,,,,,,"ablation PSNR on manually downsampled high-resolution inputs; the PDF text layer does not expose the scene column headers, so scenes are numbered in printed order"
3dgs_kerbl_siggraph2023,2308.04079,Table 3,9,ablation,3DGS No-Clone,3DGS,Other,ablation scene 8,25.91,,,,,,,,,,,"ablation PSNR on manually downsampled high-resolution inputs; the PDF text layer does not expose the scene column headers, so scenes are numbered in printed order"
3dgs_kerbl_siggraph2023,2308.04079,Table 3,9,ablation,3DGS Isotropic,3DGS,Other,ablation scene 1,22.4,,,,,,,,,,,"ablation PSNR on manually downsampled high-resolution inputs; the PDF text layer does not expose the scene column headers, so scenes are numbered in printed order"
3dgs_kerbl_siggraph2023,2308.04079,Table 3,9,ablation,3DGS Isotropic,3DGS,Other,ablation scene 2,25.49,,,,,,,,,,,"ablation PSNR on manually downsampled high-resolution inputs; the PDF text layer does not expose the scene column headers, so scenes are numbered in printed order"
3dgs_kerbl_siggraph2023,2308.04079,Table 3,9,ablation,3DGS Isotropic,3DGS,Other,ablation scene 3,22.81,,,,,,,,,,,"ablation PSNR on manually downsampled high-resolution inputs; the PDF text layer does not expose the scene column headers, so scenes are numbered in printed order"
3dgs_kerbl_siggraph2023,2308.04079,Table 3,9,ablation,3DGS Isotropic,3DGS,Other,ablation scene 4,23.89,,,,,,,,,,,"ablation PSNR on manually downsampled high-resolution inputs; the PDF text layer does not expose the scene column headers, so scenes are numbered in printed order"
3dgs_kerbl_siggraph2023,2308.04079,Table 3,9,ablation,3DGS Isotropic,3DGS,Other,ablation scene 5,27.0,,,,,,,,,,,"ablation PSNR on manually downsampled high-resolution inputs; the PDF text layer does not expose the scene column headers, so scenes are numbered in printed order"
3dgs_kerbl_siggraph2023,2308.04079,Table 3,9,ablation,3DGS Isotropic,3DGS,Other,ablation scene 6,24.81,,,,,,,,,,,"ablation PSNR on manually downsampled high-resolution inputs; the PDF text layer does not expose the scene column headers, so scenes are numbered in printed order"
3dgs_kerbl_siggraph2023,2308.04079,Table 3,9,ablation,3DGS Isotropic,3DGS,Other,ablation scene 7,23.56,,,,,,,,,,,"ablation PSNR on manually downsampled high-resolution inputs; the PDF text layer does not expose the scene column headers, so scenes are numbered in printed order"
3dgs_kerbl_siggraph2023,2308.04079,Table 3,9,ablation,3DGS Isotropic,3DGS,Other,ablation scene 8,25.23,,,,,,,,,,,"ablation PSNR on manually downsampled high-resolution inputs; the PDF text layer does not expose the scene column headers, so scenes are numbered in printed order"
3dgs_kerbl_siggraph2023,2308.04079,Table 3,9,ablation,3DGS Full,3DGS,Other,ablation scene 1,22.71,,,,,,,,,,,"ablation PSNR on manually downsampled high-resolution inputs; the PDF text layer does not expose the scene column headers, so scenes are numbered in printed order"
3dgs_kerbl_siggraph2023,2308.04079,Table 3,9,ablation,3DGS Full,3DGS,Other,ablation scene 2,25.82,,,,,,,,,,,"ablation PSNR on manually downsampled high-resolution inputs; the PDF text layer does not expose the scene column headers, so scenes are numbered in printed order"
3dgs_kerbl_siggraph2023,2308.04079,Table 3,9,ablation,3DGS Full,3DGS,Other,ablation scene 3,23.18,,,,,,,,,,,"ablation PSNR on manually downsampled high-resolution inputs; the PDF text layer does not expose the scene column headers, so scenes are numbered in printed order"
3dgs_kerbl_siggraph2023,2308.04079,Table 3,9,ablation,3DGS Full,3DGS,Other,ablation scene 4,24.81,,,,,,,,,,,"ablation PSNR on manually downsampled high-resolution inputs; the PDF text layer does not expose the scene column headers, so scenes are numbered in printed order"
3dgs_kerbl_siggraph2023,2308.04079,Table 3,9,ablation,3DGS Full,3DGS,Other,ablation scene 5,27.7,,,,,,,,,,,"ablation PSNR on manually downsampled high-resolution inputs; the PDF text layer does not expose the scene column headers, so scenes are numbered in printed order"
3dgs_kerbl_siggraph2023,2308.04079,Table 3,9,ablation,3DGS Full,3DGS,Other,ablation scene 6,25.65,,,,,,,,,,,"ablation PSNR on manually downsampled high-resolution inputs; the PDF text layer does not expose the scene column headers, so scenes are numbered in printed order"
3dgs_kerbl_siggraph2023,2308.04079,Table 3,9,ablation,3DGS Full,3DGS,Other,ablation scene 7,23.9,,,,,,,,,,,"ablation PSNR on manually downsampled high-resolution inputs; the PDF text layer does not expose the scene column headers, so scenes are numbered in printed order"
3dgs_kerbl_siggraph2023,2308.04079,Table 3,9,ablation,3DGS Full,3DGS,Other,ablation scene 8,26.05,,,,,,,,,,,"ablation PSNR on manually downsampled high-resolution inputs; the PDF text layer does not expose the scene column headers, so scenes are numbered in printed order"
3dgs_kerbl_siggraph2023,2308.04079,Tables 4-6,14,supplement,Plenoxels,NeRF,Mip-NeRF 360,bicycle,21.912,0.496,0.506,,,,,,,,,per-scene; no size column
3dgs_kerbl_siggraph2023,2308.04079,Tables 4-6,14,supplement,Plenoxels,NeRF,Mip-NeRF 360,flowers,20.097,0.431,0.521,,,,,,,,,per-scene; no size column
3dgs_kerbl_siggraph2023,2308.04079,Tables 4-6,14,supplement,Plenoxels,NeRF,Mip-NeRF 360,garden,23.4947,0.6063,0.3864,,,,,,,,,per-scene; no size column
3dgs_kerbl_siggraph2023,2308.04079,Tables 4-6,14,supplement,Plenoxels,NeRF,Mip-NeRF 360,stump,20.661,0.523,0.503,,,,,,,,,per-scene; no size column
3dgs_kerbl_siggraph2023,2308.04079,Tables 4-6,14,supplement,Plenoxels,NeRF,Mip-NeRF 360,treehill,22.248,0.509,0.54,,,,,,,,,per-scene; no size column
3dgs_kerbl_siggraph2023,2308.04079,Tables 4-6,14,supplement,Plenoxels,NeRF,Mip-NeRF 360,room,27.594,0.8417,0.4186,,,,,,,,,per-scene; no size column
3dgs_kerbl_siggraph2023,2308.04079,Tables 4-6,14,supplement,Plenoxels,NeRF,Mip-NeRF 360,counter,23.624,0.759,0.441,,,,,,,,,per-scene; no size column
3dgs_kerbl_siggraph2023,2308.04079,Tables 4-6,14,supplement,Plenoxels,NeRF,Mip-NeRF 360,kitchen,23.42,0.648,0.447,,,,,,,,,per-scene; no size column
3dgs_kerbl_siggraph2023,2308.04079,Tables 4-6,14,supplement,Plenoxels,NeRF,Mip-NeRF 360,bonsai,24.669,0.814,0.398,,,,,,,,,per-scene; no size column
3dgs_kerbl_siggraph2023,2308.04079,Tables 4-6,14,supplement,INGP-Base,NeRF,Mip-NeRF 360,bicycle,22.193,0.491,0.487,,,,,,,,,per-scene; no size column
3dgs_kerbl_siggraph2023,2308.04079,Tables 4-6,14,supplement,INGP-Base,NeRF,Mip-NeRF 360,flowers,20.348,0.45,0.481,,,,,,,,,per-scene; no size column
3dgs_kerbl_siggraph2023,2308.04079,Tables 4-6,14,supplement,INGP-Base,NeRF,Mip-NeRF 360,garden,24.599,0.649,0.312,,,,,,,,,per-scene; no size column
3dgs_kerbl_siggraph2023,2308.04079,Tables 4-6,14,supplement,INGP-Base,NeRF,Mip-NeRF 360,stump,23.626,0.574,0.45,,,,,,,,,per-scene; no size column
3dgs_kerbl_siggraph2023,2308.04079,Tables 4-6,14,supplement,INGP-Base,NeRF,Mip-NeRF 360,treehill,22.364,0.518,0.489,,,,,,,,,per-scene; no size column
3dgs_kerbl_siggraph2023,2308.04079,Tables 4-6,14,supplement,INGP-Base,NeRF,Mip-NeRF 360,room,29.269,0.855,0.301,,,,,,,,,per-scene; no size column
3dgs_kerbl_siggraph2023,2308.04079,Tables 4-6,14,supplement,INGP-Base,NeRF,Mip-NeRF 360,counter,26.439,0.798,0.342,,,,,,,,,per-scene; no size column
3dgs_kerbl_siggraph2023,2308.04079,Tables 4-6,14,supplement,INGP-Base,NeRF,Mip-NeRF 360,kitchen,28.548,0.818,0.254,,,,,,,,,per-scene; no size column
3dgs_kerbl_siggraph2023,2308.04079,Tables 4-6,14,supplement,INGP-Base,NeRF,Mip-NeRF 360,bonsai,30.337,0.89,0.227,,,,,,,,,per-scene; no size column
3dgs_kerbl_siggraph2023,2308.04079,Tables 4-6,14,supplement,INGP-Big,NeRF,Mip-NeRF 360,bicycle,22.171,0.512,0.446,,,,,,,,,per-scene; no size column
3dgs_kerbl_siggraph2023,2308.04079,Tables 4-6,14,supplement,INGP-Big,NeRF,Mip-NeRF 360,flowers,20.652,0.486,0.441,,,,,,,,,per-scene; no size column
3dgs_kerbl_siggraph2023,2308.04079,Tables 4-6,14,supplement,INGP-Big,NeRF,Mip-NeRF 360,garden,25.069,0.701,0.257,,,,,,,,,per-scene; no size column
3dgs_kerbl_siggraph2023,2308.04079,Tables 4-6,14,supplement,INGP-Big,NeRF,Mip-NeRF 360,stump,23.466,0.594,0.421,,,,,,,,,per-scene; no size column
3dgs_kerbl_siggraph2023,2308.04079,Tables 4-6,14,supplement,INGP-Big,NeRF,Mip-NeRF 360,treehill,22.373,0.542,0.45,,,,,,,,,per-scene; no size column
3dgs_kerbl_siggraph2023,2308.04079,Tables 4-6,14,supplement,INGP-Big,NeRF,Mip-NeRF 360,room,29.69,0.871,0.261,,,,,,,,,per-scene; no size column
3dgs_kerbl_siggraph2023,2308.04079,Tables 4-6,14,supplement,INGP-Big,NeRF,Mip-NeRF 360,counter,26.691,0.817,0.306,,,,,,,,,per-scene; no size column
3dgs_kerbl_siggraph2023,2308.04079,Tables 4-6,14,supplement,INGP-Big,NeRF,Mip-NeRF 360,kitchen,29.479,0.858,0.195,,,,,,,,,per-scene; no size column
3dgs_kerbl_siggraph2023,2308.04079,Tables 4-6,14,supplement,INGP-Big,NeRF,Mip-NeRF 360,bonsai,30.685,0.906,0.205,,,,,,,,,per-scene; no size column
3dgs_kerbl_siggraph2023,2308.04079,Tables 4-6,14,supplement,Mip-NeRF 360 (reported),NeRF,Mip-NeRF 360,bicycle,24.37,0.685,0.301,,,,,,,,,per-scene; no size column
3dgs_kerbl_siggraph2023,2308.04079,Tables 4-6,14,supplement,Mip-NeRF 360 (reported),NeRF,Mip-NeRF 360,flowers,21.73,0.583,0.344,,,,,,,,,per-scene; no size column
3dgs_kerbl_siggraph2023,2308.04079,Tables 4-6,14,supplement,Mip-NeRF 360 (reported),NeRF,Mip-NeRF 360,garden,26.98,0.813,0.17,,,,,,,,,per-scene; no size column
3dgs_kerbl_siggraph2023,2308.04079,Tables 4-6,14,supplement,Mip-NeRF 360 (reported),NeRF,Mip-NeRF 360,stump,26.4,0.744,0.261,,,,,,,,,per-scene; no size column
3dgs_kerbl_siggraph2023,2308.04079,Tables 4-6,14,supplement,Mip-NeRF 360 (reported),NeRF,Mip-NeRF 360,treehill,22.87,0.632,0.339,,,,,,,,,per-scene; no size column
3dgs_kerbl_siggraph2023,2308.04079,Tables 4-6,14,supplement,Mip-NeRF 360 (reported),NeRF,Mip-NeRF 360,room,31.63,0.913,0.211,,,,,,,,,per-scene; no size column
3dgs_kerbl_siggraph2023,2308.04079,Tables 4-6,14,supplement,Mip-NeRF 360 (reported),NeRF,Mip-NeRF 360,counter,29.55,0.894,0.204,,,,,,,,,per-scene; no size column
3dgs_kerbl_siggraph2023,2308.04079,Tables 4-6,14,supplement,Mip-NeRF 360 (reported),NeRF,Mip-NeRF 360,kitchen,32.23,0.92,0.127,,,,,,,,,per-scene; no size column
3dgs_kerbl_siggraph2023,2308.04079,Tables 4-6,14,supplement,Mip-NeRF 360 (reported),NeRF,Mip-NeRF 360,bonsai,33.46,0.941,0.176,,,,,,,,,per-scene; no size column
3dgs_kerbl_siggraph2023,2308.04079,Tables 4-6,14,supplement,Mip-NeRF 360 (our run),NeRF,Mip-NeRF 360,bicycle,24.305,0.685,0.305,,,,,,,,,per-scene; no size column
3dgs_kerbl_siggraph2023,2308.04079,Tables 4-6,14,supplement,Mip-NeRF 360 (our run),NeRF,Mip-NeRF 360,flowers,21.649,0.584,0.346,,,,,,,,,per-scene; no size column
3dgs_kerbl_siggraph2023,2308.04079,Tables 4-6,14,supplement,Mip-NeRF 360 (our run),NeRF,Mip-NeRF 360,garden,26.875,0.809,0.171,,,,,,,,,per-scene; no size column
3dgs_kerbl_siggraph2023,2308.04079,Tables 4-6,14,supplement,Mip-NeRF 360 (our run),NeRF,Mip-NeRF 360,stump,26.175,0.745,0.265,,,,,,,,,per-scene; no size column
3dgs_kerbl_siggraph2023,2308.04079,Tables 4-6,14,supplement,Mip-NeRF 360 (our run),NeRF,Mip-NeRF 360,treehill,22.929,0.631,0.347,,,,,,,,,per-scene; no size column
3dgs_kerbl_siggraph2023,2308.04079,Tables 4-6,14,supplement,Mip-NeRF 360 (our run),NeRF,Mip-NeRF 360,room,31.467,0.91,0.213,,,,,,,,,per-scene; no size column
3dgs_kerbl_siggraph2023,2308.04079,Tables 4-6,14,supplement,Mip-NeRF 360 (our run),NeRF,Mip-NeRF 360,counter,29.447,0.892,0.207,,,,,,,,,per-scene; no size column
3dgs_kerbl_siggraph2023,2308.04079,Tables 4-6,14,supplement,Mip-NeRF 360 (our run),NeRF,Mip-NeRF 360,kitchen,31.989,0.917,0.128,,,,,,,,,per-scene; no size column
3dgs_kerbl_siggraph2023,2308.04079,Tables 4-6,14,supplement,Mip-NeRF 360 (our run),NeRF,Mip-NeRF 360,bonsai,33.397,0.938,0.179,,,,,,,,,per-scene; no size column
3dgs_kerbl_siggraph2023,2308.04079,Tables 4-6,14,supplement,3DGS-7K,3DGS,Mip-NeRF 360,bicycle,23.604,0.675,0.318,,,,,,,,,per-scene; no size column
3dgs_kerbl_siggraph2023,2308.04079,Tables 4-6,14,supplement,3DGS-7K,3DGS,Mip-NeRF 360,flowers,20.515,0.525,0.417,,,,,,,,,per-scene; no size column
3dgs_kerbl_siggraph2023,2308.04079,Tables 4-6,14,supplement,3DGS-7K,3DGS,Mip-NeRF 360,garden,26.245,0.836,0.153,,,,,,,,,per-scene; no size column
3dgs_kerbl_siggraph2023,2308.04079,Tables 4-6,14,supplement,3DGS-7K,3DGS,Mip-NeRF 360,stump,25.709,0.728,0.287,,,,,,,,,per-scene; no size column
3dgs_kerbl_siggraph2023,2308.04079,Tables 4-6,14,supplement,3DGS-7K,3DGS,Mip-NeRF 360,treehill,22.085,0.598,0.404,,,,,,,,,per-scene; no size column
3dgs_kerbl_siggraph2023,2308.04079,Tables 4-6,14,supplement,3DGS-7K,3DGS,Mip-NeRF 360,room,28.139,0.884,0.272,,,,,,,,,per-scene; no size column
3dgs_kerbl_siggraph2023,2308.04079,Tables 4-6,14,supplement,3DGS-7K,3DGS,Mip-NeRF 360,counter,26.705,0.873,0.254,,,,,,,,,per-scene; no size column
3dgs_kerbl_siggraph2023,2308.04079,Tables 4-6,14,supplement,3DGS-7K,3DGS,Mip-NeRF 360,kitchen,28.546,0.9,0.161,,,,,,,,,per-scene; no size column
3dgs_kerbl_siggraph2023,2308.04079,Tables 4-6,14,supplement,3DGS-7K,3DGS,Mip-NeRF 360,bonsai,28.85,0.91,0.244,,,,,,,,,per-scene; no size column
3dgs_kerbl_siggraph2023,2308.04079,Tables 4-6,14,supplement,3DGS-30K,3DGS,Mip-NeRF 360,bicycle,25.246,0.771,0.205,,,,,,,,,per-scene; no size column
3dgs_kerbl_siggraph2023,2308.04079,Tables 4-6,14,supplement,3DGS-30K,3DGS,Mip-NeRF 360,flowers,21.52,0.605,0.336,,,,,,,,,per-scene; no size column
3dgs_kerbl_siggraph2023,2308.04079,Tables 4-6,14,supplement,3DGS-30K,3DGS,Mip-NeRF 360,garden,27.41,0.868,0.103,,,,,,,,,per-scene; no size column
3dgs_kerbl_siggraph2023,2308.04079,Tables 4-6,14,supplement,3DGS-30K,3DGS,Mip-NeRF 360,stump,26.55,0.775,0.21,,,,,,,,,per-scene; no size column
3dgs_kerbl_siggraph2023,2308.04079,Tables 4-6,14,supplement,3DGS-30K,3DGS,Mip-NeRF 360,treehill,22.49,0.638,0.317,,,,,,,,,per-scene; no size column
3dgs_kerbl_siggraph2023,2308.04079,Tables 4-6,14,supplement,3DGS-30K,3DGS,Mip-NeRF 360,room,30.632,0.914,0.22,,,,,,,,,per-scene; no size column
3dgs_kerbl_siggraph2023,2308.04079,Tables 4-6,14,supplement,3DGS-30K,3DGS,Mip-NeRF 360,counter,28.7,0.905,0.204,,,,,,,,,per-scene; no size column
3dgs_kerbl_siggraph2023,2308.04079,Tables 4-6,14,supplement,3DGS-30K,3DGS,Mip-NeRF 360,kitchen,30.317,0.922,0.129,,,,,,,,,per-scene; no size column
3dgs_kerbl_siggraph2023,2308.04079,Tables 4-6,14,supplement,3DGS-30K,3DGS,Mip-NeRF 360,bonsai,31.98,0.938,0.205,,,,,,,,,per-scene; no size column
3dgs_kerbl_siggraph2023,2308.04079,Tables 7-9,14,supplement,Plenoxels,NeRF,Tanks and Temples,truck,23.221,0.774,0.335,,,,,,,,,per-scene; no size column
3dgs_kerbl_siggraph2023,2308.04079,Tables 7-9,14,supplement,Plenoxels,NeRF,Tanks and Temples,train,18.927,0.663,0.422,,,,,,,,,per-scene; no size column
3dgs_kerbl_siggraph2023,2308.04079,Tables 7-9,14,supplement,Plenoxels,NeRF,Deep Blending,drjohnson,23.142,0.787,0.521,,,,,,,,,per-scene; no size column
3dgs_kerbl_siggraph2023,2308.04079,Tables 7-9,14,supplement,Plenoxels,NeRF,Deep Blending,playroom,22.98,0.802,0.499,,,,,,,,,per-scene; no size column
3dgs_kerbl_siggraph2023,2308.04079,Tables 7-9,14,supplement,INGP-Base,NeRF,Tanks and Temples,truck,23.26,0.779,0.274,,,,,,,,,per-scene; no size column
3dgs_kerbl_siggraph2023,2308.04079,Tables 7-9,14,supplement,INGP-Base,NeRF,Tanks and Temples,train,20.17,0.666,0.386,,,,,,,,,per-scene; no size column
3dgs_kerbl_siggraph2023,2308.04079,Tables 7-9,14,supplement,INGP-Base,NeRF,Deep Blending,drjohnson,27.75,0.839,0.381,,,,,,,,,per-scene; no size column
3dgs_kerbl_siggraph2023,2308.04079,Tables 7-9,14,supplement,INGP-Base,NeRF,Deep Blending,playroom,19.483,0.754,0.465,,,,,,,,,per-scene; no size column
3dgs_kerbl_siggraph2023,2308.04079,Tables 7-9,14,supplement,INGP-Big,NeRF,Tanks and Temples,truck,23.383,0.8,0.249,,,,,,,,,per-scene; no size column
3dgs_kerbl_siggraph2023,2308.04079,Tables 7-9,14,supplement,INGP-Big,NeRF,Tanks and Temples,train,20.456,0.689,0.36,,,,,,,,,per-scene; no size column
3dgs_kerbl_siggraph2023,2308.04079,Tables 7-9,14,supplement,INGP-Big,NeRF,Deep Blending,drjohnson,28.257,0.854,0.352,,,,,,,,,per-scene; no size column
3dgs_kerbl_siggraph2023,2308.04079,Tables 7-9,14,supplement,INGP-Big,NeRF,Deep Blending,playroom,21.665,0.779,0.428,,,,,,,,,per-scene; no size column
3dgs_kerbl_siggraph2023,2308.04079,Tables 7-9,14,supplement,Mip-NeRF 360,NeRF,Tanks and Temples,truck,24.912,0.857,0.159,,,,,,,,,per-scene; no size column
3dgs_kerbl_siggraph2023,2308.04079,Tables 7-9,14,supplement,Mip-NeRF 360,NeRF,Tanks and Temples,train,19.523,0.66,0.354,,,,,,,,,per-scene; no size column
3dgs_kerbl_siggraph2023,2308.04079,Tables 7-9,14,supplement,Mip-NeRF 360,NeRF,Deep Blending,drjohnson,29.14,0.901,0.237,,,,,,,,,per-scene; no size column
3dgs_kerbl_siggraph2023,2308.04079,Tables 7-9,14,supplement,Mip-NeRF 360,NeRF,Deep Blending,playroom,29.657,0.9,0.252,,,,,,,,,per-scene; no size column
3dgs_kerbl_siggraph2023,2308.04079,Tables 7-9,14,supplement,3DGS-7K,3DGS,Tanks and Temples,truck,23.506,0.84,0.209,,,,,,,,,per-scene; no size column
3dgs_kerbl_siggraph2023,2308.04079,Tables 7-9,14,supplement,3DGS-7K,3DGS,Tanks and Temples,train,18.892,0.694,0.35,,,,,,,,,per-scene; no size column
3dgs_kerbl_siggraph2023,2308.04079,Tables 7-9,14,supplement,3DGS-7K,3DGS,Deep Blending,drjohnson,26.306,0.853,0.343,,,,,,,,,per-scene; no size column
3dgs_kerbl_siggraph2023,2308.04079,Tables 7-9,14,supplement,3DGS-7K,3DGS,Deep Blending,playroom,29.245,0.896,0.291,,,,,,,,,per-scene; no size column
3dgs_kerbl_siggraph2023,2308.04079,Tables 7-9,14,supplement,3DGS-30K,3DGS,Tanks and Temples,truck,25.187,0.879,0.148,,,,,,,,,per-scene; no size column
3dgs_kerbl_siggraph2023,2308.04079,Tables 7-9,14,supplement,3DGS-30K,3DGS,Tanks and Temples,train,21.097,0.802,0.218,,,,,,,,,per-scene; no size column
3dgs_kerbl_siggraph2023,2308.04079,Tables 7-9,14,supplement,3DGS-30K,3DGS,Deep Blending,drjohnson,28.766,0.899,0.244,,,,,,,,,per-scene; no size column
3dgs_kerbl_siggraph2023,2308.04079,Tables 7-9,14,supplement,3DGS-30K,3DGS,Deep Blending,playroom,30.044,0.906,0.241,,,,,,,,,per-scene; no size column
3dgs_mcmc_kheradmand_neurips2024,2404.09591,Table 1,7,main,NeRF,NeRF,NeRF Synthetic,average,31.01,,,,,,,,,,,"3DGS-MCMC caps the Gaussian count and matches it to the 3DGS count exactly, so this is a count budget, not a byte budget; no size column anywhere in the paper. Averages over 3 runs"
3dgs_mcmc_kheradmand_neurips2024,2404.09591,Table 1,7,main,NeRF,NeRF,Mip-NeRF 360,average,24.85,0.66,0.43,,,,,,,,,"3DGS-MCMC caps the Gaussian count and matches it to the 3DGS count exactly, so this is a count budget, not a byte budget; no size column anywhere in the paper. Averages over 3 runs"
3dgs_mcmc_kheradmand_neurips2024,2404.09591,Table 1,7,main,NeRF,NeRF,Deep Blending,average,21.18,0.78,0.34,,,,,,,,,"3DGS-MCMC caps the Gaussian count and matches it to the 3DGS count exactly, so this is a count budget, not a byte budget; no size column anywhere in the paper. Averages over 3 runs"
3dgs_mcmc_kheradmand_neurips2024,2404.09591,Table 1,7,main,Plenoxels,Plenoxels,NeRF Synthetic,average,31.76,,,,,,,,,,,"3DGS-MCMC caps the Gaussian count and matches it to the 3DGS count exactly, so this is a count budget, not a byte budget; no size column anywhere in the paper. Averages over 3 runs"
3dgs_mcmc_kheradmand_neurips2024,2404.09591,Table 1,7,main,Plenoxels,Plenoxels,Mip-NeRF 360,average,23.63,0.67,0.44,,,,,,,,,"3DGS-MCMC caps the Gaussian count and matches it to the 3DGS count exactly, so this is a count budget, not a byte budget; no size column anywhere in the paper. Averages over 3 runs"
3dgs_mcmc_kheradmand_neurips2024,2404.09591,Table 1,7,main,Plenoxels,Plenoxels,Tanks and Temples,average,21.08,0.72,0.38,,,,,,,,,"3DGS-MCMC caps the Gaussian count and matches it to the 3DGS count exactly, so this is a count budget, not a byte budget; no size column anywhere in the paper. Averages over 3 runs"
3dgs_mcmc_kheradmand_neurips2024,2404.09591,Table 1,7,main,INGP-Big,Instant-NGP,NeRF Synthetic,average,33.18,,,,,,,,,,,"3DGS-MCMC caps the Gaussian count and matches it to the 3DGS count exactly, so this is a count budget, not a byte budget; no size column anywhere in the paper. Averages over 3 runs"
3dgs_mcmc_kheradmand_neurips2024,2404.09591,Table 1,7,main,INGP-Big,Instant-NGP,Mip-NeRF 360,average,26.75,0.75,0.3,,,,,,,,,"3DGS-MCMC caps the Gaussian count and matches it to the 3DGS count exactly, so this is a count budget, not a byte budget; no size column anywhere in the paper. Averages over 3 runs"
3dgs_mcmc_kheradmand_neurips2024,2404.09591,Table 1,7,main,INGP-Big,Instant-NGP,Tanks and Temples,average,21.92,0.75,0.31,,,,,,,,,"3DGS-MCMC caps the Gaussian count and matches it to the 3DGS count exactly, so this is a count budget, not a byte budget; no size column anywhere in the paper. Averages over 3 runs"
3dgs_mcmc_kheradmand_neurips2024,2404.09591,Table 1,7,main,Mip-NeRF,NeRF,NeRF Synthetic,average,33.09,,,,,,,,,,,"3DGS-MCMC caps the Gaussian count and matches it to the 3DGS count exactly, so this is a count budget, not a byte budget; no size column anywhere in the paper. Averages over 3 runs"
3dgs_mcmc_kheradmand_neurips2024,2404.09591,Table 1,7,main,Mip-NeRF,NeRF,Mip-NeRF 360,average,27.6,0.81,0.25,,,,,,,,,"3DGS-MCMC caps the Gaussian count and matches it to the 3DGS count exactly, so this is a count budget, not a byte budget; no size column anywhere in the paper. Averages over 3 runs"
3dgs_mcmc_kheradmand_neurips2024,2404.09591,Table 1,7,main,Mip-NeRF,NeRF,Deep Blending,average,21.54,0.78,0.37,,,,,,,,,"3DGS-MCMC caps the Gaussian count and matches it to the 3DGS count exactly, so this is a count budget, not a byte budget; no size column anywhere in the paper. Averages over 3 runs"
3dgs_mcmc_kheradmand_neurips2024,2404.09591,Table 1,7,main,Mip-NeRF 360,NeRF,Mip-NeRF 360,average,29.23,0.84,0.21,,,,,,,,,"3DGS-MCMC caps the Gaussian count and matches it to the 3DGS count exactly, so this is a count budget, not a byte budget; no size column anywhere in the paper. Averages over 3 runs"
3dgs_mcmc_kheradmand_neurips2024,2404.09591,Table 1,7,main,Mip-NeRF 360,NeRF,Tanks and Temples,average,22.22,0.76,0.26,,,,,,,,,"3DGS-MCMC caps the Gaussian count and matches it to the 3DGS count exactly, so this is a count budget, not a byte budget; no size column anywhere in the paper. Averages over 3 runs"
3dgs_mcmc_kheradmand_neurips2024,2404.09591,Table 1,7,main,"3DGS (as reported, LPIPS corrected)",3DGS,NeRF Synthetic,average,33.32,,,,,,,,,,,"3DGS-MCMC caps the Gaussian count and matches it to the 3DGS count exactly, so this is a count budget, not a byte budget; no size column anywhere in the paper. Averages over 3 runs"
3dgs_mcmc_kheradmand_neurips2024,2404.09591,Table 1,7,main,"3DGS (as reported, LPIPS corrected)",3DGS,Mip-NeRF 360,average,28.69,0.87,0.22,,,,,,,,,"3DGS-MCMC caps the Gaussian count and matches it to the 3DGS count exactly, so this is a count budget, not a byte budget; no size column anywhere in the paper. Averages over 3 runs"
3dgs_mcmc_kheradmand_neurips2024,2404.09591,Table 1,7,main,"3DGS (as reported, LPIPS corrected)",3DGS,Tanks and Temples,average,23.14,0.84,0.21,,,,,,,,,"3DGS-MCMC caps the Gaussian count and matches it to the 3DGS count exactly, so this is a count budget, not a byte budget; no size column anywhere in the paper. Averages over 3 runs"
3dgs_mcmc_kheradmand_neurips2024,2404.09591,Table 1,7,main,3DGS (random init),3DGS,NeRF Synthetic,average,33.42,0.97,0.04,,,,,,,,,"3DGS-MCMC caps the Gaussian count and matches it to the 3DGS count exactly, so this is a count budget, not a byte budget; no size column anywhere in the paper. Averages over 3 runs"
3dgs_mcmc_kheradmand_neurips2024,2404.09591,Table 1,7,main,3DGS (random init),3DGS,Mip-NeRF 360,average,27.89,0.84,0.26,,,,,,,,,"3DGS-MCMC caps the Gaussian count and matches it to the 3DGS count exactly, so this is a count budget, not a byte budget; no size column anywhere in the paper. Averages over 3 runs"
3dgs_mcmc_kheradmand_neurips2024,2404.09591,Table 1,7,main,3DGS (random init),3DGS,Tanks and Temples,average,21.93,0.79,0.27,,,,,,,,,"3DGS-MCMC caps the Gaussian count and matches it to the 3DGS count exactly, so this is a count budget, not a byte budget; no size column anywhere in the paper. Averages over 3 runs"
3dgs_mcmc_kheradmand_neurips2024,2404.09591,Table 1,7,main,3DGS (random init),3DGS,Deep Blending,average,29.55,0.9,0.33,,,,,,,,,"3DGS-MCMC caps the Gaussian count and matches it to the 3DGS count exactly, so this is a count budget, not a byte budget; no size column anywhere in the paper. Averages over 3 runs"
3dgs_mcmc_kheradmand_neurips2024,2404.09591,Table 1,7,main,3DGS (random init),3DGS,OMMO,average,28.24,0.88,0.24,,,,,,,,,"3DGS-MCMC caps the Gaussian count and matches it to the 3DGS count exactly, so this is a count budget, not a byte budget; no size column anywhere in the paper. Averages over 3 runs"
3dgs_mcmc_kheradmand_neurips2024,2404.09591,Table 1,7,main,3DGS-MCMC (random init),3DGS-MCMC,NeRF Synthetic,average,33.8,0.97,0.04,,,,,,,,,"3DGS-MCMC caps the Gaussian count and matches it to the 3DGS count exactly, so this is a count budget, not a byte budget; no size column anywhere in the paper. Averages over 3 runs"
3dgs_mcmc_kheradmand_neurips2024,2404.09591,Table 1,7,main,3DGS-MCMC (random init),3DGS-MCMC,Mip-NeRF 360,average,29.72,0.89,0.19,,,,,,,,,"3DGS-MCMC caps the Gaussian count and matches it to the 3DGS count exactly, so this is a count budget, not a byte budget; no size column anywhere in the paper. Averages over 3 runs"
3dgs_mcmc_kheradmand_neurips2024,2404.09591,Table 1,7,main,3DGS-MCMC (random init),3DGS-MCMC,Tanks and Temples,average,24.21,0.86,0.19,,,,,,,,,"3DGS-MCMC caps the Gaussian count and matches it to the 3DGS count exactly, so this is a count budget, not a byte budget; no size column anywhere in the paper. Averages over 3 runs"
3dgs_mcmc_kheradmand_neurips2024,2404.09591,Table 1,7,main,3DGS-MCMC (random init),3DGS-MCMC,Deep Blending,average,29.71,0.9,0.32,,,,,,,,,"3DGS-MCMC caps the Gaussian count and matches it to the 3DGS count exactly, so this is a count budget, not a byte budget; no size column anywhere in the paper. Averages over 3 runs"
3dgs_mcmc_kheradmand_neurips2024,2404.09591,Table 1,7,main,3DGS-MCMC (random init),3DGS-MCMC,OMMO,average,29.31,0.9,0.2,,,,,,,,,"3DGS-MCMC caps the Gaussian count and matches it to the 3DGS count exactly, so this is a count budget, not a byte budget; no size column anywhere in the paper. Averages over 3 runs"
3dgs_mcmc_kheradmand_neurips2024,2404.09591,Table 1,7,main,3DGS (SfM init),3DGS,Mip-NeRF 360,average,29.3,0.88,0.21,,,,,,,,,"3DGS-MCMC caps the Gaussian count and matches it to the 3DGS count exactly, so this is a count budget, not a byte budget; no size column anywhere in the paper. Averages over 3 runs"
3dgs_mcmc_kheradmand_neurips2024,2404.09591,Table 1,7,main,3DGS (SfM init),3DGS,Tanks and Temples,average,23.67,0.84,0.22,,,,,,,,,"3DGS-MCMC caps the Gaussian count and matches it to the 3DGS count exactly, so this is a count budget, not a byte budget; no size column anywhere in the paper. Averages over 3 runs"
3dgs_mcmc_kheradmand_neurips2024,2404.09591,Table 1,7,main,3DGS (SfM init),3DGS,Deep Blending,average,29.64,0.9,0.32,,,,,,,,,"3DGS-MCMC caps the Gaussian count and matches it to the 3DGS count exactly, so this is a count budget, not a byte budget; no size column anywhere in the paper. Averages over 3 runs"
3dgs_mcmc_kheradmand_neurips2024,2404.09591,Table 1,7,main,3DGS (SfM init),3DGS,OMMO,average,28.83,0.89,0.22,,,,,,,,,"3DGS-MCMC caps the Gaussian count and matches it to the 3DGS count exactly, so this is a count budget, not a byte budget; no size column anywhere in the paper. Averages over 3 runs"
3dgs_mcmc_kheradmand_neurips2024,2404.09591,Table 1,7,main,3DGS-MCMC (SfM init),3DGS-MCMC,Mip-NeRF 360,average,29.89,0.9,0.19,,,,,,,,,"3DGS-MCMC caps the Gaussian count and matches it to the 3DGS count exactly, so this is a count budget, not a byte budget; no size column anywhere in the paper. Averages over 3 runs"
3dgs_mcmc_kheradmand_neurips2024,2404.09591,Table 1,7,main,3DGS-MCMC (SfM init),3DGS-MCMC,Tanks and Temples,average,24.29,0.86,0.19,,,,,,,,,"3DGS-MCMC caps the Gaussian count and matches it to the 3DGS count exactly, so this is a count budget, not a byte budget; no size column anywhere in the paper. Averages over 3 runs"
3dgs_mcmc_kheradmand_neurips2024,2404.09591,Table 1,7,main,3DGS-MCMC (SfM init),3DGS-MCMC,Deep Blending,average,29.67,0.89,0.32,,,,,,,,,"3DGS-MCMC caps the Gaussian count and matches it to the 3DGS count exactly, so this is a count budget, not a byte budget; no size column anywhere in the paper. Averages over 3 runs"
3dgs_mcmc_kheradmand_neurips2024,2404.09591,Table 1,7,main,3DGS-MCMC (SfM init),3DGS-MCMC,OMMO,average,29.52,0.91,0.2,,,,,,,,,"3DGS-MCMC caps the Gaussian count and matches it to the 3DGS count exactly, so this is a count budget, not a byte budget; no size column anywhere in the paper. Averages over 3 runs"
3dgs_mcmc_kheradmand_neurips2024,2404.09591,Table 2,9,ablation,3DGS (3x camera extent init),3DGS,Mip-NeRF 360,average,27.89,0.84,0.26,,,,,,,,,"random initialization, 3x the camera extent"
3dgs_mcmc_kheradmand_neurips2024,2404.09591,Table 2,9,ablation,3DGS (1x camera extent init),3DGS,Mip-NeRF 360,average,22.72,0.75,0.34,,,,,,,,,"random initialization, 1x the camera extent"
3dgs_mcmc_kheradmand_neurips2024,2404.09591,Table 2,9,ablation,3DGS-MCMC (3x camera extent init),3DGS-MCMC,Mip-NeRF 360,average,29.72,0.89,0.19,,,,,,,,,"random initialization, 3x the camera extent"
3dgs_mcmc_kheradmand_neurips2024,2404.09591,Table 2,9,ablation,3DGS-MCMC (1x camera extent init),3DGS-MCMC,Mip-NeRF 360,average,29.64,0.89,0.19,,,,,,,,,"random initialization, 1x the camera extent"
3dgs_mcmc_kheradmand_neurips2024,2404.09591,Table 3,9,ablation,3DGS,3DGS,Mip-NeRF 360,average,27.89,0.84,0.26,,,,,,,,,"column labels are not fully recoverable from the PDF text layer; the variant names here follow the surrounding prose, so treat the middle four labels as inferred"
3dgs_mcmc_kheradmand_neurips2024,2404.09591,Table 3,9,ablation,3DGS + our regularizers,3DGS,Mip-NeRF 360,average,23.84,0.77,0.33,,,,,,,,,"column labels are not fully recoverable from the PDF text layer; the variant names here follow the surrounding prose, so treat the middle four labels as inferred"
3dgs_mcmc_kheradmand_neurips2024,2404.09591,Table 3,9,ablation,3DGS-MCMC w/o noise,3DGS-MCMC,Mip-NeRF 360,average,23.9,0.67,0.42,,,,,,,,,"column labels are not fully recoverable from the PDF text layer; the variant names here follow the surrounding prose, so treat the middle four labels as inferred"
3dgs_mcmc_kheradmand_neurips2024,2404.09591,Table 3,9,ablation,3DGS-MCMC w/o opacity regularizer,3DGS-MCMC,Mip-NeRF 360,average,27.41,0.83,0.26,,,,,,,,,"column labels are not fully recoverable from the PDF text layer; the variant names here follow the surrounding prose, so treat the middle four labels as inferred"
3dgs_mcmc_kheradmand_neurips2024,2404.09591,Table 3,9,ablation,3DGS-MCMC w/o scale regularizer,3DGS-MCMC,Mip-NeRF 360,average,29.11,0.86,0.24,,,,,,,,,"column labels are not fully recoverable from the PDF text layer; the variant names here follow the surrounding prose, so treat the middle four labels as inferred"
3dgs_mcmc_kheradmand_neurips2024,2404.09591,Table 3,9,ablation,3DGS-MCMC (full),3DGS-MCMC,Mip-NeRF 360,average,29.72,0.89,0.19,,,,,,,,,"column labels are not fully recoverable from the PDF text layer; the variant names here follow the surrounding prose, so treat the middle four labels as inferred"
3dgs_mcmc_kheradmand_neurips2024,2404.09591,Table 5,15,supplement,3DGS (random init),3DGS,NeRF Synthetic,mic,35.35,0.99,0.01,,,,,,,,,"3DGS-MCMC caps the Gaussian count and matches it to the 3DGS count exactly, so this is a count budget, not a byte budget; no size column anywhere in the paper. Averages over 3 runs; SfM initialization is not run on NeRF Synthetic, which has no COLMAP point clouds"
3dgs_mcmc_kheradmand_neurips2024,2404.09591,Table 5,15,supplement,3DGS-MCMC (random init),3DGS-MCMC,NeRF Synthetic,mic,37.29,0.99,0.01,,,,,,,,,"3DGS-MCMC caps the Gaussian count and matches it to the 3DGS count exactly, so this is a count budget, not a byte budget; no size column anywhere in the paper. Averages over 3 runs; SfM initialization is not run on NeRF Synthetic, which has no COLMAP point clouds"
3dgs_mcmc_kheradmand_neurips2024,2404.09591,Table 5,15,supplement,3DGS (random init),3DGS,NeRF Synthetic,ship,30.93,0.9,0.13,,,,,,,,,"3DGS-MCMC caps the Gaussian count and matches it to the 3DGS count exactly, so this is a count budget, not a byte budget; no size column anywhere in the paper. Averages over 3 runs; SfM initialization is not run on NeRF Synthetic, which has no COLMAP point clouds"
3dgs_mcmc_kheradmand_neurips2024,2404.09591,Table 5,15,supplement,3DGS-MCMC (random init),3DGS-MCMC,NeRF Synthetic,ship,30.82,0.91,0.12,,,,,,,,,"3DGS-MCMC caps the Gaussian count and matches it to the 3DGS count exactly, so this is a count budget, not a byte budget; no size column anywhere in the paper. Averages over 3 runs; SfM initialization is not run on NeRF Synthetic, which has no COLMAP point clouds"
3dgs_mcmc_kheradmand_neurips2024,2404.09591,Table 5,15,supplement,3DGS (random init),3DGS,NeRF Synthetic,lego,35.84,0.98,0.02,,,,,,,,,"3DGS-MCMC caps the Gaussian count and matches it to the 3DGS count exactly, so this is a count budget, not a byte budget; no size column anywhere in the paper. Averages over 3 runs; SfM initialization is not run on NeRF Synthetic, which has no COLMAP point clouds"
3dgs_mcmc_kheradmand_neurips2024,2404.09591,Table 5,15,supplement,3DGS-MCMC (random init),3DGS-MCMC,NeRF Synthetic,lego,36.01,0.98,0.02,,,,,,,,,"3DGS-MCMC caps the Gaussian count and matches it to the 3DGS count exactly, so this is a count budget, not a byte budget; no size column anywhere in the paper. Averages over 3 runs; SfM initialization is not run on NeRF Synthetic, which has no COLMAP point clouds"
3dgs_mcmc_kheradmand_neurips2024,2404.09591,Table 5,15,supplement,3DGS (random init),3DGS,NeRF Synthetic,chair,36.17,0.99,0.02,,,,,,,,,"3DGS-MCMC caps the Gaussian count and matches it to the 3DGS count exactly, so this is a count budget, not a byte budget; no size column anywhere in the paper. Averages over 3 runs; SfM initialization is not run on NeRF Synthetic, which has no COLMAP point clouds"
3dgs_mcmc_kheradmand_neurips2024,2404.09591,Table 5,15,supplement,3DGS-MCMC (random init),3DGS-MCMC,NeRF Synthetic,chair,36.51,0.99,0.02,,,,,,,,,"3DGS-MCMC caps the Gaussian count and matches it to the 3DGS count exactly, so this is a count budget, not a byte budget; no size column anywhere in the paper. Averages over 3 runs; SfM initialization is not run on NeRF Synthetic, which has no COLMAP point clouds"
3dgs_mcmc_kheradmand_neurips2024,2404.09591,Table 5,15,supplement,3DGS (random init),3DGS,NeRF Synthetic,materials,30.0,0.96,0.04,,,,,,,,,"3DGS-MCMC caps the Gaussian count and matches it to the 3DGS count exactly, so this is a count budget, not a byte budget; no size column anywhere in the paper. Averages over 3 runs; SfM initialization is not run on NeRF Synthetic, which has no COLMAP point clouds"
3dgs_mcmc_kheradmand_neurips2024,2404.09591,Table 5,15,supplement,3DGS-MCMC (random init),3DGS-MCMC,NeRF Synthetic,materials,30.59,0.96,0.04,,,,,,,,,"3DGS-MCMC caps the Gaussian count and matches it to the 3DGS count exactly, so this is a count budget, not a byte budget; no size column anywhere in the paper. Averages over 3 runs; SfM initialization is not run on NeRF Synthetic, which has no COLMAP point clouds"
3dgs_mcmc_kheradmand_neurips2024,2404.09591,Table 5,15,supplement,3DGS (random init),3DGS,NeRF Synthetic,hotdog,37.83,0.99,0.03,,,,,,,,,"3DGS-MCMC caps the Gaussian count and matches it to the 3DGS count exactly, so this is a count budget, not a byte budget; no size column anywhere in the paper. Averages over 3 runs; SfM initialization is not run on NeRF Synthetic, which has no COLMAP point clouds"
3dgs_mcmc_kheradmand_neurips2024,2404.09591,Table 5,15,supplement,3DGS-MCMC (random init),3DGS-MCMC,NeRF Synthetic,hotdog,37.82,0.99,0.02,,,,,,,,,"3DGS-MCMC caps the Gaussian count and matches it to the 3DGS count exactly, so this is a count budget, not a byte budget; no size column anywhere in the paper. Averages over 3 runs; SfM initialization is not run on NeRF Synthetic, which has no COLMAP point clouds"
3dgs_mcmc_kheradmand_neurips2024,2404.09591,Table 5,15,supplement,3DGS (random init),3DGS,NeRF Synthetic,drums,26.22,0.95,0.04,,,,,,,,,"3DGS-MCMC caps the Gaussian count and matches it to the 3DGS count exactly, so this is a count budget, not a byte budget; no size column anywhere in the paper. Averages over 3 runs; SfM initialization is not run on NeRF Synthetic, which has no COLMAP point clouds"
3dgs_mcmc_kheradmand_neurips2024,2404.09591,Table 5,15,supplement,3DGS-MCMC (random init),3DGS-MCMC,NeRF Synthetic,drums,26.29,0.95,0.04,,,,,,,,,"3DGS-MCMC caps the Gaussian count and matches it to the 3DGS count exactly, so this is a count budget, not a byte budget; no size column anywhere in the paper. Averages over 3 runs; SfM initialization is not run on NeRF Synthetic, which has no COLMAP point clouds"
3dgs_mcmc_kheradmand_neurips2024,2404.09591,Table 5,15,supplement,3DGS (random init),3DGS,NeRF Synthetic,ficus,35.01,0.99,0.01,,,,,,,,,"3DGS-MCMC caps the Gaussian count and matches it to the 3DGS count exactly, so this is a count budget, not a byte budget; no size column anywhere in the paper. Averages over 3 runs; SfM initialization is not run on NeRF Synthetic, which has no COLMAP point clouds"
3dgs_mcmc_kheradmand_neurips2024,2404.09591,Table 5,15,supplement,3DGS-MCMC (random init),3DGS-MCMC,NeRF Synthetic,ficus,35.07,0.99,0.01,,,,,,,,,"3DGS-MCMC caps the Gaussian count and matches it to the 3DGS count exactly, so this is a count budget, not a byte budget; no size column anywhere in the paper. Averages over 3 runs; SfM initialization is not run on NeRF Synthetic, which has no COLMAP point clouds"
3dgs_mcmc_kheradmand_neurips2024,2404.09591,Table 5,15,supplement,3DGS (random init),3DGS,NeRF Synthetic,average,33.42,0.97,0.04,,,,,,,,,"3DGS-MCMC caps the Gaussian count and matches it to the 3DGS count exactly, so this is a count budget, not a byte budget; no size column anywhere in the paper. Averages over 3 runs; SfM initialization is not run on NeRF Synthetic, which has no COLMAP point clouds"
3dgs_mcmc_kheradmand_neurips2024,2404.09591,Table 5,15,supplement,3DGS-MCMC (random init),3DGS-MCMC,NeRF Synthetic,average,33.8,0.97,0.04,,,,,,,,,"3DGS-MCMC caps the Gaussian count and matches it to the 3DGS count exactly, so this is a count budget, not a byte budget; no size column anywhere in the paper. Averages over 3 runs; SfM initialization is not run on NeRF Synthetic, which has no COLMAP point clouds"
3dgs_mcmc_kheradmand_neurips2024,2404.09591,Table 5,15,supplement,3DGS (random init),3DGS,Mip-NeRF 360,counter,28.09,0.88,0.3,,,,,,,,,"3DGS-MCMC caps the Gaussian count and matches it to the 3DGS count exactly, so this is a count budget, not a byte budget; no size column anywhere in the paper. Averages over 3 runs; SfM initialization is not run on NeRF Synthetic, which has no COLMAP point clouds"
3dgs_mcmc_kheradmand_neurips2024,2404.09591,Table 5,15,supplement,3DGS (SfM init),3DGS,Mip-NeRF 360,counter,29.12,0.91,0.24,,,,,,,,,"3DGS-MCMC caps the Gaussian count and matches it to the 3DGS count exactly, so this is a count budget, not a byte budget; no size column anywhere in the paper. Averages over 3 runs; SfM initialization is not run on NeRF Synthetic, which has no COLMAP point clouds"
3dgs_mcmc_kheradmand_neurips2024,2404.09591,Table 5,15,supplement,3DGS-MCMC (random init),3DGS-MCMC,Mip-NeRF 360,counter,29.16,0.92,0.23,,,,,,,,,"3DGS-MCMC caps the Gaussian count and matches it to the 3DGS count exactly, so this is a count budget, not a byte budget; no size column anywhere in the paper. Averages over 3 runs; SfM initialization is not run on NeRF Synthetic, which has no COLMAP point clouds"
3dgs_mcmc_kheradmand_neurips2024,2404.09591,Table 5,15,supplement,3DGS-MCMC (SfM init),3DGS-MCMC,Mip-NeRF 360,counter,29.51,0.92,0.22,,,,,,,,,"3DGS-MCMC caps the Gaussian count and matches it to the 3DGS count exactly, so this is a count budget, not a byte budget; no size column anywhere in the paper. Averages over 3 runs; SfM initialization is not run on NeRF Synthetic, which has no COLMAP point clouds"
3dgs_mcmc_kheradmand_neurips2024,2404.09591,Table 5,15,supplement,3DGS (random init),3DGS,Mip-NeRF 360,stump,23.91,0.68,0.33,,,,,,,,,"3DGS-MCMC caps the Gaussian count and matches it to the 3DGS count exactly, so this is a count budget, not a byte budget; no size column anywhere in the paper. Averages over 3 runs; SfM initialization is not run on NeRF Synthetic, which has no COLMAP point clouds"
3dgs_mcmc_kheradmand_neurips2024,2404.09591,Table 5,15,supplement,3DGS (SfM init),3DGS,Mip-NeRF 360,stump,26.99,0.78,0.24,,,,,,,,,"3DGS-MCMC caps the Gaussian count and matches it to the 3DGS count exactly, so this is a count budget, not a byte budget; no size column anywhere in the paper. Averages over 3 runs; SfM initialization is not run on NeRF Synthetic, which has no COLMAP point clouds"
3dgs_mcmc_kheradmand_neurips2024,2404.09591,Table 5,15,supplement,3DGS-MCMC (random init),3DGS-MCMC,Mip-NeRF 360,stump,27.67,0.82,0.2,,,,,,,,,"3DGS-MCMC caps the Gaussian count and matches it to the 3DGS count exactly, so this is a count budget, not a byte budget; no size column anywhere in the paper. Averages over 3 runs; SfM initialization is not run on NeRF Synthetic, which has no COLMAP point clouds"
3dgs_mcmc_kheradmand_neurips2024,2404.09591,Table 5,15,supplement,3DGS-MCMC (SfM init),3DGS-MCMC,Mip-NeRF 360,stump,27.8,0.82,0.19,,,,,,,,,"3DGS-MCMC caps the Gaussian count and matches it to the 3DGS count exactly, so this is a count budget, not a byte budget; no size column anywhere in the paper. Averages over 3 runs; SfM initialization is not run on NeRF Synthetic, which has no COLMAP point clouds"
3dgs_mcmc_kheradmand_neurips2024,2404.09591,Table 5,15,supplement,3DGS (random init),3DGS,Mip-NeRF 360,kitchen,30.54,0.92,0.16,,,,,,,,,"3DGS-MCMC caps the Gaussian count and matches it to the 3DGS count exactly, so this is a count budget, not a byte budget; no size column anywhere in the paper. Averages over 3 runs; SfM initialization is not run on NeRF Synthetic, which has no COLMAP point clouds"
3dgs_mcmc_kheradmand_neurips2024,2404.09591,Table 5,15,supplement,3DGS (SfM init),3DGS,Mip-NeRF 360,kitchen,31.58,0.93,0.14,,,,,,,,,"3DGS-MCMC caps the Gaussian count and matches it to the 3DGS count exactly, so this is a count budget, not a byte budget; no size column anywhere in the paper. Averages over 3 runs; SfM initialization is not run on NeRF Synthetic, which has no COLMAP point clouds"
3dgs_mcmc_kheradmand_neurips2024,2404.09591,Table 5,15,supplement,3DGS-MCMC (random init),3DGS-MCMC,Mip-NeRF 360,kitchen,32.23,0.94,0.14,,,,,,,,,"3DGS-MCMC caps the Gaussian count and matches it to the 3DGS count exactly, so this is a count budget, not a byte budget; no size column anywhere in the paper. Averages over 3 runs; SfM initialization is not run on NeRF Synthetic, which has no COLMAP point clouds"
3dgs_mcmc_kheradmand_neurips2024,2404.09591,Table 5,15,supplement,3DGS-MCMC (SfM init),3DGS-MCMC,Mip-NeRF 360,kitchen,32.27,0.94,0.14,,,,,,,,,"3DGS-MCMC caps the Gaussian count and matches it to the 3DGS count exactly, so this is a count budget, not a byte budget; no size column anywhere in the paper. Averages over 3 runs; SfM initialization is not run on NeRF Synthetic, which has no COLMAP point clouds"
3dgs_mcmc_kheradmand_neurips2024,2404.09591,Table 5,15,supplement,3DGS (random init),3DGS,Mip-NeRF 360,bicycle,24.57,0.7,0.33,,,,,,,,,"3DGS-MCMC caps the Gaussian count and matches it to the 3DGS count exactly, so this is a count budget, not a byte budget; no size column anywhere in the paper. Averages over 3 runs; SfM initialization is not run on NeRF Synthetic, which has no COLMAP point clouds"
3dgs_mcmc_kheradmand_neurips2024,2404.09591,Table 5,15,supplement,3DGS (SfM init),3DGS,Mip-NeRF 360,bicycle,25.64,0.78,0.23,,,,,,,,,"3DGS-MCMC caps the Gaussian count and matches it to the 3DGS count exactly, so this is a count budget, not a byte budget; no size column anywhere in the paper. Averages over 3 runs; SfM initialization is not run on NeRF Synthetic, which has no COLMAP point clouds"
3dgs_mcmc_kheradmand_neurips2024,2404.09591,Table 5,15,supplement,3DGS-MCMC (random init),3DGS-MCMC,Mip-NeRF 360,bicycle,26.06,0.81,0.19,,,,,,,,,"3DGS-MCMC caps the Gaussian count and matches it to the 3DGS count exactly, so this is a count budget, not a byte budget; no size column anywhere in the paper. Averages over 3 runs; SfM initialization is not run on NeRF Synthetic, which has no COLMAP point clouds"
3dgs_mcmc_kheradmand_neurips2024,2404.09591,Table 5,15,supplement,3DGS-MCMC (SfM init),3DGS-MCMC,Mip-NeRF 360,bicycle,26.15,0.81,0.18,,,,,,,,,"3DGS-MCMC caps the Gaussian count and matches it to the 3DGS count exactly, so this is a count budget, not a byte budget; no size column anywhere in the paper. Averages over 3 runs; SfM initialization is not run on NeRF Synthetic, which has no COLMAP point clouds"
3dgs_mcmc_kheradmand_neurips2024,2404.09591,Table 5,15,supplement,3DGS (random init),3DGS,Mip-NeRF 360,bonsai,30.94,0.93,0.26,,,,,,,,,"3DGS-MCMC caps the Gaussian count and matches it to the 3DGS count exactly, so this is a count budget, not a byte budget; no size column anywhere in the paper. Averages over 3 runs; SfM initialization is not run on NeRF Synthetic, which has no COLMAP point clouds"
3dgs_mcmc_kheradmand_neurips2024,2404.09591,Table 5,15,supplement,3DGS (SfM init),3DGS,Mip-NeRF 360,bonsai,32.32,0.95,0.24,,,,,,,,,"3DGS-MCMC caps the Gaussian count and matches it to the 3DGS count exactly, so this is a count budget, not a byte budget; no size column anywhere in the paper. Averages over 3 runs; SfM initialization is not run on NeRF Synthetic, which has no COLMAP point clouds"
3dgs_mcmc_kheradmand_neurips2024,2404.09591,Table 5,15,supplement,3DGS-MCMC (random init),3DGS-MCMC,Mip-NeRF 360,bonsai,32.67,0.95,0.23,,,,,,,,,"3DGS-MCMC caps the Gaussian count and matches it to the 3DGS count exactly, so this is a count budget, not a byte budget; no size column anywhere in the paper. Averages over 3 runs; SfM initialization is not run on NeRF Synthetic, which has no COLMAP point clouds"
3dgs_mcmc_kheradmand_neurips2024,2404.09591,Table 5,15,supplement,3DGS-MCMC (SfM init),3DGS-MCMC,Mip-NeRF 360,bonsai,32.88,0.95,0.22,,,,,,,,,"3DGS-MCMC caps the Gaussian count and matches it to the 3DGS count exactly, so this is a count budget, not a byte budget; no size column anywhere in the paper. Averages over 3 runs; SfM initialization is not run on NeRF Synthetic, which has no COLMAP point clouds"
3dgs_mcmc_kheradmand_neurips2024,2404.09591,Table 5,15,supplement,3DGS (random init),3DGS,Mip-NeRF 360,room,30.04,0.9,0.32,,,,,,,,,"3DGS-MCMC caps the Gaussian count and matches it to the 3DGS count exactly, so this is a count budget, not a byte budget; no size column anywhere in the paper. Averages over 3 runs; SfM initialization is not run on NeRF Synthetic, which has no COLMAP point clouds"
3dgs_mcmc_kheradmand_neurips2024,2404.09591,Table 5,15,supplement,3DGS (SfM init),3DGS,Mip-NeRF 360,room,31.7,0.93,0.27,,,,,,,,,"3DGS-MCMC caps the Gaussian count and matches it to the 3DGS count exactly, so this is a count budget, not a byte budget; no size column anywhere in the paper. Averages over 3 runs; SfM initialization is not run on NeRF Synthetic, which has no COLMAP point clouds"
3dgs_mcmc_kheradmand_neurips2024,2404.09591,Table 5,15,supplement,3DGS-MCMC (random init),3DGS-MCMC,Mip-NeRF 360,room,32.3,0.94,0.25,,,,,,,,,"3DGS-MCMC caps the Gaussian count and matches it to the 3DGS count exactly, so this is a count budget, not a byte budget; no size column anywhere in the paper. Averages over 3 runs; SfM initialization is not run on NeRF Synthetic, which has no COLMAP point clouds"
3dgs_mcmc_kheradmand_neurips2024,2404.09591,Table 5,15,supplement,3DGS-MCMC (SfM init),3DGS-MCMC,Mip-NeRF 360,room,32.48,0.94,0.25,,,,,,,,,"3DGS-MCMC caps the Gaussian count and matches it to the 3DGS count exactly, so this is a count budget, not a byte budget; no size column anywhere in the paper. Averages over 3 runs; SfM initialization is not run on NeRF Synthetic, which has no COLMAP point clouds"
3dgs_mcmc_kheradmand_neurips2024,2404.09591,Table 5,15,supplement,3DGS (random init),3DGS,Mip-NeRF 360,garden,27.16,0.86,0.14,,,,,,,,,"3DGS-MCMC caps the Gaussian count and matches it to the 3DGS count exactly, so this is a count budget, not a byte budget; no size column anywhere in the paper. Averages over 3 runs; SfM initialization is not run on NeRF Synthetic, which has no COLMAP point clouds"
3dgs_mcmc_kheradmand_neurips2024,2404.09591,Table 5,15,supplement,3DGS (SfM init),3DGS,Mip-NeRF 360,garden,27.73,0.87,0.12,,,,,,,,,"3DGS-MCMC caps the Gaussian count and matches it to the 3DGS count exactly, so this is a count budget, not a byte budget; no size column anywhere in the paper. Averages over 3 runs; SfM initialization is not run on NeRF Synthetic, which has no COLMAP point clouds"
3dgs_mcmc_kheradmand_neurips2024,2404.09591,Table 5,15,supplement,3DGS-MCMC (random init),3DGS-MCMC,Mip-NeRF 360,garden,27.99,0.88,0.11,,,,,,,,,"3DGS-MCMC caps the Gaussian count and matches it to the 3DGS count exactly, so this is a count budget, not a byte budget; no size column anywhere in the paper. Averages over 3 runs; SfM initialization is not run on NeRF Synthetic, which has no COLMAP point clouds"
3dgs_mcmc_kheradmand_neurips2024,2404.09591,Table 5,15,supplement,3DGS-MCMC (SfM init),3DGS-MCMC,Mip-NeRF 360,garden,28.16,0.89,0.1,,,,,,,,,"3DGS-MCMC caps the Gaussian count and matches it to the 3DGS count exactly, so this is a count budget, not a byte budget; no size column anywhere in the paper. Averages over 3 runs; SfM initialization is not run on NeRF Synthetic, which has no COLMAP point clouds"
3dgs_mcmc_kheradmand_neurips2024,2404.09591,Table 5,15,supplement,3DGS (random init),3DGS,Mip-NeRF 360,average,27.89,0.84,0.26,,,,,,,,,"3DGS-MCMC caps the Gaussian count and matches it to the 3DGS count exactly, so this is a count budget, not a byte budget; no size column anywhere in the paper. Averages over 3 runs; SfM initialization is not run on NeRF Synthetic, which has no COLMAP point clouds"
3dgs_mcmc_kheradmand_neurips2024,2404.09591,Table 5,15,supplement,3DGS (SfM init),3DGS,Mip-NeRF 360,average,29.3,0.88,0.21,,,,,,,,,"3DGS-MCMC caps the Gaussian count and matches it to the 3DGS count exactly, so this is a count budget, not a byte budget; no size column anywhere in the paper. Averages over 3 runs; SfM initialization is not run on NeRF Synthetic, which has no COLMAP point clouds"
3dgs_mcmc_kheradmand_neurips2024,2404.09591,Table 5,15,supplement,3DGS-MCMC (random init),3DGS-MCMC,Mip-NeRF 360,average,29.72,0.89,0.19,,,,,,,,,"3DGS-MCMC caps the Gaussian count and matches it to the 3DGS count exactly, so this is a count budget, not a byte budget; no size column anywhere in the paper. Averages over 3 runs; SfM initialization is not run on NeRF Synthetic, which has no COLMAP point clouds"
3dgs_mcmc_kheradmand_neurips2024,2404.09591,Table 5,15,supplement,3DGS-MCMC (SfM init),3DGS-MCMC,Mip-NeRF 360,average,29.89,0.9,0.19,,,,,,,,,"3DGS-MCMC caps the Gaussian count and matches it to the 3DGS count exactly, so this is a count budget, not a byte budget; no size column anywhere in the paper. Averages over 3 runs; SfM initialization is not run on NeRF Synthetic, which has no COLMAP point clouds"
3dgs_mcmc_kheradmand_neurips2024,2404.09591,Table 5,15,supplement,3DGS (random init),3DGS,Tanks and Temples,train,21.24,0.77,0.3,,,,,,,,,"3DGS-MCMC caps the Gaussian count and matches it to the 3DGS count exactly, so this is a count budget, not a byte budget; no size column anywhere in the paper. Averages over 3 runs; SfM initialization is not run on NeRF Synthetic, which has no COLMAP point clouds"
3dgs_mcmc_kheradmand_neurips2024,2404.09591,Table 5,15,supplement,3DGS (SfM init),3DGS,Tanks and Temples,train,21.94,0.81,0.25,,,,,,,,,"3DGS-MCMC caps the Gaussian count and matches it to the 3DGS count exactly, so this is a count budget, not a byte budget; no size column anywhere in the paper. Averages over 3 runs; SfM initialization is not run on NeRF Synthetic, which has no COLMAP point clouds"
3dgs_mcmc_kheradmand_neurips2024,2404.09591,Table 5,15,supplement,3DGS-MCMC (random init),3DGS-MCMC,Tanks and Temples,train,22.4,0.83,0.24,,,,,,,,,"3DGS-MCMC caps the Gaussian count and matches it to the 3DGS count exactly, so this is a count budget, not a byte budget; no size column anywhere in the paper. Averages over 3 runs; SfM initialization is not run on NeRF Synthetic, which has no COLMAP point clouds"
3dgs_mcmc_kheradmand_neurips2024,2404.09591,Table 5,15,supplement,3DGS-MCMC (SfM init),3DGS-MCMC,Tanks and Temples,train,22.47,0.83,0.24,,,,,,,,,"3DGS-MCMC caps the Gaussian count and matches it to the 3DGS count exactly, so this is a count budget, not a byte budget; no size column anywhere in the paper. Averages over 3 runs; SfM initialization is not run on NeRF Synthetic, which has no COLMAP point clouds"
3dgs_mcmc_kheradmand_neurips2024,2404.09591,Table 5,15,supplement,3DGS (random init),3DGS,Tanks and Temples,truck,22.63,0.82,0.24,,,,,,,,,"3DGS-MCMC caps the Gaussian count and matches it to the 3DGS count exactly, so this is a count budget, not a byte budget; no size column anywhere in the paper. Averages over 3 runs; SfM initialization is not run on NeRF Synthetic, which has no COLMAP point clouds"
3dgs_mcmc_kheradmand_neurips2024,2404.09591,Table 5,15,supplement,3DGS (SfM init),3DGS,Tanks and Temples,truck,25.4,0.88,0.18,,,,,,,,,"3DGS-MCMC caps the Gaussian count and matches it to the 3DGS count exactly, so this is a count budget, not a byte budget; no size column anywhere in the paper. Averages over 3 runs; SfM initialization is not run on NeRF Synthetic, which has no COLMAP point clouds"
3dgs_mcmc_kheradmand_neurips2024,2404.09591,Table 5,15,supplement,3DGS-MCMC (random init),3DGS-MCMC,Tanks and Temples,truck,26.02,0.89,0.14,,,,,,,,,"3DGS-MCMC caps the Gaussian count and matches it to the 3DGS count exactly, so this is a count budget, not a byte budget; no size column anywhere in the paper. Averages over 3 runs; SfM initialization is not run on NeRF Synthetic, which has no COLMAP point clouds"
3dgs_mcmc_kheradmand_neurips2024,2404.09591,Table 5,15,supplement,3DGS-MCMC (SfM init),3DGS-MCMC,Tanks and Temples,truck,26.11,0.89,0.14,,,,,,,,,"3DGS-MCMC caps the Gaussian count and matches it to the 3DGS count exactly, so this is a count budget, not a byte budget; no size column anywhere in the paper. Averages over 3 runs; SfM initialization is not run on NeRF Synthetic, which has no COLMAP point clouds"
3dgs_mcmc_kheradmand_neurips2024,2404.09591,Table 5,15,supplement,3DGS (random init),3DGS,Tanks and Temples,average,21.93,0.8,0.27,,,,,,,,,"3DGS-MCMC caps the Gaussian count and matches it to the 3DGS count exactly, so this is a count budget, not a byte budget; no size column anywhere in the paper. Averages over 3 runs; SfM initialization is not run on NeRF Synthetic, which has no COLMAP point clouds"
3dgs_mcmc_kheradmand_neurips2024,2404.09591,Table 5,15,supplement,3DGS (SfM init),3DGS,Tanks and Temples,average,23.67,0.84,0.22,,,,,,,,,"3DGS-MCMC caps the Gaussian count and matches it to the 3DGS count exactly, so this is a count budget, not a byte budget; no size column anywhere in the paper. Averages over 3 runs; SfM initialization is not run on NeRF Synthetic, which has no COLMAP point clouds"
3dgs_mcmc_kheradmand_neurips2024,2404.09591,Table 5,15,supplement,3DGS-MCMC (random init),3DGS-MCMC,Tanks and Temples,average,24.21,0.86,0.19,,,,,,,,,"3DGS-MCMC caps the Gaussian count and matches it to the 3DGS count exactly, so this is a count budget, not a byte budget; no size column anywhere in the paper. Averages over 3 runs; SfM initialization is not run on NeRF Synthetic, which has no COLMAP point clouds"
3dgs_mcmc_kheradmand_neurips2024,2404.09591,Table 5,15,supplement,3DGS-MCMC (SfM init),3DGS-MCMC,Tanks and Temples,average,24.29,0.86,0.19,,,,,,,,,"3DGS-MCMC caps the Gaussian count and matches it to the 3DGS count exactly, so this is a count budget, not a byte budget; no size column anywhere in the paper. Averages over 3 runs; SfM initialization is not run on NeRF Synthetic, which has no COLMAP point clouds"
3dgs_mcmc_kheradmand_neurips2024,2404.09591,Table 5,15,supplement,3DGS (random init),3DGS,Deep Blending,drjohnson,28.94,0.89,0.34,,,,,,,,,"3DGS-MCMC caps the Gaussian count and matches it to the 3DGS count exactly, so this is a count budget, not a byte budget; no size column anywhere in the paper. Averages over 3 runs; SfM initialization is not run on NeRF Synthetic, which has no COLMAP point clouds"
3dgs_mcmc_kheradmand_neurips2024,2404.09591,Table 5,15,supplement,3DGS (SfM init),3DGS,Deep Blending,drjohnson,29.14,0.9,0.33,,,,,,,,,"3DGS-MCMC caps the Gaussian count and matches it to the 3DGS count exactly, so this is a count budget, not a byte budget; no size column anywhere in the paper. Averages over 3 runs; SfM initialization is not run on NeRF Synthetic, which has no COLMAP point clouds"
3dgs_mcmc_kheradmand_neurips2024,2404.09591,Table 5,15,supplement,3DGS-MCMC (random init),3DGS-MCMC,Deep Blending,drjohnson,29.05,0.89,0.33,,,,,,,,,"3DGS-MCMC caps the Gaussian count and matches it to the 3DGS count exactly, so this is a count budget, not a byte budget; no size column anywhere in the paper. Averages over 3 runs; SfM initialization is not run on NeRF Synthetic, which has no COLMAP point clouds"
3dgs_mcmc_kheradmand_neurips2024,2404.09591,Table 5,15,supplement,3DGS-MCMC (SfM init),3DGS-MCMC,Deep Blending,drjohnson,29.0,0.89,0.33,,,,,,,,,"3DGS-MCMC caps the Gaussian count and matches it to the 3DGS count exactly, so this is a count budget, not a byte budget; no size column anywhere in the paper. Averages over 3 runs; SfM initialization is not run on NeRF Synthetic, which has no COLMAP point clouds"
3dgs_mcmc_kheradmand_neurips2024,2404.09591,Table 5,15,supplement,3DGS (random init),3DGS,Deep Blending,playroom,30.16,0.9,0.32,,,,,,,,,"3DGS-MCMC caps the Gaussian count and matches it to the 3DGS count exactly, so this is a count budget, not a byte budget; no size column anywhere in the paper. Averages over 3 runs; SfM initialization is not run on NeRF Synthetic, which has no COLMAP point clouds"
3dgs_mcmc_kheradmand_neurips2024,2404.09591,Table 5,15,supplement,3DGS (SfM init),3DGS,Deep Blending,playroom,30.15,0.9,0.32,,,,,,,,,"3DGS-MCMC caps the Gaussian count and matches it to the 3DGS count exactly, so this is a count budget, not a byte budget; no size column anywhere in the paper. Averages over 3 runs; SfM initialization is not run on NeRF Synthetic, which has no COLMAP point clouds"
3dgs_mcmc_kheradmand_neurips2024,2404.09591,Table 5,15,supplement,3DGS-MCMC (random init),3DGS-MCMC,Deep Blending,playroom,30.37,0.9,0.31,,,,,,,,,"3DGS-MCMC caps the Gaussian count and matches it to the 3DGS count exactly, so this is a count budget, not a byte budget; no size column anywhere in the paper. Averages over 3 runs; SfM initialization is not run on NeRF Synthetic, which has no COLMAP point clouds"
3dgs_mcmc_kheradmand_neurips2024,2404.09591,Table 5,15,supplement,3DGS-MCMC (SfM init),3DGS-MCMC,Deep Blending,playroom,30.33,0.9,0.31,,,,,,,,,"3DGS-MCMC caps the Gaussian count and matches it to the 3DGS count exactly, so this is a count budget, not a byte budget; no size column anywhere in the paper. Averages over 3 runs; SfM initialization is not run on NeRF Synthetic, which has no COLMAP point clouds"
3dgs_mcmc_kheradmand_neurips2024,2404.09591,Table 5,15,supplement,3DGS (random init),3DGS,Deep Blending,average,29.55,0.9,0.33,,,,,,,,,"3DGS-MCMC caps the Gaussian count and matches it to the 3DGS count exactly, so this is a count budget, not a byte budget; no size column anywhere in the paper. Averages over 3 runs; SfM initialization is not run on NeRF Synthetic, which has no COLMAP point clouds"
3dgs_mcmc_kheradmand_neurips2024,2404.09591,Table 5,15,supplement,3DGS (SfM init),3DGS,Deep Blending,average,29.64,0.9,0.32,,,,,,,,,"3DGS-MCMC caps the Gaussian count and matches it to the 3DGS count exactly, so this is a count budget, not a byte budget; no size column anywhere in the paper. Averages over 3 runs; SfM initialization is not run on NeRF Synthetic, which has no COLMAP point clouds"
3dgs_mcmc_kheradmand_neurips2024,2404.09591,Table 5,15,supplement,3DGS-MCMC (random init),3DGS-MCMC,Deep Blending,average,29.71,0.9,0.32,,,,,,,,,"3DGS-MCMC caps the Gaussian count and matches it to the 3DGS count exactly, so this is a count budget, not a byte budget; no size column anywhere in the paper. Averages over 3 runs; SfM initialization is not run on NeRF Synthetic, which has no COLMAP point clouds"
3dgs_mcmc_kheradmand_neurips2024,2404.09591,Table 5,15,supplement,3DGS-MCMC (SfM init),3DGS-MCMC,Deep Blending,average,29.67,0.89,0.32,,,,,,,,,"3DGS-MCMC caps the Gaussian count and matches it to the 3DGS count exactly, so this is a count budget, not a byte budget; no size column anywhere in the paper. Averages over 3 runs; SfM initialization is not run on NeRF Synthetic, which has no COLMAP point clouds"
3dgs_mcmc_kheradmand_neurips2024,2404.09591,Table 5,15,supplement,3DGS (random init),3DGS,OMMO,01,25.13,0.77,0.27,,,,,,,,,"3DGS-MCMC caps the Gaussian count and matches it to the 3DGS count exactly, so this is a count budget, not a byte budget; no size column anywhere in the paper. Averages over 3 runs; SfM initialization is not run on NeRF Synthetic, which has no COLMAP point clouds"
3dgs_mcmc_kheradmand_neurips2024,2404.09591,Table 5,15,supplement,3DGS (SfM init),3DGS,OMMO,01,25.64,0.79,0.25,,,,,,,,,"3DGS-MCMC caps the Gaussian count and matches it to the 3DGS count exactly, so this is a count budget, not a byte budget; no size column anywhere in the paper. Averages over 3 runs; SfM initialization is not run on NeRF Synthetic, which has no COLMAP point clouds"
3dgs_mcmc_kheradmand_neurips2024,2404.09591,Table 5,15,supplement,3DGS-MCMC (random init),3DGS-MCMC,OMMO,01,25.9,0.8,0.23,,,,,,,,,"3DGS-MCMC caps the Gaussian count and matches it to the 3DGS count exactly, so this is a count budget, not a byte budget; no size column anywhere in the paper. Averages over 3 runs; SfM initialization is not run on NeRF Synthetic, which has no COLMAP point clouds"
3dgs_mcmc_kheradmand_neurips2024,2404.09591,Table 5,15,supplement,3DGS-MCMC (SfM init),3DGS-MCMC,OMMO,01,25.89,0.8,0.22,,,,,,,,,"3DGS-MCMC caps the Gaussian count and matches it to the 3DGS count exactly, so this is a count budget, not a byte budget; no size column anywhere in the paper. Averages over 3 runs; SfM initialization is not run on NeRF Synthetic, which has no COLMAP point clouds"
3dgs_mcmc_kheradmand_neurips2024,2404.09591,Table 5,15,supplement,3DGS (random init),3DGS,OMMO,03,25.61,0.86,0.27,,,,,,,,,"3DGS-MCMC caps the Gaussian count and matches it to the 3DGS count exactly, so this is a count budget, not a byte budget; no size column anywhere in the paper. Averages over 3 runs; SfM initialization is not run on NeRF Synthetic, which has no COLMAP point clouds"
3dgs_mcmc_kheradmand_neurips2024,2404.09591,Table 5,15,supplement,3DGS (SfM init),3DGS,OMMO,03,25.8,0.87,0.26,,,,,,,,,"3DGS-MCMC caps the Gaussian count and matches it to the 3DGS count exactly, so this is a count budget, not a byte budget; no size column anywhere in the paper. Averages over 3 runs; SfM initialization is not run on NeRF Synthetic, which has no COLMAP point clouds"
3dgs_mcmc_kheradmand_neurips2024,2404.09591,Table 5,15,supplement,3DGS-MCMC (random init),3DGS-MCMC,OMMO,03,27.38,0.89,0.22,,,,,,,,,"3DGS-MCMC caps the Gaussian count and matches it to the 3DGS count exactly, so this is a count budget, not a byte budget; no size column anywhere in the paper. Averages over 3 runs; SfM initialization is not run on NeRF Synthetic, which has no COLMAP point clouds"
3dgs_mcmc_kheradmand_neurips2024,2404.09591,Table 5,15,supplement,3DGS-MCMC (SfM init),3DGS-MCMC,OMMO,03,27.62,0.9,0.22,,,,,,,,,"3DGS-MCMC caps the Gaussian count and matches it to the 3DGS count exactly, so this is a count budget, not a byte budget; no size column anywhere in the paper. Averages over 3 runs; SfM initialization is not run on NeRF Synthetic, which has no COLMAP point clouds"
3dgs_mcmc_kheradmand_neurips2024,2404.09591,Table 5,15,supplement,3DGS (random init),3DGS,OMMO,05,27.66,0.86,0.29,,,,,,,,,"3DGS-MCMC caps the Gaussian count and matches it to the 3DGS count exactly, so this is a count budget, not a byte budget; no size column anywhere in the paper. Averages over 3 runs; SfM initialization is not run on NeRF Synthetic, which has no COLMAP point clouds"
3dgs_mcmc_kheradmand_neurips2024,2404.09591,Table 5,15,supplement,3DGS (SfM init),3DGS,OMMO,05,28.37,0.87,0.28,,,,,,,,,"3DGS-MCMC caps the Gaussian count and matches it to the 3DGS count exactly, so this is a count budget, not a byte budget; no size column anywhere in the paper. Averages over 3 runs; SfM initialization is not run on NeRF Synthetic, which has no COLMAP point clouds"
3dgs_mcmc_kheradmand_neurips2024,2404.09591,Table 5,15,supplement,3DGS-MCMC (random init),3DGS-MCMC,OMMO,05,28.81,0.88,0.27,,,,,,,,,"3DGS-MCMC caps the Gaussian count and matches it to the 3DGS count exactly, so this is a count budget, not a byte budget; no size column anywhere in the paper. Averages over 3 runs; SfM initialization is not run on NeRF Synthetic, which has no COLMAP point clouds"
3dgs_mcmc_kheradmand_neurips2024,2404.09591,Table 5,15,supplement,3DGS-MCMC (SfM init),3DGS-MCMC,OMMO,05,28.87,0.88,0.27,,,,,,,,,"3DGS-MCMC caps the Gaussian count and matches it to the 3DGS count exactly, so this is a count budget, not a byte budget; no size column anywhere in the paper. Averages over 3 runs; SfM initialization is not run on NeRF Synthetic, which has no COLMAP point clouds"
3dgs_mcmc_kheradmand_neurips2024,2404.09591,Table 5,15,supplement,3DGS (random init),3DGS,OMMO,06,27.12,0.91,0.25,,,,,,,,,"3DGS-MCMC caps the Gaussian count and matches it to the 3DGS count exactly, so this is a count budget, not a byte budget; no size column anywhere in the paper. Averages over 3 runs; SfM initialization is not run on NeRF Synthetic, which has no COLMAP point clouds"
3dgs_mcmc_kheradmand_neurips2024,2404.09591,Table 5,15,supplement,3DGS (SfM init),3DGS,OMMO,06,26.79,0.91,0.25,,,,,,,,,"3DGS-MCMC caps the Gaussian count and matches it to the 3DGS count exactly, so this is a count budget, not a byte budget; no size column anywhere in the paper. Averages over 3 runs; SfM initialization is not run on NeRF Synthetic, which has no COLMAP point clouds"
3dgs_mcmc_kheradmand_neurips2024,2404.09591,Table 5,15,supplement,3DGS-MCMC (random init),3DGS-MCMC,OMMO,06,27.52,0.94,0.2,,,,,,,,,"3DGS-MCMC caps the Gaussian count and matches it to the 3DGS count exactly, so this is a count budget, not a byte budget; no size column anywhere in the paper. Averages over 3 runs; SfM initialization is not run on NeRF Synthetic, which has no COLMAP point clouds"
3dgs_mcmc_kheradmand_neurips2024,2404.09591,Table 5,15,supplement,3DGS-MCMC (SfM init),3DGS-MCMC,OMMO,06,27.65,0.94,0.19,,,,,,,,,"3DGS-MCMC caps the Gaussian count and matches it to the 3DGS count exactly, so this is a count budget, not a byte budget; no size column anywhere in the paper. Averages over 3 runs; SfM initialization is not run on NeRF Synthetic, which has no COLMAP point clouds"
3dgs_mcmc_kheradmand_neurips2024,2404.09591,Table 5,15,supplement,3DGS (random init),3DGS,OMMO,10,29.64,0.87,0.26,,,,,,,,,"3DGS-MCMC caps the Gaussian count and matches it to the 3DGS count exactly, so this is a count budget, not a byte budget; no size column anywhere in the paper. Averages over 3 runs; SfM initialization is not run on NeRF Synthetic, which has no COLMAP point clouds"
3dgs_mcmc_kheradmand_neurips2024,2404.09591,Table 5,15,supplement,3DGS (SfM init),3DGS,OMMO,10,29.99,0.89,0.23,,,,,,,,,"3DGS-MCMC caps the Gaussian count and matches it to the 3DGS count exactly, so this is a count budget, not a byte budget; no size column anywhere in the paper. Averages over 3 runs; SfM initialization is not run on NeRF Synthetic, which has no COLMAP point clouds"
3dgs_mcmc_kheradmand_neurips2024,2404.09591,Table 5,15,supplement,3DGS-MCMC (random init),3DGS-MCMC,OMMO,10,31.2,0.9,0.22,,,,,,,,,"3DGS-MCMC caps the Gaussian count and matches it to the 3DGS count exactly, so this is a count budget, not a byte budget; no size column anywhere in the paper. Averages over 3 runs; SfM initialization is not run on NeRF Synthetic, which has no COLMAP point clouds"
3dgs_mcmc_kheradmand_neurips2024,2404.09591,Table 5,15,supplement,3DGS-MCMC (SfM init),3DGS-MCMC,OMMO,10,31.51,0.91,0.2,,,,,,,,,"3DGS-MCMC caps the Gaussian count and matches it to the 3DGS count exactly, so this is a count budget, not a byte budget; no size column anywhere in the paper. Averages over 3 runs; SfM initialization is not run on NeRF Synthetic, which has no COLMAP point clouds"
3dgs_mcmc_kheradmand_neurips2024,2404.09591,Table 5,15,supplement,3DGS (random init),3DGS,OMMO,13,31.6,0.92,0.22,,,,,,,,,"3DGS-MCMC caps the Gaussian count and matches it to the 3DGS count exactly, so this is a count budget, not a byte budget; no size column anywhere in the paper. Averages over 3 runs; SfM initialization is not run on NeRF Synthetic, which has no COLMAP point clouds"
3dgs_mcmc_kheradmand_neurips2024,2404.09591,Table 5,15,supplement,3DGS (SfM init),3DGS,OMMO,13,32.75,0.94,0.18,,,,,,,,,"3DGS-MCMC caps the Gaussian count and matches it to the 3DGS count exactly, so this is a count budget, not a byte budget; no size column anywhere in the paper. Averages over 3 runs; SfM initialization is not run on NeRF Synthetic, which has no COLMAP point clouds"
3dgs_mcmc_kheradmand_neurips2024,2404.09591,Table 5,15,supplement,3DGS-MCMC (random init),3DGS-MCMC,OMMO,13,32.65,0.94,0.18,,,,,,,,,"3DGS-MCMC caps the Gaussian count and matches it to the 3DGS count exactly, so this is a count budget, not a byte budget; no size column anywhere in the paper. Averages over 3 runs; SfM initialization is not run on NeRF Synthetic, which has no COLMAP point clouds"
3dgs_mcmc_kheradmand_neurips2024,2404.09591,Table 5,15,supplement,3DGS-MCMC (SfM init),3DGS-MCMC,OMMO,13,33.14,0.95,0.16,,,,,,,,,"3DGS-MCMC caps the Gaussian count and matches it to the 3DGS count exactly, so this is a count budget, not a byte budget; no size column anywhere in the paper. Averages over 3 runs; SfM initialization is not run on NeRF Synthetic, which has no COLMAP point clouds"
3dgs_mcmc_kheradmand_neurips2024,2404.09591,Table 5,15,supplement,3DGS (random init),3DGS,OMMO,14,30.33,0.93,0.19,,,,,,,,,"3DGS-MCMC caps the Gaussian count and matches it to the 3DGS count exactly, so this is a count budget, not a byte budget; no size column anywhere in the paper. Averages over 3 runs; SfM initialization is not run on NeRF Synthetic, which has no COLMAP point clouds"
3dgs_mcmc_kheradmand_neurips2024,2404.09591,Table 5,15,supplement,3DGS (SfM init),3DGS,OMMO,14,30.87,0.94,0.17,,,,,,,,,"3DGS-MCMC caps the Gaussian count and matches it to the 3DGS count exactly, so this is a count budget, not a byte budget; no size column anywhere in the paper. Averages over 3 runs; SfM initialization is not run on NeRF Synthetic, which has no COLMAP point clouds"
3dgs_mcmc_kheradmand_neurips2024,2404.09591,Table 5,15,supplement,3DGS-MCMC (random init),3DGS-MCMC,OMMO,14,31.03,0.94,0.17,,,,,,,,,"3DGS-MCMC caps the Gaussian count and matches it to the 3DGS count exactly, so this is a count budget, not a byte budget; no size column anywhere in the paper. Averages over 3 runs; SfM initialization is not run on NeRF Synthetic, which has no COLMAP point clouds"
3dgs_mcmc_kheradmand_neurips2024,2404.09591,Table 5,15,supplement,3DGS-MCMC (SfM init),3DGS-MCMC,OMMO,14,31.26,0.94,0.16,,,,,,,,,"3DGS-MCMC caps the Gaussian count and matches it to the 3DGS count exactly, so this is a count budget, not a byte budget; no size column anywhere in the paper. Averages over 3 runs; SfM initialization is not run on NeRF Synthetic, which has no COLMAP point clouds"
3dgs_mcmc_kheradmand_neurips2024,2404.09591,Table 5,15,supplement,3DGS (random init),3DGS,OMMO,15,28.79,0.9,0.19,,,,,,,,,"3DGS-MCMC caps the Gaussian count and matches it to the 3DGS count exactly, so this is a count budget, not a byte budget; no size column anywhere in the paper. Averages over 3 runs; SfM initialization is not run on NeRF Synthetic, which has no COLMAP point clouds"
3dgs_mcmc_kheradmand_neurips2024,2404.09591,Table 5,15,supplement,3DGS (SfM init),3DGS,OMMO,15,30.46,0.93,0.16,,,,,,,,,"3DGS-MCMC caps the Gaussian count and matches it to the 3DGS count exactly, so this is a count budget, not a byte budget; no size column anywhere in the paper. Averages over 3 runs; SfM initialization is not run on NeRF Synthetic, which has no COLMAP point clouds"
3dgs_mcmc_kheradmand_neurips2024,2404.09591,Table 5,15,supplement,3DGS-MCMC (random init),3DGS-MCMC,OMMO,15,29.96,0.93,0.16,,,,,,,,,"3DGS-MCMC caps the Gaussian count and matches it to the 3DGS count exactly, so this is a count budget, not a byte budget; no size column anywhere in the paper. Averages over 3 runs; SfM initialization is not run on NeRF Synthetic, which has no COLMAP point clouds"
3dgs_mcmc_kheradmand_neurips2024,2404.09591,Table 5,15,supplement,3DGS-MCMC (SfM init),3DGS-MCMC,OMMO,15,30.25,0.93,0.15,,,,,,,,,"3DGS-MCMC caps the Gaussian count and matches it to the 3DGS count exactly, so this is a count budget, not a byte budget; no size column anywhere in the paper. Averages over 3 runs; SfM initialization is not run on NeRF Synthetic, which has no COLMAP point clouds"
3dgs_mcmc_kheradmand_neurips2024,2404.09591,Table 5,15,supplement,3DGS (random init),3DGS,OMMO,average,28.24,0.88,0.24,,,,,,,,,"3DGS-MCMC caps the Gaussian count and matches it to the 3DGS count exactly, so this is a count budget, not a byte budget; no size column anywhere in the paper. Averages over 3 runs; SfM initialization is not run on NeRF Synthetic, which has no COLMAP point clouds"
3dgs_mcmc_kheradmand_neurips2024,2404.09591,Table 5,15,supplement,3DGS (SfM init),3DGS,OMMO,average,28.83,0.89,0.22,,,,,,,,,"3DGS-MCMC caps the Gaussian count and matches it to the 3DGS count exactly, so this is a count budget, not a byte budget; no size column anywhere in the paper. Averages over 3 runs; SfM initialization is not run on NeRF Synthetic, which has no COLMAP point clouds"
3dgs_mcmc_kheradmand_neurips2024,2404.09591,Table 5,15,supplement,3DGS-MCMC (random init),3DGS-MCMC,OMMO,average,29.31,0.9,0.2,,,,,,,,,"3DGS-MCMC caps the Gaussian count and matches it to the 3DGS count exactly, so this is a count budget, not a byte budget; no size column anywhere in the paper. Averages over 3 runs; SfM initialization is not run on NeRF Synthetic, which has no COLMAP point clouds"
3dgs_mcmc_kheradmand_neurips2024,2404.09591,Table 5,15,supplement,3DGS-MCMC (SfM init),3DGS-MCMC,OMMO,average,29.52,0.91,0.2,,,,,,,,,"3DGS-MCMC caps the Gaussian count and matches it to the 3DGS count exactly, so this is a count budget, not a byte budget; no size column anywhere in the paper. Averages over 3 runs; SfM initialization is not run on NeRF Synthetic, which has no COLMAP point clouds"
scaffold_gs_lu_cvpr2024,2312.00109,Table 1,6,main,3D-GS,3DGS,Mip-NeRF 360,average,28.69,0.87,0.182,,,,,,,,,"Scaffold-GS evaluates Mip-NeRF 360 on SEVEN scenes (bicycle, garden, stump, room, counter, kitchen, bonsai), omitting flowers and treehill. That is why 3D-GS reads 28.69 dB here and 27.21 dB in the 9-scene tables used by HAC, ContextGS and the surveys"
scaffold_gs_lu_cvpr2024,2312.00109,Table 1,6,main,3D-GS,3DGS,Tanks and Temples,average,23.14,0.841,0.183,,,,,,,,,metrics extracted from the respective papers
scaffold_gs_lu_cvpr2024,2312.00109,Table 1,6,main,3D-GS,3DGS,Deep Blending,average,29.41,0.903,0.243,,,,,,,,,metrics extracted from the respective papers
scaffold_gs_lu_cvpr2024,2312.00109,Table 1,6,main,Mip-NeRF 360,NeRF,Mip-NeRF 360,average,29.23,0.844,0.207,,,,,,,,,"Scaffold-GS evaluates Mip-NeRF 360 on SEVEN scenes (bicycle, garden, stump, room, counter, kitchen, bonsai), omitting flowers and treehill. That is why 3D-GS reads 28.69 dB here and 27.21 dB in the 9-scene tables used by HAC, ContextGS and the surveys"
scaffold_gs_lu_cvpr2024,2312.00109,Table 1,6,main,Mip-NeRF 360,NeRF,Tanks and Temples,average,22.22,0.759,0.257,,,,,,,,,metrics extracted from the respective papers
scaffold_gs_lu_cvpr2024,2312.00109,Table 1,6,main,Mip-NeRF 360,NeRF,Deep Blending,average,29.4,0.901,0.245,,,,,,,,,metrics extracted from the respective papers
scaffold_gs_lu_cvpr2024,2312.00109,Table 1,6,main,iNGP,Instant-NGP,Mip-NeRF 360,average,26.43,0.725,0.339,,,,,,,,,"Scaffold-GS evaluates Mip-NeRF 360 on SEVEN scenes (bicycle, garden, stump, room, counter, kitchen, bonsai), omitting flowers and treehill. That is why 3D-GS reads 28.69 dB here and 27.21 dB in the 9-scene tables used by HAC, ContextGS and the surveys"
scaffold_gs_lu_cvpr2024,2312.00109,Table 1,6,main,iNGP,Instant-NGP,Tanks and Temples,average,21.72,0.723,0.33,,,,,,,,,metrics extracted from the respective papers
scaffold_gs_lu_cvpr2024,2312.00109,Table 1,6,main,iNGP,Instant-NGP,Deep Blending,average,23.62,0.797,0.423,,,,,,,,,metrics extracted from the respective papers
scaffold_gs_lu_cvpr2024,2312.00109,Table 1,6,main,Plenoxels,Plenoxels,Mip-NeRF 360,average,23.62,0.67,0.443,,,,,,,,,"Scaffold-GS evaluates Mip-NeRF 360 on SEVEN scenes (bicycle, garden, stump, room, counter, kitchen, bonsai), omitting flowers and treehill. That is why 3D-GS reads 28.69 dB here and 27.21 dB in the 9-scene tables used by HAC, ContextGS and the surveys"
scaffold_gs_lu_cvpr2024,2312.00109,Table 1,6,main,Plenoxels,Plenoxels,Tanks and Temples,average,21.08,0.719,0.379,,,,,,,,,metrics extracted from the respective papers
scaffold_gs_lu_cvpr2024,2312.00109,Table 1,6,main,Plenoxels,Plenoxels,Deep Blending,average,23.06,0.795,0.51,,,,,,,,,metrics extracted from the respective papers
scaffold_gs_lu_cvpr2024,2312.00109,Table 1,6,main,Scaffold-GS,Scaffold-GS,Mip-NeRF 360,average,28.84,0.848,0.22,,,,,,,,,"Scaffold-GS evaluates Mip-NeRF 360 on SEVEN scenes (bicycle, garden, stump, room, counter, kitchen, bonsai), omitting flowers and treehill. That is why 3D-GS reads 28.69 dB here and 27.21 dB in the 9-scene tables used by HAC, ContextGS and the surveys"
scaffold_gs_lu_cvpr2024,2312.00109,Table 1,6,main,Scaffold-GS,Scaffold-GS,Tanks and Temples,average,23.96,0.853,0.177,,,,,,,,,metrics extracted from the respective papers
scaffold_gs_lu_cvpr2024,2312.00109,Table 1,6,main,Scaffold-GS,Scaffold-GS,Deep Blending,average,30.21,0.906,0.254,,,,,,,,,metrics extracted from the respective papers
scaffold_gs_lu_cvpr2024,2312.00109,Table 2,6,main,3D-GS,3DGS,Mip-NeRF 360,average,,,,693,MB,,97,,,,,rendering speed measured on the Scaffold-GS authors' machine
scaffold_gs_lu_cvpr2024,2312.00109,Table 2,6,main,Scaffold-GS,Scaffold-GS,Mip-NeRF 360,average,,,,156,MB,,102,,,,,rendering speed measured on the Scaffold-GS authors' machine
scaffold_gs_lu_cvpr2024,2312.00109,Table 2,6,main,3D-GS,3DGS,Tanks and Temples,average,,,,411,MB,,123,,,,,rendering speed measured on the Scaffold-GS authors' machine
scaffold_gs_lu_cvpr2024,2312.00109,Table 2,6,main,Scaffold-GS,Scaffold-GS,Tanks and Temples,average,,,,87,MB,,110,,,,,rendering speed measured on the Scaffold-GS authors' machine
scaffold_gs_lu_cvpr2024,2312.00109,Table 2,6,main,3D-GS,3DGS,Deep Blending,average,,,,676,MB,,109,,,,,rendering speed measured on the Scaffold-GS authors' machine
scaffold_gs_lu_cvpr2024,2312.00109,Table 2,6,main,Scaffold-GS,Scaffold-GS,Deep Blending,average,,,,66,MB,,139,,,,,rendering speed measured on the Scaffold-GS authors' machine
scaffold_gs_lu_cvpr2024,2312.00109,Tables 6-9,13,supplement,3D-GS,3DGS,Mip-NeRF 360,bicycle,25.25,0.771,0.205,1291,MB,,,,,,,"Scaffold-GS evaluates Mip-NeRF 360 on SEVEN scenes (bicycle, garden, stump, room, counter, kitchen, bonsai), omitting flowers and treehill. That is why 3D-GS reads 28.69 dB here and 27.21 dB in the 9-scene tables used by HAC, ContextGS and the surveys"
scaffold_gs_lu_cvpr2024,2312.00109,Tables 6-9,13,supplement,3D-GS,3DGS,Mip-NeRF 360,garden,27.41,0.868,0.103,1268,MB,,,,,,,"Scaffold-GS evaluates Mip-NeRF 360 on SEVEN scenes (bicycle, garden, stump, room, counter, kitchen, bonsai), omitting flowers and treehill. That is why 3D-GS reads 28.69 dB here and 27.21 dB in the 9-scene tables used by HAC, ContextGS and the surveys"
scaffold_gs_lu_cvpr2024,2312.00109,Tables 6-9,13,supplement,3D-GS,3DGS,Mip-NeRF 360,stump,26.55,0.775,0.21,1034,MB,,,,,,,"Scaffold-GS evaluates Mip-NeRF 360 on SEVEN scenes (bicycle, garden, stump, room, counter, kitchen, bonsai), omitting flowers and treehill. That is why 3D-GS reads 28.69 dB here and 27.21 dB in the 9-scene tables used by HAC, ContextGS and the surveys"
scaffold_gs_lu_cvpr2024,2312.00109,Tables 6-9,13,supplement,3D-GS,3DGS,Mip-NeRF 360,room,30.63,0.914,0.22,327,MB,,,,,,,"Scaffold-GS evaluates Mip-NeRF 360 on SEVEN scenes (bicycle, garden, stump, room, counter, kitchen, bonsai), omitting flowers and treehill. That is why 3D-GS reads 28.69 dB here and 27.21 dB in the 9-scene tables used by HAC, ContextGS and the surveys"
scaffold_gs_lu_cvpr2024,2312.00109,Tables 6-9,13,supplement,3D-GS,3DGS,Mip-NeRF 360,counter,28.7,0.905,0.204,261,MB,,,,,,,"Scaffold-GS evaluates Mip-NeRF 360 on SEVEN scenes (bicycle, garden, stump, room, counter, kitchen, bonsai), omitting flowers and treehill. That is why 3D-GS reads 28.69 dB here and 27.21 dB in the 9-scene tables used by HAC, ContextGS and the surveys"
scaffold_gs_lu_cvpr2024,2312.00109,Tables 6-9,13,supplement,3D-GS,3DGS,Mip-NeRF 360,kitchen,30.32,0.922,0.129,414,MB,,,,,,,"Scaffold-GS evaluates Mip-NeRF 360 on SEVEN scenes (bicycle, garden, stump, room, counter, kitchen, bonsai), omitting flowers and treehill. That is why 3D-GS reads 28.69 dB here and 27.21 dB in the 9-scene tables used by HAC, ContextGS and the surveys"
scaffold_gs_lu_cvpr2024,2312.00109,Tables 6-9,13,supplement,3D-GS,3DGS,Mip-NeRF 360,bonsai,31.98,0.938,0.205,281,MB,,,,,,,"Scaffold-GS evaluates Mip-NeRF 360 on SEVEN scenes (bicycle, garden, stump, room, counter, kitchen, bonsai), omitting flowers and treehill. That is why 3D-GS reads 28.69 dB here and 27.21 dB in the 9-scene tables used by HAC, ContextGS and the surveys"
scaffold_gs_lu_cvpr2024,2312.00109,Tables 6-9,13,supplement,Mip-NeRF 360,NeRF,Mip-NeRF 360,bicycle,24.37,0.685,0.301,,,,,,,,,"Scaffold-GS evaluates Mip-NeRF 360 on SEVEN scenes (bicycle, garden, stump, room, counter, kitchen, bonsai), omitting flowers and treehill. That is why 3D-GS reads 28.69 dB here and 27.21 dB in the 9-scene tables used by HAC, ContextGS and the surveys"
scaffold_gs_lu_cvpr2024,2312.00109,Tables 6-9,13,supplement,Mip-NeRF 360,NeRF,Mip-NeRF 360,garden,26.98,0.813,0.17,,,,,,,,,"Scaffold-GS evaluates Mip-NeRF 360 on SEVEN scenes (bicycle, garden, stump, room, counter, kitchen, bonsai), omitting flowers and treehill. That is why 3D-GS reads 28.69 dB here and 27.21 dB in the 9-scene tables used by HAC, ContextGS and the surveys"
scaffold_gs_lu_cvpr2024,2312.00109,Tables 6-9,13,supplement,Mip-NeRF 360,NeRF,Mip-NeRF 360,stump,26.4,0.744,0.261,,,,,,,,,"Scaffold-GS evaluates Mip-NeRF 360 on SEVEN scenes (bicycle, garden, stump, room, counter, kitchen, bonsai), omitting flowers and treehill. That is why 3D-GS reads 28.69 dB here and 27.21 dB in the 9-scene tables used by HAC, ContextGS and the surveys"
scaffold_gs_lu_cvpr2024,2312.00109,Tables 6-9,13,supplement,Mip-NeRF 360,NeRF,Mip-NeRF 360,room,31.63,0.913,0.211,,,,,,,,,"Scaffold-GS evaluates Mip-NeRF 360 on SEVEN scenes (bicycle, garden, stump, room, counter, kitchen, bonsai), omitting flowers and treehill. That is why 3D-GS reads 28.69 dB here and 27.21 dB in the 9-scene tables used by HAC, ContextGS and the surveys"
scaffold_gs_lu_cvpr2024,2312.00109,Tables 6-9,13,supplement,Mip-NeRF 360,NeRF,Mip-NeRF 360,counter,29.55,0.894,0.204,,,,,,,,,"Scaffold-GS evaluates Mip-NeRF 360 on SEVEN scenes (bicycle, garden, stump, room, counter, kitchen, bonsai), omitting flowers and treehill. That is why 3D-GS reads 28.69 dB here and 27.21 dB in the 9-scene tables used by HAC, ContextGS and the surveys"
scaffold_gs_lu_cvpr2024,2312.00109,Tables 6-9,13,supplement,Mip-NeRF 360,NeRF,Mip-NeRF 360,kitchen,32.23,0.92,0.127,,,,,,,,,"Scaffold-GS evaluates Mip-NeRF 360 on SEVEN scenes (bicycle, garden, stump, room, counter, kitchen, bonsai), omitting flowers and treehill. That is why 3D-GS reads 28.69 dB here and 27.21 dB in the 9-scene tables used by HAC, ContextGS and the surveys"
scaffold_gs_lu_cvpr2024,2312.00109,Tables 6-9,13,supplement,Mip-NeRF 360,NeRF,Mip-NeRF 360,bonsai,33.46,0.941,0.176,,,,,,,,,"Scaffold-GS evaluates Mip-NeRF 360 on SEVEN scenes (bicycle, garden, stump, room, counter, kitchen, bonsai), omitting flowers and treehill. That is why 3D-GS reads 28.69 dB here and 27.21 dB in the 9-scene tables used by HAC, ContextGS and the surveys"
scaffold_gs_lu_cvpr2024,2312.00109,Tables 6-9,13,supplement,iNGP,NeRF,Mip-NeRF 360,bicycle,22.19,0.491,0.487,,,,,,,,,"Scaffold-GS evaluates Mip-NeRF 360 on SEVEN scenes (bicycle, garden, stump, room, counter, kitchen, bonsai), omitting flowers and treehill. That is why 3D-GS reads 28.69 dB here and 27.21 dB in the 9-scene tables used by HAC, ContextGS and the surveys"
scaffold_gs_lu_cvpr2024,2312.00109,Tables 6-9,13,supplement,iNGP,NeRF,Mip-NeRF 360,garden,24.6,0.649,0.312,,,,,,,,,"Scaffold-GS evaluates Mip-NeRF 360 on SEVEN scenes (bicycle, garden, stump, room, counter, kitchen, bonsai), omitting flowers and treehill. That is why 3D-GS reads 28.69 dB here and 27.21 dB in the 9-scene tables used by HAC, ContextGS and the surveys"
scaffold_gs_lu_cvpr2024,2312.00109,Tables 6-9,13,supplement,iNGP,NeRF,Mip-NeRF 360,stump,23.63,0.574,0.45,,,,,,,,,"Scaffold-GS evaluates Mip-NeRF 360 on SEVEN scenes (bicycle, garden, stump, room, counter, kitchen, bonsai), omitting flowers and treehill. That is why 3D-GS reads 28.69 dB here and 27.21 dB in the 9-scene tables used by HAC, ContextGS and the surveys"
scaffold_gs_lu_cvpr2024,2312.00109,Tables 6-9,13,supplement,iNGP,NeRF,Mip-NeRF 360,room,29.27,0.855,0.301,,,,,,,,,"Scaffold-GS evaluates Mip-NeRF 360 on SEVEN scenes (bicycle, garden, stump, room, counter, kitchen, bonsai), omitting flowers and treehill. That is why 3D-GS reads 28.69 dB here and 27.21 dB in the 9-scene tables used by HAC, ContextGS and the surveys"
scaffold_gs_lu_cvpr2024,2312.00109,Tables 6-9,13,supplement,iNGP,NeRF,Mip-NeRF 360,counter,26.44,0.798,0.342,,,,,,,,,"Scaffold-GS evaluates Mip-NeRF 360 on SEVEN scenes (bicycle, garden, stump, room, counter, kitchen, bonsai), omitting flowers and treehill. That is why 3D-GS reads 28.69 dB here and 27.21 dB in the 9-scene tables used by HAC, ContextGS and the surveys"
scaffold_gs_lu_cvpr2024,2312.00109,Tables 6-9,13,supplement,iNGP,NeRF,Mip-NeRF 360,kitchen,28.55,0.818,0.254,,,,,,,,,"Scaffold-GS evaluates Mip-NeRF 360 on SEVEN scenes (bicycle, garden, stump, room, counter, kitchen, bonsai), omitting flowers and treehill. That is why 3D-GS reads 28.69 dB here and 27.21 dB in the 9-scene tables used by HAC, ContextGS and the surveys"
scaffold_gs_lu_cvpr2024,2312.00109,Tables 6-9,13,supplement,iNGP,NeRF,Mip-NeRF 360,bonsai,30.34,0.89,0.227,,,,,,,,,"Scaffold-GS evaluates Mip-NeRF 360 on SEVEN scenes (bicycle, garden, stump, room, counter, kitchen, bonsai), omitting flowers and treehill. That is why 3D-GS reads 28.69 dB here and 27.21 dB in the 9-scene tables used by HAC, ContextGS and the surveys"
scaffold_gs_lu_cvpr2024,2312.00109,Tables 6-9,13,supplement,Plenoxels,NeRF,Mip-NeRF 360,bicycle,21.91,0.496,0.506,,,,,,,,,"Scaffold-GS evaluates Mip-NeRF 360 on SEVEN scenes (bicycle, garden, stump, room, counter, kitchen, bonsai), omitting flowers and treehill. That is why 3D-GS reads 28.69 dB here and 27.21 dB in the 9-scene tables used by HAC, ContextGS and the surveys"
scaffold_gs_lu_cvpr2024,2312.00109,Tables 6-9,13,supplement,Plenoxels,NeRF,Mip-NeRF 360,garden,23.49,0.6063,0.3864,,,,,,,,,"Scaffold-GS evaluates Mip-NeRF 360 on SEVEN scenes (bicycle, garden, stump, room, counter, kitchen, bonsai), omitting flowers and treehill. That is why 3D-GS reads 28.69 dB here and 27.21 dB in the 9-scene tables used by HAC, ContextGS and the surveys"
scaffold_gs_lu_cvpr2024,2312.00109,Tables 6-9,13,supplement,Plenoxels,NeRF,Mip-NeRF 360,stump,20.66,0.523,0.503,,,,,,,,,"Scaffold-GS evaluates Mip-NeRF 360 on SEVEN scenes (bicycle, garden, stump, room, counter, kitchen, bonsai), omitting flowers and treehill. That is why 3D-GS reads 28.69 dB here and 27.21 dB in the 9-scene tables used by HAC, ContextGS and the surveys"
scaffold_gs_lu_cvpr2024,2312.00109,Tables 6-9,13,supplement,Plenoxels,NeRF,Mip-NeRF 360,room,27.59,0.8417,0.4186,,,,,,,,,"Scaffold-GS evaluates Mip-NeRF 360 on SEVEN scenes (bicycle, garden, stump, room, counter, kitchen, bonsai), omitting flowers and treehill. That is why 3D-GS reads 28.69 dB here and 27.21 dB in the 9-scene tables used by HAC, ContextGS and the surveys"
scaffold_gs_lu_cvpr2024,2312.00109,Tables 6-9,13,supplement,Plenoxels,NeRF,Mip-NeRF 360,counter,23.62,0.759,0.441,,,,,,,,,"Scaffold-GS evaluates Mip-NeRF 360 on SEVEN scenes (bicycle, garden, stump, room, counter, kitchen, bonsai), omitting flowers and treehill. That is why 3D-GS reads 28.69 dB here and 27.21 dB in the 9-scene tables used by HAC, ContextGS and the surveys"
scaffold_gs_lu_cvpr2024,2312.00109,Tables 6-9,13,supplement,Plenoxels,NeRF,Mip-NeRF 360,kitchen,23.42,0.648,0.447,,,,,,,,,"Scaffold-GS evaluates Mip-NeRF 360 on SEVEN scenes (bicycle, garden, stump, room, counter, kitchen, bonsai), omitting flowers and treehill. That is why 3D-GS reads 28.69 dB here and 27.21 dB in the 9-scene tables used by HAC, ContextGS and the surveys"
scaffold_gs_lu_cvpr2024,2312.00109,Tables 6-9,13,supplement,Plenoxels,NeRF,Mip-NeRF 360,bonsai,24.67,0.814,0.398,,,,,,,,,"Scaffold-GS evaluates Mip-NeRF 360 on SEVEN scenes (bicycle, garden, stump, room, counter, kitchen, bonsai), omitting flowers and treehill. That is why 3D-GS reads 28.69 dB here and 27.21 dB in the 9-scene tables used by HAC, ContextGS and the surveys"
scaffold_gs_lu_cvpr2024,2312.00109,Tables 6-9,13,supplement,Scaffold-GS,Scaffold-GS,Mip-NeRF 360,bicycle,24.5,0.705,0.306,248,MB,,,,,,,"Scaffold-GS evaluates Mip-NeRF 360 on SEVEN scenes (bicycle, garden, stump, room, counter, kitchen, bonsai), omitting flowers and treehill. That is why 3D-GS reads 28.69 dB here and 27.21 dB in the 9-scene tables used by HAC, ContextGS and the surveys"
scaffold_gs_lu_cvpr2024,2312.00109,Tables 6-9,13,supplement,Scaffold-GS,Scaffold-GS,Mip-NeRF 360,garden,27.17,0.842,0.146,271,MB,,,,,,,"Scaffold-GS evaluates Mip-NeRF 360 on SEVEN scenes (bicycle, garden, stump, room, counter, kitchen, bonsai), omitting flowers and treehill. That is why 3D-GS reads 28.69 dB here and 27.21 dB in the 9-scene tables used by HAC, ContextGS and the surveys"
scaffold_gs_lu_cvpr2024,2312.00109,Tables 6-9,13,supplement,Scaffold-GS,Scaffold-GS,Mip-NeRF 360,stump,26.27,0.784,0.284,493,MB,,,,,,,"Scaffold-GS evaluates Mip-NeRF 360 on SEVEN scenes (bicycle, garden, stump, room, counter, kitchen, bonsai), omitting flowers and treehill. That is why 3D-GS reads 28.69 dB here and 27.21 dB in the 9-scene tables used by HAC, ContextGS and the surveys"
scaffold_gs_lu_cvpr2024,2312.00109,Tables 6-9,13,supplement,Scaffold-GS,Scaffold-GS,Mip-NeRF 360,room,31.93,0.925,0.202,133,MB,,,,,,,"Scaffold-GS evaluates Mip-NeRF 360 on SEVEN scenes (bicycle, garden, stump, room, counter, kitchen, bonsai), omitting flowers and treehill. That is why 3D-GS reads 28.69 dB here and 27.21 dB in the 9-scene tables used by HAC, ContextGS and the surveys"
scaffold_gs_lu_cvpr2024,2312.00109,Tables 6-9,13,supplement,Scaffold-GS,Scaffold-GS,Mip-NeRF 360,counter,29.34,0.914,0.191,194,MB,,,,,,,"Scaffold-GS evaluates Mip-NeRF 360 on SEVEN scenes (bicycle, garden, stump, room, counter, kitchen, bonsai), omitting flowers and treehill. That is why 3D-GS reads 28.69 dB here and 27.21 dB in the 9-scene tables used by HAC, ContextGS and the surveys"
scaffold_gs_lu_cvpr2024,2312.00109,Tables 6-9,13,supplement,Scaffold-GS,Scaffold-GS,Mip-NeRF 360,kitchen,31.3,0.928,0.126,173,MB,,,,,,,"Scaffold-GS evaluates Mip-NeRF 360 on SEVEN scenes (bicycle, garden, stump, room, counter, kitchen, bonsai), omitting flowers and treehill. That is why 3D-GS reads 28.69 dB here and 27.21 dB in the 9-scene tables used by HAC, ContextGS and the surveys"
scaffold_gs_lu_cvpr2024,2312.00109,Tables 6-9,13,supplement,Scaffold-GS,Scaffold-GS,Mip-NeRF 360,bonsai,32.7,0.946,0.185,258,MB,,,,,,,"Scaffold-GS evaluates Mip-NeRF 360 on SEVEN scenes (bicycle, garden, stump, room, counter, kitchen, bonsai), omitting flowers and treehill. That is why 3D-GS reads 28.69 dB here and 27.21 dB in the 9-scene tables used by HAC, ContextGS and the surveys"
scaffold_gs_lu_cvpr2024,2312.00109,Tables 10-13,14,supplement,3D-GS,3DGS,Tanks and Temples,truck,25.19,0.879,0.148,578,MB,,,,,,,
scaffold_gs_lu_cvpr2024,2312.00109,Tables 10-13,14,supplement,3D-GS,3DGS,Tanks and Temples,train,21.1,0.802,0.218,240,MB,,,,,,,
scaffold_gs_lu_cvpr2024,2312.00109,Tables 10-13,14,supplement,3D-GS,3DGS,Deep Blending,drjohnson,28.77,0.899,0.244,715,MB,,,,,,,
scaffold_gs_lu_cvpr2024,2312.00109,Tables 10-13,14,supplement,3D-GS,3DGS,Deep Blending,playroom,30.04,0.906,0.241,515,MB,,,,,,,
scaffold_gs_lu_cvpr2024,2312.00109,Tables 10-13,14,supplement,Mip-NeRF 360,NeRF,Tanks and Temples,truck,24.91,0.857,0.159,,,,,,,,,
scaffold_gs_lu_cvpr2024,2312.00109,Tables 10-13,14,supplement,Mip-NeRF 360,NeRF,Tanks and Temples,train,19.52,0.66,0.354,,,,,,,,,
scaffold_gs_lu_cvpr2024,2312.00109,Tables 10-13,14,supplement,Mip-NeRF 360,NeRF,Deep Blending,drjohnson,29.14,0.901,0.237,,,,,,,,,
scaffold_gs_lu_cvpr2024,2312.00109,Tables 10-13,14,supplement,Mip-NeRF 360,NeRF,Deep Blending,playroom,29.66,0.9,0.252,,,,,,,,,
scaffold_gs_lu_cvpr2024,2312.00109,Tables 10-13,14,supplement,iNGP,NeRF,Tanks and Temples,truck,23.26,0.779,0.274,,,,,,,,,
scaffold_gs_lu_cvpr2024,2312.00109,Tables 10-13,14,supplement,iNGP,NeRF,Tanks and Temples,train,20.17,0.666,0.386,,,,,,,,,
scaffold_gs_lu_cvpr2024,2312.00109,Tables 10-13,14,supplement,iNGP,NeRF,Deep Blending,drjohnson,27.75,0.839,0.381,,,,,,,,,
scaffold_gs_lu_cvpr2024,2312.00109,Tables 10-13,14,supplement,iNGP,NeRF,Deep Blending,playroom,19.48,0.754,0.465,,,,,,,,,
scaffold_gs_lu_cvpr2024,2312.00109,Tables 10-13,14,supplement,Plenoxels,NeRF,Tanks and Temples,truck,23.22,0.774,0.335,,,,,,,,,
scaffold_gs_lu_cvpr2024,2312.00109,Tables 10-13,14,supplement,Plenoxels,NeRF,Tanks and Temples,train,18.93,0.663,0.422,,,,,,,,,
scaffold_gs_lu_cvpr2024,2312.00109,Tables 10-13,14,supplement,Plenoxels,NeRF,Deep Blending,drjohnson,23.14,0.787,0.521,,,,,,,,,
scaffold_gs_lu_cvpr2024,2312.00109,Tables 10-13,14,supplement,Plenoxels,NeRF,Deep Blending,playroom,22.98,0.802,0.499,,,,,,,,,
scaffold_gs_lu_cvpr2024,2312.00109,Tables 10-13,14,supplement,Scaffold-GS,Scaffold-GS,Tanks and Temples,truck,25.77,0.883,0.147,107,MB,,,,,,,
scaffold_gs_lu_cvpr2024,2312.00109,Tables 10-13,14,supplement,Scaffold-GS,Scaffold-GS,Tanks and Temples,train,22.15,0.822,0.206,66,MB,,,,,,,
scaffold_gs_lu_cvpr2024,2312.00109,Tables 10-13,14,supplement,Scaffold-GS,Scaffold-GS,Deep Blending,drjohnson,29.8,0.907,0.25,69,MB,,,,,,,
scaffold_gs_lu_cvpr2024,2312.00109,Tables 10-13,14,supplement,Scaffold-GS,Scaffold-GS,Deep Blending,playroom,30.62,0.904,0.258,63,MB,,,,,,,
scaffold_gs_lu_cvpr2024,2312.00109,Tables 14-15,14,supplement,3D-GS,3DGS,NeRF Synthetic,chair,35.36,,,50,MB,,,,,,,"the PDF does not print the scene column headers for these two tables; scenes are assigned in the standard alphabetical order used by 3DGS Table 2, which reproduces its 3D-GS row exactly"
scaffold_gs_lu_cvpr2024,2312.00109,Tables 14-15,14,supplement,3D-GS,3DGS,NeRF Synthetic,drums,35.83,,,116,MB,,,,,,,"the PDF does not print the scene column headers for these two tables; scenes are assigned in the standard alphabetical order used by 3DGS Table 2, which reproduces its 3D-GS row exactly"
scaffold_gs_lu_cvpr2024,2312.00109,Tables 14-15,14,supplement,3D-GS,3DGS,NeRF Synthetic,ficus,30.8,,,63,MB,,,,,,,"the PDF does not print the scene column headers for these two tables; scenes are assigned in the standard alphabetical order used by 3DGS Table 2, which reproduces its 3D-GS row exactly"
scaffold_gs_lu_cvpr2024,2312.00109,Tables 14-15,14,supplement,3D-GS,3DGS,NeRF Synthetic,hotdog,30.0,,,35,MB,,,,,,,"the PDF does not print the scene column headers for these two tables; scenes are assigned in the standard alphabetical order used by 3DGS Table 2, which reproduces its 3D-GS row exactly"
scaffold_gs_lu_cvpr2024,2312.00109,Tables 14-15,14,supplement,3D-GS,3DGS,NeRF Synthetic,lego,35.78,,,78,MB,,,,,,,"the PDF does not print the scene column headers for these two tables; scenes are assigned in the standard alphabetical order used by 3DGS Table 2, which reproduces its 3D-GS row exactly"
scaffold_gs_lu_cvpr2024,2312.00109,Tables 14-15,14,supplement,3D-GS,3DGS,NeRF Synthetic,materials,26.15,,,93,MB,,,,,,,"the PDF does not print the scene column headers for these two tables; scenes are assigned in the standard alphabetical order used by 3DGS Table 2, which reproduces its 3D-GS row exactly"
scaffold_gs_lu_cvpr2024,2312.00109,Tables 14-15,14,supplement,3D-GS,3DGS,NeRF Synthetic,mic,34.87,,,59,MB,,,,,,,"the PDF does not print the scene column headers for these two tables; scenes are assigned in the standard alphabetical order used by 3DGS Table 2, which reproduces its 3D-GS row exactly"
scaffold_gs_lu_cvpr2024,2312.00109,Tables 14-15,14,supplement,3D-GS,3DGS,NeRF Synthetic,ship,37.72,,,44,MB,,,,,,,"the PDF does not print the scene column headers for these two tables; scenes are assigned in the standard alphabetical order used by 3DGS Table 2, which reproduces its 3D-GS row exactly"
scaffold_gs_lu_cvpr2024,2312.00109,Tables 14-15,14,supplement,Scaffold-GS,Scaffold-GS,NeRF Synthetic,chair,37.25,,,12,MB,,,,,,,"the PDF does not print the scene column headers for these two tables; scenes are assigned in the standard alphabetical order used by 3DGS Table 2, which reproduces its 3D-GS row exactly"
scaffold_gs_lu_cvpr2024,2312.00109,Tables 14-15,14,supplement,Scaffold-GS,Scaffold-GS,NeRF Synthetic,drums,35.28,,,13,MB,,,,,,,"the PDF does not print the scene column headers for these two tables; scenes are assigned in the standard alphabetical order used by 3DGS Table 2, which reproduces its 3D-GS row exactly"
scaffold_gs_lu_cvpr2024,2312.00109,Tables 14-15,14,supplement,Scaffold-GS,Scaffold-GS,NeRF Synthetic,ficus,31.17,,,16,MB,,,,,,,"the PDF does not print the scene column headers for these two tables; scenes are assigned in the standard alphabetical order used by 3DGS Table 2, which reproduces its 3D-GS row exactly"
scaffold_gs_lu_cvpr2024,2312.00109,Tables 14-15,14,supplement,Scaffold-GS,Scaffold-GS,NeRF Synthetic,hotdog,30.65,,,18,MB,,,,,,,"the PDF does not print the scene column headers for these two tables; scenes are assigned in the standard alphabetical order used by 3DGS Table 2, which reproduces its 3D-GS row exactly"
scaffold_gs_lu_cvpr2024,2312.00109,Tables 14-15,14,supplement,Scaffold-GS,Scaffold-GS,NeRF Synthetic,lego,35.69,,,13,MB,,,,,,,"the PDF does not print the scene column headers for these two tables; scenes are assigned in the standard alphabetical order used by 3DGS Table 2, which reproduces its 3D-GS row exactly"
scaffold_gs_lu_cvpr2024,2312.00109,Tables 14-15,14,supplement,Scaffold-GS,Scaffold-GS,NeRF Synthetic,materials,26.44,,,35,MB,,,,,,,"the PDF does not print the scene column headers for these two tables; scenes are assigned in the standard alphabetical order used by 3DGS Table 2, which reproduces its 3D-GS row exactly"
scaffold_gs_lu_cvpr2024,2312.00109,Tables 14-15,14,supplement,Scaffold-GS,Scaffold-GS,NeRF Synthetic,mic,35.21,,,11,MB,,,,,,,"the PDF does not print the scene column headers for these two tables; scenes are assigned in the standard alphabetical order used by 3DGS Table 2, which reproduces its 3D-GS row exactly"
scaffold_gs_lu_cvpr2024,2312.00109,Tables 14-15,14,supplement,Scaffold-GS,Scaffold-GS,NeRF Synthetic,ship,37.73,,,8,MB,,,,,,,"the PDF does not print the scene column headers for these two tables; scenes are assigned in the standard alphabetical order used by 3DGS Table 2, which reproduces its 3D-GS row exactly"
scaffold_gs_lu_cvpr2024,2312.00109,Tables 16-17,14,supplement,3D-GS,3DGS,BungeeNeRF,amsterdam,25.74,,,1453,MB,,,,,,,"the last two scenes are from VR-NeRF, not BungeeNeRF"
scaffold_gs_lu_cvpr2024,2312.00109,Tables 16-17,14,supplement,3D-GS,3DGS,BungeeNeRF,bilbao,26.35,,,1337,MB,,,,,,,"the last two scenes are from VR-NeRF, not BungeeNeRF"
scaffold_gs_lu_cvpr2024,2312.00109,Tables 16-17,14,supplement,3D-GS,3DGS,BungeeNeRF,pompidou,21.2,,,2129,MB,,,,,,,"the last two scenes are from VR-NeRF, not BungeeNeRF"
scaffold_gs_lu_cvpr2024,2312.00109,Tables 16-17,14,supplement,3D-GS,3DGS,BungeeNeRF,quebec,28.79,,,1438,MB,,,,,,,"the last two scenes are from VR-NeRF, not BungeeNeRF"
scaffold_gs_lu_cvpr2024,2312.00109,Tables 16-17,14,supplement,3D-GS,3DGS,BungeeNeRF,rome,23.54,,,1626,MB,,,,,,,"the last two scenes are from VR-NeRF, not BungeeNeRF"
scaffold_gs_lu_cvpr2024,2312.00109,Tables 16-17,14,supplement,3D-GS,3DGS,BungeeNeRF,hollywood,23.25,,,1642,MB,,,,,,,"the last two scenes are from VR-NeRF, not BungeeNeRF"
scaffold_gs_lu_cvpr2024,2312.00109,Tables 16-17,14,supplement,3D-GS,3DGS,Other,vr-apartment,28.48,,,202,MB,,,,,,,"the last two scenes are from VR-NeRF, not BungeeNeRF"
scaffold_gs_lu_cvpr2024,2312.00109,Tables 16-17,14,supplement,3D-GS,3DGS,Other,vr-kitchen,29.4,,,323,MB,,,,,,,"the last two scenes are from VR-NeRF, not BungeeNeRF"
scaffold_gs_lu_cvpr2024,2312.00109,Tables 16-17,14,supplement,Scaffold-GS,Scaffold-GS,BungeeNeRF,amsterdam,27.1,,,243,MB,,,,,,,"the last two scenes are from VR-NeRF, not BungeeNeRF"
scaffold_gs_lu_cvpr2024,2312.00109,Tables 16-17,14,supplement,Scaffold-GS,Scaffold-GS,BungeeNeRF,bilbao,27.66,,,197,MB,,,,,,,"the last two scenes are from VR-NeRF, not BungeeNeRF"
scaffold_gs_lu_cvpr2024,2312.00109,Tables 16-17,14,supplement,Scaffold-GS,Scaffold-GS,BungeeNeRF,pompidou,25.34,,,230,MB,,,,,,,"the last two scenes are from VR-NeRF, not BungeeNeRF"
scaffold_gs_lu_cvpr2024,2312.00109,Tables 16-17,14,supplement,Scaffold-GS,Scaffold-GS,BungeeNeRF,quebec,30.51,,,166,MB,,,,,,,"the last two scenes are from VR-NeRF, not BungeeNeRF"
scaffold_gs_lu_cvpr2024,2312.00109,Tables 16-17,14,supplement,Scaffold-GS,Scaffold-GS,BungeeNeRF,rome,26.5,,,200,MB,,,,,,,"the last two scenes are from VR-NeRF, not BungeeNeRF"
scaffold_gs_lu_cvpr2024,2312.00109,Tables 16-17,14,supplement,Scaffold-GS,Scaffold-GS,BungeeNeRF,hollywood,24.97,,,182,MB,,,,,,,"the last two scenes are from VR-NeRF, not BungeeNeRF"
scaffold_gs_lu_cvpr2024,2312.00109,Tables 16-17,14,supplement,Scaffold-GS,Scaffold-GS,Other,vr-apartment,28.87,,,48,MB,,,,,,,"the last two scenes are from VR-NeRF, not BungeeNeRF"
scaffold_gs_lu_cvpr2024,2312.00109,Tables 16-17,14,supplement,Scaffold-GS,Scaffold-GS,Other,vr-kitchen,29.61,,,90,MB,,,,,,,"the last two scenes are from VR-NeRF, not BungeeNeRF"
flexgaussian_tian_acmmm2025,2507.06671,Table 1,5,main,3D-GS,3DGS,Mip-NeRF 360,average,27.21,0.815,0.214,795.26,MiB,,,,,,1576.25,"all methods re-run by the FlexGaussian authors on one RTX 3090; the 3D-GS baseline is a large Grendel-GS-scale model, which is why its size far exceeds the usual 3DGS numbers; time is total compression time (post-processing for refinement-based, full training for retraining-based)"
flexgaussian_tian_acmmm2025,2507.06671,Table 1,5,main,LightGaussian,3DGS,Mip-NeRF 360,average,26.96,0.8,0.244,52.05,MiB,,,,,,917.61,"all methods re-run by the FlexGaussian authors on one RTX 3090; the 3D-GS baseline is a large Grendel-GS-scale model, which is why its size far exceeds the usual 3DGS numbers; time is total compression time (post-processing for refinement-based, full training for retraining-based)"
flexgaussian_tian_acmmm2025,2507.06671,Table 1,5,main,Compressed3D,3DGS,Mip-NeRF 360,average,27.02,0.803,0.236,28.81,MiB,,,,,,272.84,"all methods re-run by the FlexGaussian authors on one RTX 3090; the 3D-GS baseline is a large Grendel-GS-scale model, which is why its size far exceeds the usual 3DGS numbers; time is total compression time (post-processing for refinement-based, full training for retraining-based)"
flexgaussian_tian_acmmm2025,2507.06671,Table 1,5,main,PUP 3DGS,3DGS,Mip-NeRF 360,average,26.66,0.789,0.267,79.53,MiB,,,,,,427.99,"all methods re-run by the FlexGaussian authors on one RTX 3090; the 3D-GS baseline is a large Grendel-GS-scale model, which is why its size far exceeds the usual 3DGS numbers; time is total compression time (post-processing for refinement-based, full training for retraining-based)"
flexgaussian_tian_acmmm2025,2507.06671,Table 1,5,main,CompGS,3DGS,Mip-NeRF 360,average,26.99,0.801,0.25,21.08,MiB,,,,,,2451.07,"all methods re-run by the FlexGaussian authors on one RTX 3090; the 3D-GS baseline is a large Grendel-GS-scale model, which is why its size far exceeds the usual 3DGS numbers; time is total compression time (post-processing for refinement-based, full training for retraining-based)"
flexgaussian_tian_acmmm2025,2507.06671,Table 1,5,main,FCGS-Opt,3DGS,Mip-NeRF 360,average,27.04,0.799,0.231,62.34,MiB,,,,,,53.57,"all methods re-run by the FlexGaussian authors on one RTX 3090; the 3D-GS baseline is a large Grendel-GS-scale model, which is why its size far exceeds the usual 3DGS numbers; time is total compression time (post-processing for refinement-based, full training for retraining-based); FCGS-Opt is the authors' memory-reduced variant of FCGS, official FCGS-Raw is OOM on 7 of 13 scenes"
flexgaussian_tian_acmmm2025,2507.06671,Table 1,5,main,FlexGaussian,3DGS,Mip-NeRF 360,average,26.38,0.78,0.251,40.8,MiB,,,,,,25.69,"all methods re-run by the FlexGaussian authors on one RTX 3090; the 3D-GS baseline is a large Grendel-GS-scale model, which is why its size far exceeds the usual 3DGS numbers; time is total compression time (post-processing for refinement-based, full training for retraining-based)"
flexgaussian_tian_acmmm2025,2507.06671,Table 1,5,main,3D-GS,3DGS,Tanks and Temples,average,23.14,0.841,0.183,421.91,MiB,,,,,,963.87,"all methods re-run by the FlexGaussian authors on one RTX 3090; the 3D-GS baseline is a large Grendel-GS-scale model, which is why its size far exceeds the usual 3DGS numbers; time is total compression time (post-processing for refinement-based, full training for retraining-based)"
flexgaussian_tian_acmmm2025,2507.06671,Table 1,5,main,LightGaussian,3DGS,Tanks and Temples,average,23.14,0.818,0.222,27.87,MiB,,,,,,426.18,"all methods re-run by the FlexGaussian authors on one RTX 3090; the 3D-GS baseline is a large Grendel-GS-scale model, which is why its size far exceeds the usual 3DGS numbers; time is total compression time (post-processing for refinement-based, full training for retraining-based)"
flexgaussian_tian_acmmm2025,2507.06671,Table 1,5,main,Compressed3D,3DGS,Tanks and Temples,average,23.34,0.836,0.192,17.25,MiB,,,,,,191.45,"all methods re-run by the FlexGaussian authors on one RTX 3090; the 3D-GS baseline is a large Grendel-GS-scale model, which is why its size far exceeds the usual 3DGS numbers; time is total compression time (post-processing for refinement-based, full training for retraining-based)"
flexgaussian_tian_acmmm2025,2507.06671,Table 1,5,main,PUP 3DGS,3DGS,Tanks and Temples,average,22.46,0.799,0.248,42.19,MiB,,,,,,189.69,"all methods re-run by the FlexGaussian authors on one RTX 3090; the 3D-GS baseline is a large Grendel-GS-scale model, which is why its size far exceeds the usual 3DGS numbers; time is total compression time (post-processing for refinement-based, full training for retraining-based)"
flexgaussian_tian_acmmm2025,2507.06671,Table 1,5,main,CompGS,3DGS,Tanks and Temples,average,23.21,0.837,0.201,14.2,MiB,,,,,,1397.7,"all methods re-run by the FlexGaussian authors on one RTX 3090; the 3D-GS baseline is a large Grendel-GS-scale model, which is why its size far exceeds the usual 3DGS numbers; time is total compression time (post-processing for refinement-based, full training for retraining-based)"
flexgaussian_tian_acmmm2025,2507.06671,Table 1,5,main,FCGS-Opt,3DGS,Tanks and Temples,average,23.36,0.839,0.186,31.12,MiB,,,,,,30.09,"all methods re-run by the FlexGaussian authors on one RTX 3090; the 3D-GS baseline is a large Grendel-GS-scale model, which is why its size far exceeds the usual 3DGS numbers; time is total compression time (post-processing for refinement-based, full training for retraining-based); FCGS-Opt is the authors' memory-reduced variant of FCGS, official FCGS-Raw is OOM on 7 of 13 scenes"
flexgaussian_tian_acmmm2025,2507.06671,Table 1,5,main,FlexGaussian,3DGS,Tanks and Temples,average,22.44,0.804,0.219,16.3,MiB,,,,,,18.24,"all methods re-run by the FlexGaussian authors on one RTX 3090; the 3D-GS baseline is a large Grendel-GS-scale model, which is why its size far exceeds the usual 3DGS numbers; time is total compression time (post-processing for refinement-based, full training for retraining-based)"
flexgaussian_tian_acmmm2025,2507.06671,Table 1,5,main,3D-GS,3DGS,Deep Blending,average,29.41,0.903,0.243,703.77,MiB,,,,,,1654.11,"all methods re-run by the FlexGaussian authors on one RTX 3090; the 3D-GS baseline is a large Grendel-GS-scale model, which is why its size far exceeds the usual 3DGS numbers; time is total compression time (post-processing for refinement-based, full training for retraining-based)"
flexgaussian_tian_acmmm2025,2507.06671,Table 1,5,main,LightGaussian,3DGS,Deep Blending,average,28.82,0.891,0.273,45.85,MiB,,,,,,686.04,"all methods re-run by the FlexGaussian authors on one RTX 3090; the 3D-GS baseline is a large Grendel-GS-scale model, which is why its size far exceeds the usual 3DGS numbers; time is total compression time (post-processing for refinement-based, full training for retraining-based)"
flexgaussian_tian_acmmm2025,2507.06671,Table 1,5,main,Compressed3D,3DGS,Deep Blending,average,29.44,0.902,0.25,25.28,MiB,,,,,,247.98,"all methods re-run by the FlexGaussian authors on one RTX 3090; the 3D-GS baseline is a large Grendel-GS-scale model, which is why its size far exceeds the usual 3DGS numbers; time is total compression time (post-processing for refinement-based, full training for retraining-based)"
flexgaussian_tian_acmmm2025,2507.06671,Table 1,5,main,PUP 3DGS,3DGS,Deep Blending,average,29.4,0.903,0.256,70.38,MiB,,,,,,270.76,"all methods re-run by the FlexGaussian authors on one RTX 3090; the 3D-GS baseline is a large Grendel-GS-scale model, which is why its size far exceeds the usual 3DGS numbers; time is total compression time (post-processing for refinement-based, full training for retraining-based)"
flexgaussian_tian_acmmm2025,2507.06671,Table 1,5,main,CompGS,3DGS,Deep Blending,average,29.98,0.911,0.25,15.15,MiB,,,,,,1941.88,"all methods re-run by the FlexGaussian authors on one RTX 3090; the 3D-GS baseline is a large Grendel-GS-scale model, which is why its size far exceeds the usual 3DGS numbers; time is total compression time (post-processing for refinement-based, full training for retraining-based)"
flexgaussian_tian_acmmm2025,2507.06671,Table 1,5,main,FCGS-Opt,3DGS,Deep Blending,average,29.61,0.902,0.243,55.41,MiB,,,,,,42.61,"all methods re-run by the FlexGaussian authors on one RTX 3090; the 3D-GS baseline is a large Grendel-GS-scale model, which is why its size far exceeds the usual 3DGS numbers; time is total compression time (post-processing for refinement-based, full training for retraining-based); FCGS-Opt is the authors' memory-reduced variant of FCGS, official FCGS-Raw is OOM on 7 of 13 scenes"
flexgaussian_tian_acmmm2025,2507.06671,Table 1,5,main,FlexGaussian,3DGS,Deep Blending,average,28.61,0.884,0.269,25.48,MiB,,,,,,25.65,"all methods re-run by the FlexGaussian authors on one RTX 3090; the 3D-GS baseline is a large Grendel-GS-scale model, which is why its size far exceeds the usual 3DGS numbers; time is total compression time (post-processing for refinement-based, full training for retraining-based)"
flexgaussian_tian_acmmm2025,2507.06671,Table 2,7,main,Grendel-GS (uncompressed),3DGS,Mip-NeRF 360,bicycle,26.54,,,,,3040000,,1020,,,,training resolution 618x411; training peak memory 6.81 GiB; A100; size not tabulated
flexgaussian_tian_acmmm2025,2507.06671,Table 2,7,main,FlexGaussian,3DGS,Mip-NeRF 360,bicycle,25.64,,,,,3040000,,,,,20.08,training resolution 618x411; compression ratio 17.13x over Grendel-GS; peak memory 3.89 GiB; quality constraint <1 dB; size not tabulated
flexgaussian_tian_acmmm2025,2507.06671,Table 2,7,main,Grendel-GS (uncompressed),3DGS,Mip-NeRF 360,bicycle,24.7,,,,,6160000,,1980,,,,training resolution 1237x822; training peak memory 14.0 GiB; A100; size not tabulated
flexgaussian_tian_acmmm2025,2507.06671,Table 2,7,main,FlexGaussian,3DGS,Mip-NeRF 360,bicycle,24.1,,,,,6160000,,,,,38.64,training resolution 1237x822; compression ratio 20.38x over Grendel-GS; peak memory 6.75 GiB; quality constraint <1 dB; size not tabulated
flexgaussian_tian_acmmm2025,2507.06671,Table 2,7,main,Grendel-GS (uncompressed),3DGS,Mip-NeRF 360,bicycle,24.49,,,,,9360000,,4380,,,,training resolution 2473x1643; training peak memory 23.54 GiB; A100; size not tabulated
flexgaussian_tian_acmmm2025,2507.06671,Table 2,7,main,FlexGaussian,3DGS,Mip-NeRF 360,bicycle,23.72,,,,,9360000,,,,,64.71,training resolution 2473x1643; compression ratio 28.04x over Grendel-GS; peak memory 12.39 GiB; quality constraint <1 dB; size not tabulated
flexgaussian_tian_acmmm2025,2507.06671,Table 2,7,main,Grendel-GS (uncompressed),3DGS,Mip-NeRF 360,bicycle,24.44,,,,,11840000,,11400,,,,training resolution 4946x3286; training peak memory 39.37 GiB; A100; size not tabulated
flexgaussian_tian_acmmm2025,2507.06671,Table 2,7,main,FlexGaussian,3DGS,Mip-NeRF 360,bicycle,23.89,,,,,11840000,,,,,104.31,training resolution 4946x3286; compression ratio 28.0x over Grendel-GS; peak memory 21.04 GiB; quality constraint <1 dB; size not tabulated
flexgaussian_tian_acmmm2025,2507.06671,Table 3,8,main,3D-GS,3DGS,Mip-NeRF 360,bicycle,25.18,,,1450.28,MiB,,,,,,,
flexgaussian_tian_acmmm2025,2507.06671,Table 3,8,main,3D-GS,3DGS,Mip-NeRF 360,bonsai,32.02,,,294.42,MiB,,,,,,,
flexgaussian_tian_acmmm2025,2507.06671,Table 3,8,main,3D-GS,3DGS,Mip-NeRF 360,counter,28.91,,,289.24,MiB,,,,,,,
flexgaussian_tian_acmmm2025,2507.06671,Table 3,8,main,3D-GS,3DGS,Mip-NeRF 360,flowers,21.46,,,860.06,MiB,,,,,,,
flexgaussian_tian_acmmm2025,2507.06671,Table 3,8,main,3D-GS,3DGS,Mip-NeRF 360,garden,27.17,,,1379.99,MiB,,,,,,,
flexgaussian_tian_acmmm2025,2507.06671,Table 3,8,main,3D-GS,3DGS,Mip-NeRF 360,kitchen,30.81,,,438.10,MiB,,,,,,,
flexgaussian_tian_acmmm2025,2507.06671,Table 3,8,main,3D-GS,3DGS,Mip-NeRF 360,room,31.40,,,376.85,MiB,,,,,,,
flexgaussian_tian_acmmm2025,2507.06671,Table 3,8,main,3D-GS,3DGS,Mip-NeRF 360,stump,26.6,,,1173.52,MiB,,,,,,,
flexgaussian_tian_acmmm2025,2507.06671,Table 3,8,main,3D-GS,3DGS,Mip-NeRF 360,treehill,22.29,,,894.90,MiB,,,,,,,
flexgaussian_tian_acmmm2025,2507.06671,Table 3,8,main,3D-GS,3DGS,Tanks and Temples,train,21.78,,,242.78,MiB,,,,,,,
flexgaussian_tian_acmmm2025,2507.06671,Table 3,8,main,3D-GS,3DGS,Tanks and Temples,truck,24.93,,,601.03,MiB,,,,,,,
flexgaussian_tian_acmmm2025,2507.06671,Table 3,8,main,3D-GS,3DGS,Deep Blending,drjohnson,28.99,,,805.36,MiB,,,,,,,
flexgaussian_tian_acmmm2025,2507.06671,Table 3,8,main,3D-GS,3DGS,Deep Blending,playroom,30.13,,,602.19,MiB,,,,,,,
flexgaussian_tian_acmmm2025,2507.06671,Table 3,8,main,FCGS-Raw 1e-4,3DGS,Mip-NeRF 360,bicycle,,,,,,,,,,,,out of memory on a 24 GiB RTX 3090
flexgaussian_tian_acmmm2025,2507.06671,Table 3,8,main,FCGS-Raw 1e-4,3DGS,Mip-NeRF 360,bonsai,32.12,,,24.32,MiB,,,,,,20.75,
flexgaussian_tian_acmmm2025,2507.06671,Table 3,8,main,FCGS-Raw 1e-4,3DGS,Mip-NeRF 360,counter,28.98,,,24.29,MiB,,,,,,20.81,
flexgaussian_tian_acmmm2025,2507.06671,Table 3,8,main,FCGS-Raw 1e-4,3DGS,Mip-NeRF 360,flowers,,,,,,,,,,,,out of memory on a 24 GiB RTX 3090
flexgaussian_tian_acmmm2025,2507.06671,Table 3,8,main,FCGS-Raw 1e-4,3DGS,Mip-NeRF 360,garden,,,,,,,,,,,,out of memory on a 24 GiB RTX 3090
flexgaussian_tian_acmmm2025,2507.06671,Table 3,8,main,FCGS-Raw 1e-4,3DGS,Mip-NeRF 360,kitchen,30.83,,,39.17,MiB,,,,,,29.73,
flexgaussian_tian_acmmm2025,2507.06671,Table 3,8,main,FCGS-Raw 1e-4,3DGS,Mip-NeRF 360,room,31.54,,,26.48,MiB,,,,,,24.41,
flexgaussian_tian_acmmm2025,2507.06671,Table 3,8,main,FCGS-Raw 1e-4,3DGS,Mip-NeRF 360,stump,,,,,,,,,,,,out of memory on a 24 GiB RTX 3090
flexgaussian_tian_acmmm2025,2507.06671,Table 3,8,main,FCGS-Raw 1e-4,3DGS,Mip-NeRF 360,treehill,,,,,,,,,,,,out of memory on a 24 GiB RTX 3090
flexgaussian_tian_acmmm2025,2507.06671,Table 3,8,main,FCGS-Raw 1e-4,3DGS,Tanks and Temples,train,21.76,,,20.12,MiB,,,,,,19.83,
flexgaussian_tian_acmmm2025,2507.06671,Table 3,8,main,FCGS-Raw 1e-4,3DGS,Tanks and Temples,truck,,,,,,,,,,,,out of memory on a 24 GiB RTX 3090
flexgaussian_tian_acmmm2025,2507.06671,Table 3,8,main,FCGS-Raw 1e-4,3DGS,Deep Blending,drjohnson,,,,,,,,,,,,out of memory on a 24 GiB RTX 3090
flexgaussian_tian_acmmm2025,2507.06671,Table 3,8,main,FCGS-Raw 1e-4,3DGS,Deep Blending,playroom,30.24,,,49.10,MiB,,,,,,37.34,
flexgaussian_tian_acmmm2025,2507.06671,Table 3,8,main,FCGS-Opt 1e-4,3DGS,Mip-NeRF 360,bicycle,24.40,,,92.60,MiB,,,,,,92.60,
flexgaussian_tian_acmmm2025,2507.06671,Table 3,8,main,FCGS-Opt 1e-4,3DGS,Mip-NeRF 360,bonsai,32.12,,,24.31,MiB,,,,,,20.30,
flexgaussian_tian_acmmm2025,2507.06671,Table 3,8,main,FCGS-Opt 1e-4,3DGS,Mip-NeRF 360,counter,28.98,,,24.29,MiB,,,,,,20.29,
flexgaussian_tian_acmmm2025,2507.06671,Table 3,8,main,FCGS-Opt 1e-4,3DGS,Mip-NeRF 360,flowers,21.17,,,61.72,MiB,,,,,,61.72,
flexgaussian_tian_acmmm2025,2507.06671,Table 3,8,main,FCGS-Opt 1e-4,3DGS,Mip-NeRF 360,garden,26.27,,,113.23,MiB,,,,,,86.83,
flexgaussian_tian_acmmm2025,2507.06671,Table 3,8,main,FCGS-Opt 1e-4,3DGS,Mip-NeRF 360,kitchen,30.83,,,39.17,MiB,,,,,,28.39,
flexgaussian_tian_acmmm2025,2507.06671,Table 3,8,main,FCGS-Opt 1e-4,3DGS,Mip-NeRF 360,room,31.54,,,26.48,MiB,,,,,,23.85,
flexgaussian_tian_acmmm2025,2507.06671,Table 3,8,main,FCGS-Opt 1e-4,3DGS,Mip-NeRF 360,stump,25.98,,,101.70,MiB,,,,,,84.14,
flexgaussian_tian_acmmm2025,2507.06671,Table 3,8,main,FCGS-Opt 1e-4,3DGS,Mip-NeRF 360,treehill,22.04,,,77.56,MiB,,,,,,64.04,
flexgaussian_tian_acmmm2025,2507.06671,Table 3,8,main,FCGS-Opt 1e-4,3DGS,Tanks and Temples,train,21.76,,,20.12,MiB,,,,,,18.69,
flexgaussian_tian_acmmm2025,2507.06671,Table 3,8,main,FCGS-Opt 1e-4,3DGS,Tanks and Temples,truck,24.96,,,42.12,MiB,,,,,,41.48,
flexgaussian_tian_acmmm2025,2507.06671,Table 3,8,main,FCGS-Opt 1e-4,3DGS,Deep Blending,drjohnson,28.99,,,61.71,MiB,,,,,,48.22,
flexgaussian_tian_acmmm2025,2507.06671,Table 3,8,main,FCGS-Opt 1e-4,3DGS,Deep Blending,playroom,30.24,,,49.10,MiB,,,,,,36.99,
flexgaussian_tian_acmmm2025,2507.06671,Table 3,8,main,FCGS-Opt 16e-4,3DGS,Mip-NeRF 360,bicycle,,,,,,,,,,,,out of memory on a 24 GiB RTX 3090
flexgaussian_tian_acmmm2025,2507.06671,Table 3,8,main,FCGS-Opt 16e-4,3DGS,Mip-NeRF 360,bonsai,31.49,,,13.50,MiB,,,,,,13.15,
flexgaussian_tian_acmmm2025,2507.06671,Table 3,8,main,FCGS-Opt 16e-4,3DGS,Mip-NeRF 360,counter,28.67,,,13.58,MiB,,,,,,12.94,
flexgaussian_tian_acmmm2025,2507.06671,Table 3,8,main,FCGS-Opt 16e-4,3DGS,Mip-NeRF 360,flowers,,,,,,,,,,,,out of memory on a 24 GiB RTX 3090
flexgaussian_tian_acmmm2025,2507.06671,Table 3,8,main,FCGS-Opt 16e-4,3DGS,Mip-NeRF 360,garden,,,,,,,,,,,,out of memory on a 24 GiB RTX 3090
flexgaussian_tian_acmmm2025,2507.06671,Table 3,8,main,FCGS-Opt 16e-4,3DGS,Mip-NeRF 360,kitchen,30.08,,,20.67,MiB,,,,,,18.65,
flexgaussian_tian_acmmm2025,2507.06671,Table 3,8,main,FCGS-Opt 16e-4,3DGS,Mip-NeRF 360,room,31.07,,,15.21,MiB,,,,,,16.36,
flexgaussian_tian_acmmm2025,2507.06671,Table 3,8,main,FCGS-Opt 16e-4,3DGS,Mip-NeRF 360,stump,,,,,,,,,,,,out of memory on a 24 GiB RTX 3090
flexgaussian_tian_acmmm2025,2507.06671,Table 3,8,main,FCGS-Opt 16e-4,3DGS,Mip-NeRF 360,treehill,22.04,,,42.22,MiB,,,,,,40.60,
flexgaussian_tian_acmmm2025,2507.06671,Table 3,8,main,FCGS-Opt 16e-4,3DGS,Tanks and Temples,train,21.65,,,10.86,MiB,,,,,,11.20,
flexgaussian_tian_acmmm2025,2507.06671,Table 3,8,main,FCGS-Opt 16e-4,3DGS,Tanks and Temples,truck,,,,,,,,,,,,out of memory on a 24 GiB RTX 3090
flexgaussian_tian_acmmm2025,2507.06671,Table 3,8,main,FCGS-Opt 16e-4,3DGS,Deep Blending,drjohnson,,,,34.76,MiB,,,,,,33.72,out of memory on a 24 GiB RTX 3090
flexgaussian_tian_acmmm2025,2507.06671,Table 3,8,main,FCGS-Opt 16e-4,3DGS,Deep Blending,playroom,29.98,,,27.46,MiB,,,,,,25.18,
flexgaussian_tian_acmmm2025,2507.06671,Table 3,8,main,FlexGaussian,3DGS,Mip-NeRF 360,bicycle,24.18,,,70.97,MiB,,,,,,37.75,
flexgaussian_tian_acmmm2025,2507.06671,Table 3,8,main,FlexGaussian,3DGS,Mip-NeRF 360,bonsai,31.05,,,24.56,MiB,,,,,,21.56,
flexgaussian_tian_acmmm2025,2507.06671,Table 3,8,main,FlexGaussian,3DGS,Mip-NeRF 360,counter,28.24,,,19.82,MiB,,,,,,15.27,
flexgaussian_tian_acmmm2025,2507.06671,Table 3,8,main,FlexGaussian,3DGS,Mip-NeRF 360,flowers,20.57,,,31.20,MiB,,,,,,27.42,
flexgaussian_tian_acmmm2025,2507.06671,Table 3,8,main,FlexGaussian,3DGS,Mip-NeRF 360,garden,26.30,,,89.80,MiB,,,,,,30.25,
flexgaussian_tian_acmmm2025,2507.06671,Table 3,8,main,FlexGaussian,3DGS,Mip-NeRF 360,kitchen,30.03,,,36.70,MiB,,,,,,25.66,
flexgaussian_tian_acmmm2025,2507.06671,Table 3,8,main,FlexGaussian,3DGS,Mip-NeRF 360,room,30.67,,,22.03,MiB,,,,,,15.74,
flexgaussian_tian_acmmm2025,2507.06671,Table 3,8,main,FlexGaussian,3DGS,Mip-NeRF 360,stump,25.72,,,57.99,MiB,,,,,,28.60,
flexgaussian_tian_acmmm2025,2507.06671,Table 3,8,main,FlexGaussian,3DGS,Mip-NeRF 360,treehill,21.29,,,23.98,MiB,,,,,,29.00,
flexgaussian_tian_acmmm2025,2507.06671,Table 3,8,main,FlexGaussian,3DGS,Tanks and Temples,train,20.83,,,10.73,MiB,,,,,,13.52,
flexgaussian_tian_acmmm2025,2507.06671,Table 3,8,main,FlexGaussian,3DGS,Tanks and Temples,truck,24.16,,,21.91,MiB,,,,,,22.96,
flexgaussian_tian_acmmm2025,2507.06671,Table 3,8,main,FlexGaussian,3DGS,Deep Blending,drjohnson,28.13,,,29.19,MiB,,,,,,28.93,
flexgaussian_tian_acmmm2025,2507.06671,Table 3,8,main,FlexGaussian,3DGS,Deep Blending,playroom,29.29,,,22.02,MiB,,,,,,22.36,
flexgaussian_tian_acmmm2025,2507.06671,Table 3,8,main,FlexGaussian (Jetson Xavier mobile),3DGS,Mip-NeRF 360,bicycle,,,,,,,,,,,135.49,"; timings on the Nvidia Jetson Xavier, all other rows on an RTX 3090 desktop"
flexgaussian_tian_acmmm2025,2507.06671,Table 3,8,main,FlexGaussian (Jetson Xavier mobile),3DGS,Mip-NeRF 360,bonsai,,,,,,,,,,,94.37,"; timings on the Nvidia Jetson Xavier, all other rows on an RTX 3090 desktop"
flexgaussian_tian_acmmm2025,2507.06671,Table 3,8,main,FlexGaussian (Jetson Xavier mobile),3DGS,Mip-NeRF 360,counter,,,,,,,,,,,68.34,"; timings on the Nvidia Jetson Xavier, all other rows on an RTX 3090 desktop"
flexgaussian_tian_acmmm2025,2507.06671,Table 3,8,main,FlexGaussian (Jetson Xavier mobile),3DGS,Mip-NeRF 360,flowers,,,,,,,,,,,91.33,"; timings on the Nvidia Jetson Xavier, all other rows on an RTX 3090 desktop"
flexgaussian_tian_acmmm2025,2507.06671,Table 3,8,main,FlexGaussian (Jetson Xavier mobile),3DGS,Mip-NeRF 360,garden,,,,,,,,,,,117.18,"; timings on the Nvidia Jetson Xavier, all other rows on an RTX 3090 desktop"
flexgaussian_tian_acmmm2025,2507.06671,Table 3,8,main,FlexGaussian (Jetson Xavier mobile),3DGS,Mip-NeRF 360,kitchen,,,,,,,,,,,122.48,"; timings on the Nvidia Jetson Xavier, all other rows on an RTX 3090 desktop"
flexgaussian_tian_acmmm2025,2507.06671,Table 3,8,main,FlexGaussian (Jetson Xavier mobile),3DGS,Mip-NeRF 360,room,,,,,,,,,,,82.22,"; timings on the Nvidia Jetson Xavier, all other rows on an RTX 3090 desktop"
flexgaussian_tian_acmmm2025,2507.06671,Table 3,8,main,FlexGaussian (Jetson Xavier mobile),3DGS,Mip-NeRF 360,stump,,,,,,,,,,,66.31,"; timings on the Nvidia Jetson Xavier, all other rows on an RTX 3090 desktop"
flexgaussian_tian_acmmm2025,2507.06671,Table 3,8,main,FlexGaussian (Jetson Xavier mobile),3DGS,Mip-NeRF 360,treehill,,,,,,,,,,,82.21,"; timings on the Nvidia Jetson Xavier, all other rows on an RTX 3090 desktop"
flexgaussian_tian_acmmm2025,2507.06671,Table 3,8,main,FlexGaussian (Jetson Xavier mobile),3DGS,Tanks and Temples,train,,,,,,,,,,,59.42,"; timings on the Nvidia Jetson Xavier, all other rows on an RTX 3090 desktop"
flexgaussian_tian_acmmm2025,2507.06671,Table 3,8,main,FlexGaussian (Jetson Xavier mobile),3DGS,Tanks and Temples,truck,,,,,,,,,,,73.88,"; timings on the Nvidia Jetson Xavier, all other rows on an RTX 3090 desktop"
flexgaussian_tian_acmmm2025,2507.06671,Table 3,8,main,FlexGaussian (Jetson Xavier mobile),3DGS,Deep Blending,drjohnson,,,,,,,,,,,113.45,"; timings on the Nvidia Jetson Xavier, all other rows on an RTX 3090 desktop"
flexgaussian_tian_acmmm2025,2507.06671,Table 3,8,main,FlexGaussian (Jetson Xavier mobile),3DGS,Deep Blending,playroom,,,,,,,,,,,77.15,"; timings on the Nvidia Jetson Xavier, all other rows on an RTX 3090 desktop"
flexgaussian_tian_acmmm2025,2507.06671,Table 4,8,ablation,Baseline (3D-GS),3DGS,Mip-NeRF 360,garden,27.18,,,1379.99,MiB,,,,,,,module-level ablation of ADP (attribute-discriminative pruning) and MPQ (mixed-precision quantization)
flexgaussian_tian_acmmm2025,2507.06671,Table 4,8,ablation,Baseline (3D-GS),3DGS,Tanks and Temples,truck,24.94,,,601.03,MiB,,,,,,,module-level ablation of ADP (attribute-discriminative pruning) and MPQ (mixed-precision quantization)
flexgaussian_tian_acmmm2025,2507.06671,Table 4,8,ablation,Baseline (3D-GS),3DGS,Deep Blending,drjohnson,28.94,,,805.36,MiB,,,,,,,module-level ablation of ADP (attribute-discriminative pruning) and MPQ (mixed-precision quantization)
flexgaussian_tian_acmmm2025,2507.06671,Table 4,8,ablation,FlexGaussian + ADP only,3DGS,Mip-NeRF 360,garden,26.51,,,439.73,MiB,,,,,,,module-level ablation of ADP (attribute-discriminative pruning) and MPQ (mixed-precision quantization)
flexgaussian_tian_acmmm2025,2507.06671,Table 4,8,ablation,FlexGaussian + ADP only,3DGS,Tanks and Temples,truck,24.27,,,102.89,MiB,,,,,,,module-level ablation of ADP (attribute-discriminative pruning) and MPQ (mixed-precision quantization)
flexgaussian_tian_acmmm2025,2507.06671,Table 4,8,ablation,FlexGaussian + ADP only,3DGS,Deep Blending,drjohnson,28.21,,,137.87,MiB,,,,,,,module-level ablation of ADP (attribute-discriminative pruning) and MPQ (mixed-precision quantization)
flexgaussian_tian_acmmm2025,2507.06671,Table 4,8,ablation,FlexGaussian + MPQ only,3DGS,Mip-NeRF 360,garden,26.81,,,216.65,MiB,,,,,,,module-level ablation of ADP (attribute-discriminative pruning) and MPQ (mixed-precision quantization)
flexgaussian_tian_acmmm2025,2507.06671,Table 4,8,ablation,FlexGaussian + MPQ only,3DGS,Tanks and Temples,truck,24.69,,,93.97,MiB,,,,,,,module-level ablation of ADP (attribute-discriminative pruning) and MPQ (mixed-precision quantization)
flexgaussian_tian_acmmm2025,2507.06671,Table 4,8,ablation,FlexGaussian + MPQ only,3DGS,Deep Blending,drjohnson,28.81,,,124.43,MiB,,,,,,,module-level ablation of ADP (attribute-discriminative pruning) and MPQ (mixed-precision quantization)
flexgaussian_tian_acmmm2025,2507.06671,Table 4,8,ablation,FlexGaussian (ADP + MPQ),3DGS,Mip-NeRF 360,garden,26.29,,,89.58,MiB,,,,,,,module-level ablation of ADP (attribute-discriminative pruning) and MPQ (mixed-precision quantization)
flexgaussian_tian_acmmm2025,2507.06671,Table 4,8,ablation,FlexGaussian (ADP + MPQ),3DGS,Tanks and Temples,truck,24.1,,,21.87,MiB,,,,,,,module-level ablation of ADP (attribute-discriminative pruning) and MPQ (mixed-precision quantization)
flexgaussian_tian_acmmm2025,2507.06671,Table 4,8,ablation,FlexGaussian (ADP + MPQ),3DGS,Deep Blending,drjohnson,28.11,,,28.98,MiB,,,,,,,module-level ablation of ADP (attribute-discriminative pruning) and MPQ (mixed-precision quantization)
flexgaussian_tian_acmmm2025,2507.06671,Table 5,8,ablation,Baseline (3D-GS),3DGS,Mip-NeRF 360,garden,27.18,,,1379.99,MiB,,,,,,,"pruning-dimension ablation with quantization deactivated; Row-P prunes primitives, SH-P prunes SH coefficients, ADP does both"
flexgaussian_tian_acmmm2025,2507.06671,Table 5,8,ablation,Baseline (3D-GS),3DGS,Tanks and Temples,truck,24.94,,,601.03,MiB,,,,,,,"pruning-dimension ablation with quantization deactivated; Row-P prunes primitives, SH-P prunes SH coefficients, ADP does both"
flexgaussian_tian_acmmm2025,2507.06671,Table 5,8,ablation,Baseline (3D-GS),3DGS,Deep Blending,drjohnson,28.94,,,805.36,MiB,,,,,,,"pruning-dimension ablation with quantization deactivated; Row-P prunes primitives, SH-P prunes SH coefficients, ADP does both"
flexgaussian_tian_acmmm2025,2507.06671,Table 5,8,ablation,Row-P,3DGS,Mip-NeRF 360,garden,25.1,,,552.0,MiB,,,,,,,"pruning-dimension ablation with quantization deactivated; Row-P prunes primitives, SH-P prunes SH coefficients, ADP does both"
flexgaussian_tian_acmmm2025,2507.06671,Table 5,8,ablation,Row-P,3DGS,Tanks and Temples,truck,21.82,,,120.21,MiB,,,,,,,"pruning-dimension ablation with quantization deactivated; Row-P prunes primitives, SH-P prunes SH coefficients, ADP does both"
flexgaussian_tian_acmmm2025,2507.06671,Table 5,8,ablation,Row-P,3DGS,Deep Blending,drjohnson,26.53,,,161.07,MiB,,,,,,,"pruning-dimension ablation with quantization deactivated; Row-P prunes primitives, SH-P prunes SH coefficients, ADP does both"
flexgaussian_tian_acmmm2025,2507.06671,Table 5,8,ablation,SH-P,3DGS,Mip-NeRF 360,garden,23.71,,,327.46,MiB,,,,,,,"pruning-dimension ablation with quantization deactivated; Row-P prunes primitives, SH-P prunes SH coefficients, ADP does both"
flexgaussian_tian_acmmm2025,2507.06671,Table 5,8,ablation,SH-P,3DGS,Tanks and Temples,truck,22.9,,,142.62,MiB,,,,,,,"pruning-dimension ablation with quantization deactivated; Row-P prunes primitives, SH-P prunes SH coefficients, ADP does both"
flexgaussian_tian_acmmm2025,2507.06671,Table 5,8,ablation,SH-P,3DGS,Deep Blending,drjohnson,27.4,,,191.1,MiB,,,,,,,"pruning-dimension ablation with quantization deactivated; Row-P prunes primitives, SH-P prunes SH coefficients, ADP does both"
flexgaussian_tian_acmmm2025,2507.06671,Table 5,8,ablation,ADP,3DGS,Mip-NeRF 360,garden,26.51,,,439.73,MiB,,,,,,,"pruning-dimension ablation with quantization deactivated; Row-P prunes primitives, SH-P prunes SH coefficients, ADP does both"
flexgaussian_tian_acmmm2025,2507.06671,Table 5,8,ablation,ADP,3DGS,Tanks and Temples,truck,24.27,,,102.89,MiB,,,,,,,"pruning-dimension ablation with quantization deactivated; Row-P prunes primitives, SH-P prunes SH coefficients, ADP does both"
flexgaussian_tian_acmmm2025,2507.06671,Table 5,8,ablation,ADP,3DGS,Deep Blending,drjohnson,28.21,,,137.87,MiB,,,,,,,"pruning-dimension ablation with quantization deactivated; Row-P prunes primitives, SH-P prunes SH coefficients, ADP does both"
flexgaussian_tian_acmmm2025,2507.06671,Table 7,9,ablation,Baseline (3D-GS),3DGS,Mip-NeRF 360,garden,27.18,,,1379.99,MiB,,,,,,,FlexGaussian driven by MesonGS importance scores instead of its own
flexgaussian_tian_acmmm2025,2507.06671,Table 7,9,ablation,Baseline (3D-GS),3DGS,Tanks and Temples,truck,24.94,,,601.03,MiB,,,,,,,FlexGaussian driven by MesonGS importance scores instead of its own
flexgaussian_tian_acmmm2025,2507.06671,Table 7,9,ablation,Baseline (3D-GS),3DGS,Deep Blending,drjohnson,28.94,,,805.36,MiB,,,,,,,FlexGaussian driven by MesonGS importance scores instead of its own
flexgaussian_tian_acmmm2025,2507.06671,Table 7,9,ablation,MesonGS scores,3DGS,Mip-NeRF 360,garden,26.3,,,80.4,MiB,,,,,,,FlexGaussian driven by MesonGS importance scores instead of its own
flexgaussian_tian_acmmm2025,2507.06671,Table 7,9,ablation,MesonGS scores,3DGS,Tanks and Temples,truck,23.99,,,21.87,MiB,,,,,,,FlexGaussian driven by MesonGS importance scores instead of its own
flexgaussian_tian_acmmm2025,2507.06671,Table 7,9,ablation,MesonGS scores,3DGS,Deep Blending,drjohnson,28.24,,,28.98,MiB,,,,,,,FlexGaussian driven by MesonGS importance scores instead of its own
flexgaussian_tian_acmmm2025,2507.06671,Table 7,9,ablation,FlexGaussian,3DGS,Mip-NeRF 360,garden,27.17,,,89.8,MiB,,,,,,,FlexGaussian driven by MesonGS importance scores instead of its own
flexgaussian_tian_acmmm2025,2507.06671,Table 7,9,ablation,FlexGaussian,3DGS,Tanks and Temples,truck,24.16,,,21.91,MiB,,,,,,,FlexGaussian driven by MesonGS importance scores instead of its own
flexgaussian_tian_acmmm2025,2507.06671,Table 7,9,ablation,FlexGaussian,3DGS,Deep Blending,drjohnson,28.13,,,29.19,MiB,,,,,,,FlexGaussian driven by MesonGS importance scores instead of its own
flexgaussian_tian_acmmm2025,2507.06671,Table 6,8,ablation,Baseline (3D-GS),3DGS,Mip-NeRF 360,garden,27.18,0.861,0.115,,,,,,,,,"pruning deactivated; size not tabulated, compression ratio held fixed"
flexgaussian_tian_acmmm2025,2507.06671,Table 6,8,ablation,Baseline (3D-GS),3DGS,Mip-NeRF 360,bonsai,31.98,0.938,0.208,,,,,,,,,"pruning deactivated; size not tabulated, compression ratio held fixed"
flexgaussian_tian_acmmm2025,2507.06671,Table 6,8,ablation,FlexGaussian w/o subchannel group quant.,3DGS,Mip-NeRF 360,garden,26.45,0.832,0.148,,,,,,,,,"pruning deactivated; size not tabulated, compression ratio held fixed"
flexgaussian_tian_acmmm2025,2507.06671,Table 6,8,ablation,FlexGaussian w/o subchannel group quant.,3DGS,Mip-NeRF 360,bonsai,30.25,0.915,0.237,,,,,,,,,"pruning deactivated; size not tabulated, compression ratio held fixed"
flexgaussian_tian_acmmm2025,2507.06671,Table 6,8,ablation,FlexGaussian w/ subchannel group quant.,3DGS,Mip-NeRF 360,garden,26.81,0.846,0.131,,,,,,,,,"pruning deactivated; size not tabulated, compression ratio held fixed"
flexgaussian_tian_acmmm2025,2507.06671,Table 6,8,ablation,FlexGaussian w/ subchannel group quant.,3DGS,Mip-NeRF 360,bonsai,31.19,0.928,0.219,,,,,,,,,"pruning deactivated; size not tabulated, compression ratio held fixed"
geta_3dgs_zhang_2026,2605.02086,Table II,10,main,Vanilla 3DGS,3DGS,Mip-NeRF 360,average,25.15,0.712,,20.83,MB,,692.8,,,,,measured by the GETA authors in their own environment; entropy-coded vanilla baseline; comp. ratio 1.0x
geta_3dgs_zhang_2026,2605.02086,Table II,10,main,LP-3DGS,3DGS,Mip-NeRF 360,average,27.47,0.812,0.227,271.6,MB,,,,,,,dagger row reproduced from LP-3DGS Tables 1/7 RadSplat-score variant; size computed from the reported pruning ratio on LP-3DGS's own uncompressed FP storage
geta_3dgs_zhang_2026,2605.02086,Table II,10,main,CompGS,3DGS,Mip-NeRF 360,average,27.16,0.808,0.228,54.60,MB,,,,,,,dagger row reproduced from CompGS Table 1 CompGS-32K variant
geta_3dgs_zhang_2026,2605.02086,Table II,10,main,FlexGaussian,3DGS,Mip-NeRF 360,average,26.38,0.780,0.251,40.80,MB,,,,,,,dagger row reproduced from FlexGaussian Table 1
geta_3dgs_zhang_2026,2605.02086,Table II,10,main,HAC++,Scaffold-GS,Mip-NeRF 360,average,27.60,0.803,0.253,8.34,MB,,,,,,,dagger row reproduced from HAC++ Table II low-rate variant
geta_3dgs_zhang_2026,2605.02086,Table II,10,main,Naive PTQ (8-bit),3DGS,Mip-NeRF 360,average,16.73,0.398,,20.13,MB,,656.2,,,,,sequential opacity-threshold pruning then post-training INT8 quantization; measured by the GETA authors
geta_3dgs_zhang_2026,2605.02086,Table II,10,main,GETA-3DGS,3DGS,Mip-NeRF 360,average,23.36,0.631,0.430,4.86,MB,,,,,,,competitive bit preset; comp. ratio 4.29x; metrics at iteration T4=35k
geta_3dgs_zhang_2026,2605.02086,Table II,10,main,Vanilla 3DGS,3DGS,Tanks and Temples,average,22.30,0.794,,24.80,MB,,664.8,,,,,truck and train; measured by the GETA authors
geta_3dgs_zhang_2026,2605.02086,Table II,10,main,LP-3DGS,3DGS,Tanks and Temples,average,23.60,0.842,0.188,132.2,MB,,,,,,,dagger row; size computed from reported pruning ratio
geta_3dgs_zhang_2026,2605.02086,Table II,10,main,CompGS,3DGS,Tanks and Temples,average,23.47,0.840,0.188,54.60,MB,,,,,,,dagger row; CompGS-32K
geta_3dgs_zhang_2026,2605.02086,Table II,10,main,FlexGaussian,3DGS,Tanks and Temples,average,22.44,0.804,0.219,16.30,MB,,,,,,,dagger row
geta_3dgs_zhang_2026,2605.02086,Table II,10,main,HAC++,Scaffold-GS,Tanks and Temples,average,24.22,0.849,0.190,5.18,MB,,,,,,,dagger row; low-rate variant
geta_3dgs_zhang_2026,2605.02086,Table II,10,main,Naive PTQ (8-bit),3DGS,Tanks and Temples,average,11.87,0.341,,22.97,MB,,473.7,,,,,
geta_3dgs_zhang_2026,2605.02086,Table II,10,main,GETA-3DGS,3DGS,Tanks and Temples,average,20.22,0.666,0.305,5.36,MB,,,,,,,comp. ratio 4.63x
geta_3dgs_zhang_2026,2605.02086,Table II,10,main,Vanilla 3DGS,3DGS,Deep Blending,average,27.83,0.872,,11.16,MB,,944.9,,,,,playroom and drjohnson; measured by the GETA authors
geta_3dgs_zhang_2026,2605.02086,Table II,10,main,CompGS,3DGS,Deep Blending,average,29.75,0.903,0.247,54.60,MB,,,,,,,dagger row; CompGS-32K
geta_3dgs_zhang_2026,2605.02086,Table II,10,main,FlexGaussian,3DGS,Deep Blending,average,28.61,0.884,0.269,25.48,MB,,,,,,,dagger row
geta_3dgs_zhang_2026,2605.02086,Table II,10,main,HAC++,Scaffold-GS,Deep Blending,average,30.16,0.907,0.266,2.91,MB,,,,,,,dagger row; low-rate variant
geta_3dgs_zhang_2026,2605.02086,Table II,10,main,Naive PTQ (8-bit),3DGS,Deep Blending,average,22.89,0.676,,10.81,MB,,846.5,,,,,
geta_3dgs_zhang_2026,2605.02086,Table II,10,main,GETA-3DGS,3DGS,Deep Blending,average,27.13,0.862,0.165,2.51,MB,,,,,,,comp. ratio 4.45x
geta_3dgs_zhang_2026,2605.02086,Table III,11,main,GETA-3DGS,3DGS,Mip-NeRF 360,average,,,,,,,,1872,,2.348,,printed as 0.52 h train / 2348 ms decode / 5.04 ms render / 419 MB peak GPU / 63.7 bytes per Gaussian; A100
geta_3dgs_zhang_2026,2605.02086,Table III,11,main,GETA-3DGS,3DGS,Tanks and Temples,average,,,,,,,,1188,,6.209,,printed as 0.33 h / 6209 ms / 4.11 ms render / 248 MB peak GPU / 63.7 bytes per Gaussian
geta_3dgs_zhang_2026,2605.02086,Table III,11,main,GETA-3DGS,3DGS,Deep Blending,average,,,,,,,,1332,,0.761,,printed as 0.37 h / 761 ms / 4.35 ms render / 116 MB peak GPU / 63.7 bytes per Gaussian
geta_3dgs_zhang_2026,2605.02086,Table IV,12,ablation,GETA-3DGS (full),3DGS,Mip-NeRF 360,average,22.53,,,,,77100,,,,,,sparsity target K=50k; mean post-pruning Gaussian count 77.1k; mean bit-width 7.41
geta_3dgs_zhang_2026,2605.02086,Table IV,12,ablation,GETA-3DGS w/o render-aware saliency,3DGS,Mip-NeRF 360,average,22.57,,,,,77000,,,,,,mean bit-width 7.72; delta PSNR +0.04
geta_3dgs_zhang_2026,2605.02086,Table IV,12,ablation,GETA-3DGS w/o per-attribute bit-widths,3DGS,Mip-NeRF 360,average,22.44,,,,,76500,,,,,,mean bit-width 8.90; delta PSNR -0.09
geta_3dgs_zhang_2026,2605.02086,Table IV,12,ablation,GETA-3DGS w/o cool-down stage,3DGS,Mip-NeRF 360,average,22.51,,,,,76700,,,,,,mean bit-width 7.75; delta PSNR -0.02
geta_3dgs_zhang_2026,2605.02086,Table IV,12,ablation,GETA-3DGS w/o bit-budget projection,3DGS,Mip-NeRF 360,average,22.64,,,,,73800,,,,,,mean bit-width 8.37; delta PSNR +0.11
geta_3dgs_zhang_2026,2605.02086,Table IV,12,ablation,GETA-3DGS uniform 6-bit quantization,3DGS,Mip-NeRF 360,average,20.35,,,,,70500,,,,,,mean bit-width 7.17; delta PSNR -2.18
geta_3dgs_zhang_2026,2605.02086,Fig. 2 / Fig. 6,9,ablation,GETA-3DGS,3DGS,Mip-NeRF 360,average,21.65,,,4.1,MB,,,,,,,"budget sweep B=5 MB at the compressive bit preset; realised size lands in 4.0-4.2 MB for every B in {3,5,8,10,12,30,60,120}; the size budget is NON-BINDING"
geta_3dgs_zhang_2026,2605.02086,Fig. 2 / Fig. 6,9,ablation,GETA-3DGS,3DGS,Mip-NeRF 360,average,22.55,,,4.1,MB,,,,,,,budget sweep B=60 MB at the compressive bit preset; same realised size band as B=5; the size budget is NON-BINDING
kiss_gs_morgenstern_eccv2026,2608.26948,Table 1,12,main,Inria 3DGS (30k),3DGS,Tanks and Temples,average,23.77,0.847,0.17,,,1563000,,,,,,"post-training pruning of a 30k vanilla 3DGS checkpoint, removing 90% of Gaussians; size is reported as a primitive count, not bytes; uncompacted reference, no rank given"
kiss_gs_morgenstern_eccv2026,2608.26948,Table 1,12,main,Inria 3DGS (30k),3DGS,Mip-NeRF 360,average,27.28,0.807,0.222,,,2723000,,,,,,"post-training pruning of a 30k vanilla 3DGS checkpoint, removing 90% of Gaussians; size is reported as a primitive count, not bytes; uncompacted reference, no rank given"
kiss_gs_morgenstern_eccv2026,2608.26948,Table 1,12,main,Inria 3DGS (30k),3DGS,Deep Blending,average,29.69,0.905,0.242,,,2463000,,,,,,"post-training pruning of a 30k vanilla 3DGS checkpoint, removing 90% of Gaussians; size is reported as a primitive count, not bytes; uncompacted reference, no rank given"
kiss_gs_morgenstern_eccv2026,2608.26948,Table 1,12,main,Inria 3DGS (30k),3DGS,NeRF Synthetic,average,33.46,0.97,0.03,,,259000,,,,,,"post-training pruning of a 30k vanilla 3DGS checkpoint, removing 90% of Gaussians; size is reported as a primitive count, not bytes; uncompacted reference, no rank given"
kiss_gs_morgenstern_eccv2026,2608.26948,Table 1,12,main,Inria 3DGS + KISS-GS POPSpa (+10k),3DGS,Tanks and Temples,average,23.37,0.819,0.231,,,156000,,,,,,"post-training pruning of a 30k vanilla 3DGS checkpoint, removing 90% of Gaussians; size is reported as a primitive count, not bytes; average rank 1.1"
kiss_gs_morgenstern_eccv2026,2608.26948,Table 1,12,main,Inria 3DGS + KISS-GS POPSpa (+10k),3DGS,Mip-NeRF 360,average,26.78,0.781,0.289,,,272000,,,,,,"post-training pruning of a 30k vanilla 3DGS checkpoint, removing 90% of Gaussians; size is reported as a primitive count, not bytes; average rank 1.1"
kiss_gs_morgenstern_eccv2026,2608.26948,Table 1,12,main,Inria 3DGS + KISS-GS POPSpa (+10k),3DGS,Deep Blending,average,29.51,0.903,0.265,,,246000,,,,,,"post-training pruning of a 30k vanilla 3DGS checkpoint, removing 90% of Gaussians; size is reported as a primitive count, not bytes; average rank 1.1"
kiss_gs_morgenstern_eccv2026,2608.26948,Table 1,12,main,Inria 3DGS + KISS-GS POPSpa (+10k),3DGS,NeRF Synthetic,average,32.46,0.964,0.041,,,25000,,,,,,"post-training pruning of a 30k vanilla 3DGS checkpoint, removing 90% of Gaussians; size is reported as a primitive count, not bytes; average rank 1.1"
kiss_gs_morgenstern_eccv2026,2608.26948,Table 1,12,main,Inria 3DGS + Speedy-Splat (+10k),3DGS,Tanks and Temples,average,23.52,0.813,0.245,,,156000,,,,,,"post-training pruning of a 30k vanilla 3DGS checkpoint, removing 90% of Gaussians; size is reported as a primitive count, not bytes; average rank 1.5"
kiss_gs_morgenstern_eccv2026,2608.26948,Table 1,12,main,Inria 3DGS + Speedy-Splat (+10k),3DGS,Mip-NeRF 360,average,26.87,0.772,0.305,,,272000,,,,,,"post-training pruning of a 30k vanilla 3DGS checkpoint, removing 90% of Gaussians; size is reported as a primitive count, not bytes; average rank 1.5"
kiss_gs_morgenstern_eccv2026,2608.26948,Table 1,12,main,Inria 3DGS + Speedy-Splat (+10k),3DGS,Deep Blending,average,29.45,0.902,0.267,,,246000,,,,,,"post-training pruning of a 30k vanilla 3DGS checkpoint, removing 90% of Gaussians; size is reported as a primitive count, not bytes; average rank 1.5"
kiss_gs_morgenstern_eccv2026,2608.26948,Table 1,12,main,Inria 3DGS + Speedy-Splat (+10k),3DGS,NeRF Synthetic,average,32.4,0.962,0.045,,,25000,,,,,,"post-training pruning of a 30k vanilla 3DGS checkpoint, removing 90% of Gaussians; size is reported as a primitive count, not bytes; average rank 1.5"
kiss_gs_morgenstern_eccv2026,2608.26948,Table 1,12,main,Inria 3DGS + PUP 3D-GS (+10k),3DGS,Tanks and Temples,average,22.62,0.798,0.251,,,156000,,,,,,"post-training pruning of a 30k vanilla 3DGS checkpoint, removing 90% of Gaussians; size is reported as a primitive count, not bytes; average rank 1.8"
kiss_gs_morgenstern_eccv2026,2608.26948,Table 1,12,main,Inria 3DGS + PUP 3D-GS (+10k),3DGS,Mip-NeRF 360,average,25.58,0.767,0.3,,,272000,,,,,,"post-training pruning of a 30k vanilla 3DGS checkpoint, removing 90% of Gaussians; size is reported as a primitive count, not bytes; average rank 1.8"
kiss_gs_morgenstern_eccv2026,2608.26948,Table 1,12,main,Inria 3DGS + PUP 3D-GS (+10k),3DGS,Deep Blending,average,29.26,0.903,0.264,,,246000,,,,,,"post-training pruning of a 30k vanilla 3DGS checkpoint, removing 90% of Gaussians; size is reported as a primitive count, not bytes; average rank 1.8"
kiss_gs_morgenstern_eccv2026,2608.26948,Table 1,12,main,Inria 3DGS + PUP 3D-GS (+10k),3DGS,NeRF Synthetic,average,31.49,0.958,0.049,,,25000,,,,,,"post-training pruning of a 30k vanilla 3DGS checkpoint, removing 90% of Gaussians; size is reported as a primitive count, not bytes; average rank 1.8"
kiss_gs_morgenstern_eccv2026,2608.26948,Table 1,12,main,gsplat-MCMC (30k),3DGS-MCMC,Tanks and Temples,average,24.54,0.869,0.15,,,1280000,,,,,,"compaction-aware training, 40k steps for every method except Mini-Splatting2 (28k); size is a primitive count, not bytes; uncompacted reference, no rank given"
kiss_gs_morgenstern_eccv2026,2608.26948,Table 1,12,main,gsplat-MCMC (30k),3DGS-MCMC,Mip-NeRF 360,average,27.95,0.829,0.196,,,2560000,,,,,,"compaction-aware training, 40k steps for every method except Mini-Splatting2 (28k); size is a primitive count, not bytes; uncompacted reference, no rank given"
kiss_gs_morgenstern_eccv2026,2608.26948,Table 1,12,main,gsplat-MCMC (30k),3DGS-MCMC,Deep Blending,average,30.08,0.907,0.244,,,1280000,,,,,,"compaction-aware training, 40k steps for every method except Mini-Splatting2 (28k); size is a primitive count, not bytes; uncompacted reference, no rank given"
kiss_gs_morgenstern_eccv2026,2608.26948,Table 1,12,main,gsplat-MCMC (30k),3DGS-MCMC,NeRF Synthetic,average,33.82,0.972,0.028,,,320000,,,,,,"compaction-aware training, 40k steps for every method except Mini-Splatting2 (28k); size is a primitive count, not bytes; uncompacted reference, no rank given"
kiss_gs_morgenstern_eccv2026,2608.26948,Table 1,12,main,gsplat-MCMC + KISS-GS POPSpa (+10k),3DGS-MCMC,Tanks and Temples,average,24.47,0.856,0.179,,,256000,,,,,,"compaction-aware training, 40k steps for every method except Mini-Splatting2 (28k); size is a primitive count, not bytes; average rank 1.7"
kiss_gs_morgenstern_eccv2026,2608.26948,Table 1,12,main,gsplat-MCMC + KISS-GS POPSpa (+10k),3DGS-MCMC,Mip-NeRF 360,average,27.79,0.811,0.239,,,512000,,,,,,"compaction-aware training, 40k steps for every method except Mini-Splatting2 (28k); size is a primitive count, not bytes; average rank 1.7"
kiss_gs_morgenstern_eccv2026,2608.26948,Table 1,12,main,gsplat-MCMC + KISS-GS POPSpa (+10k),3DGS-MCMC,Deep Blending,average,29.94,0.904,0.262,,,256000,,,,,,"compaction-aware training, 40k steps for every method except Mini-Splatting2 (28k); size is a primitive count, not bytes; average rank 1.7"
kiss_gs_morgenstern_eccv2026,2608.26948,Table 1,12,main,gsplat-MCMC + KISS-GS POPSpa (+10k),3DGS-MCMC,NeRF Synthetic,average,33.41,0.969,0.032,,,64000,,,,,,"compaction-aware training, 40k steps for every method except Mini-Splatting2 (28k); size is a primitive count, not bytes; average rank 1.7"
kiss_gs_morgenstern_eccv2026,2608.26948,Table 1,12,main,gsplat-MCMC (40k),3DGS-MCMC,Tanks and Temples,average,23.9,0.841,0.205,,,256000,,,,,,"compaction-aware training, 40k steps for every method except Mini-Splatting2 (28k); size is a primitive count, not bytes; average rank 2.5"
kiss_gs_morgenstern_eccv2026,2608.26948,Table 1,12,main,gsplat-MCMC (40k),3DGS-MCMC,Mip-NeRF 360,average,27.52,0.809,0.243,,,512000,,,,,,"compaction-aware training, 40k steps for every method except Mini-Splatting2 (28k); size is a primitive count, not bytes; average rank 2.5"
kiss_gs_morgenstern_eccv2026,2608.26948,Table 1,12,main,gsplat-MCMC (40k),3DGS-MCMC,Deep Blending,average,29.43,0.899,0.27,,,256000,,,,,,"compaction-aware training, 40k steps for every method except Mini-Splatting2 (28k); size is a primitive count, not bytes; average rank 2.5"
kiss_gs_morgenstern_eccv2026,2608.26948,Table 1,12,main,gsplat-MCMC (40k),3DGS-MCMC,NeRF Synthetic,average,32.73,0.967,0.036,,,64000,,,,,,"compaction-aware training, 40k steps for every method except Mini-Splatting2 (28k); size is a primitive count, not bytes; average rank 2.5"
kiss_gs_morgenstern_eccv2026,2608.26948,Table 1,12,main,GaussianSpa (40k),3DGS,Tanks and Temples,average,23.63,0.849,0.171,,,349000,,,,,,"compaction-aware training, 40k steps for every method except Mini-Splatting2 (28k); size is a primitive count, not bytes; average rank 2.8"
kiss_gs_morgenstern_eccv2026,2608.26948,Table 1,12,main,GaussianSpa (40k),3DGS,Mip-NeRF 360,average,27.4,0.817,0.227,,,561000,,,,,,"compaction-aware training, 40k steps for every method except Mini-Splatting2 (28k); size is a primitive count, not bytes; average rank 2.8"
kiss_gs_morgenstern_eccv2026,2608.26948,Table 1,12,main,GaussianSpa (40k),3DGS,Deep Blending,average,30.09,0.913,0.245,,,457000,,,,,,"compaction-aware training, 40k steps for every method except Mini-Splatting2 (28k); size is a primitive count, not bytes; average rank 2.8"
kiss_gs_morgenstern_eccv2026,2608.26948,Table 1,12,main,GaussianSpa (40k),3DGS,NeRF Synthetic,average,33.34,0.968,0.029,,,212000,,,,,,"compaction-aware training, 40k steps for every method except Mini-Splatting2 (28k); size is a primitive count, not bytes; average rank 2.8"
kiss_gs_morgenstern_eccv2026,2608.26948,Table 1,12,main,Mini-Splatting2 (28k),3DGS,Tanks and Temples,average,23.57,0.843,0.178,,,357000,,,,,,"compaction-aware training, 40k steps for every method except Mini-Splatting2 (28k); size is a primitive count, not bytes; average rank 3.3"
kiss_gs_morgenstern_eccv2026,2608.26948,Table 1,12,main,Mini-Splatting2 (28k),3DGS,Mip-NeRF 360,average,27.33,0.815,0.223,,,619000,,,,,,"compaction-aware training, 40k steps for every method except Mini-Splatting2 (28k); size is a primitive count, not bytes; average rank 3.3"
kiss_gs_morgenstern_eccv2026,2608.26948,Table 1,12,main,Mini-Splatting2 (28k),3DGS,Deep Blending,average,30.05,0.911,0.241,,,658000,,,,,,"compaction-aware training, 40k steps for every method except Mini-Splatting2 (28k); size is a primitive count, not bytes; average rank 3.3"
kiss_gs_morgenstern_eccv2026,2608.26948,Table 1,12,main,Mini-Splatting2 (28k),3DGS,NeRF Synthetic,average,32.69,0.964,0.037,,,54000,,,,,,"compaction-aware training, 40k steps for every method except Mini-Splatting2 (28k); size is a primitive count, not bytes; average rank 3.3"
kiss_gs_morgenstern_eccv2026,2608.26948,Table 1,12,main,Taming 3DGS (40k),3DGS,Tanks and Temples,average,24.1,0.836,0.203,,,318000,,,,,,"compaction-aware training, 40k steps for every method except Mini-Splatting2 (28k); size is a primitive count, not bytes; average rank 3.9; NeRF Synthetic not reported"
kiss_gs_morgenstern_eccv2026,2608.26948,Table 1,12,main,Taming 3DGS (40k),3DGS,Mip-NeRF 360,average,27.33,0.795,0.258,,,684000,,,,,,"compaction-aware training, 40k steps for every method except Mini-Splatting2 (28k); size is a primitive count, not bytes; average rank 3.9; NeRF Synthetic not reported"
kiss_gs_morgenstern_eccv2026,2608.26948,Table 1,12,main,Taming 3DGS (40k),3DGS,Deep Blending,average,29.77,0.903,0.273,,,294000,,,,,,"compaction-aware training, 40k steps for every method except Mini-Splatting2 (28k); size is a primitive count, not bytes; average rank 3.9; NeRF Synthetic not reported"
kiss_gs_morgenstern_eccv2026,2608.26948,Table 4,21,ablation,gsplat-MCMC (30k),3DGS-MCMC,Tanks and Temples,average,24.74,0.875,0.134,,,2560000,,,,,,"POPSpa component ablation, starting from a gsplat-MCMC 30k checkpoint and applying two rounds of prune-refine"
kiss_gs_morgenstern_eccv2026,2608.26948,Table 4,21,ablation,gsplat-MCMC (30k),3DGS-MCMC,Mip-NeRF 360,average,27.95,0.829,0.196,,,2560000,,,,,,"POPSpa component ablation, starting from a gsplat-MCMC 30k checkpoint and applying two rounds of prune-refine"
kiss_gs_morgenstern_eccv2026,2608.26948,Table 4,21,ablation,gsplat-MCMC (30k),3DGS-MCMC,Deep Blending,average,29.97,0.907,0.239,,,2048000,,,,,,"POPSpa component ablation, starting from a gsplat-MCMC 30k checkpoint and applying two rounds of prune-refine"
kiss_gs_morgenstern_eccv2026,2608.26948,Table 4,21,ablation,gsplat-MCMC (30k),3DGS-MCMC,NeRF Synthetic,average,33.98,0.972,0.027,,,640000,,,,,,"POPSpa component ablation, starting from a gsplat-MCMC 30k checkpoint and applying two rounds of prune-refine"
kiss_gs_morgenstern_eccv2026,2608.26948,Table 4,21,ablation,+ GaussianPOP (10k),3DGS-MCMC,Tanks and Temples,average,24.68,0.864,0.162,,,512000,,,,,,"POPSpa component ablation, starting from a gsplat-MCMC 30k checkpoint and applying two rounds of prune-refine"
kiss_gs_morgenstern_eccv2026,2608.26948,Table 4,21,ablation,+ GaussianPOP (10k),3DGS-MCMC,Mip-NeRF 360,average,27.69,0.802,0.249,,,512000,,,,,,"POPSpa component ablation, starting from a gsplat-MCMC 30k checkpoint and applying two rounds of prune-refine"
kiss_gs_morgenstern_eccv2026,2608.26948,Table 4,21,ablation,+ GaussianPOP (10k),3DGS-MCMC,Deep Blending,average,29.92,0.906,0.249,,,512000,,,,,,"POPSpa component ablation, starting from a gsplat-MCMC 30k checkpoint and applying two rounds of prune-refine"
kiss_gs_morgenstern_eccv2026,2608.26948,Table 4,21,ablation,+ GaussianPOP (10k),3DGS-MCMC,NeRF Synthetic,average,33.83,0.97,0.029,,,128000,,,,,,"POPSpa component ablation, starting from a gsplat-MCMC 30k checkpoint and applying two rounds of prune-refine"
kiss_gs_morgenstern_eccv2026,2608.26948,Table 4,21,ablation,+ Sparsification,3DGS-MCMC,Tanks and Temples,average,24.77,0.87,0.149,,,512000,,,,,,"POPSpa component ablation, starting from a gsplat-MCMC 30k checkpoint and applying two rounds of prune-refine"
kiss_gs_morgenstern_eccv2026,2608.26948,Table 4,21,ablation,+ Sparsification,3DGS-MCMC,Mip-NeRF 360,average,27.78,0.809,0.24,,,512000,,,,,,"POPSpa component ablation, starting from a gsplat-MCMC 30k checkpoint and applying two rounds of prune-refine"
kiss_gs_morgenstern_eccv2026,2608.26948,Table 4,21,ablation,+ Sparsification,3DGS-MCMC,Deep Blending,average,29.85,0.905,0.248,,,512000,,,,,,"POPSpa component ablation, starting from a gsplat-MCMC 30k checkpoint and applying two rounds of prune-refine"
kiss_gs_morgenstern_eccv2026,2608.26948,Table 4,21,ablation,+ Sparsification,3DGS-MCMC,NeRF Synthetic,average,33.83,0.971,0.029,,,128000,,,,,,"POPSpa component ablation, starting from a gsplat-MCMC 30k checkpoint and applying two rounds of prune-refine"
kiss_gs_morgenstern_eccv2026,2608.26948,Table 4,21,ablation,+ Effective Rank Regularization (full POPSpa),3DGS-MCMC,Tanks and Temples,average,24.77,0.871,0.148,,,512000,,,,,,"POPSpa component ablation, starting from a gsplat-MCMC 30k checkpoint and applying two rounds of prune-refine"
kiss_gs_morgenstern_eccv2026,2608.26948,Table 4,21,ablation,+ Effective Rank Regularization (full POPSpa),3DGS-MCMC,Mip-NeRF 360,average,27.79,0.811,0.239,,,512000,,,,,,"POPSpa component ablation, starting from a gsplat-MCMC 30k checkpoint and applying two rounds of prune-refine"
kiss_gs_morgenstern_eccv2026,2608.26948,Table 4,21,ablation,+ Effective Rank Regularization (full POPSpa),3DGS-MCMC,Deep Blending,average,29.84,0.906,0.25,,,512000,,,,,,"POPSpa component ablation, starting from a gsplat-MCMC 30k checkpoint and applying two rounds of prune-refine"
kiss_gs_morgenstern_eccv2026,2608.26948,Table 4,21,ablation,+ Effective Rank Regularization (full POPSpa),3DGS-MCMC,NeRF Synthetic,average,33.73,0.97,0.029,,,128000,,,,,,"POPSpa component ablation, starting from a gsplat-MCMC 30k checkpoint and applying two rounds of prune-refine"
kiss_gs_morgenstern_eccv2026,2608.26948,Table 5,23,supplement,HAC++ (low-rate),Scaffold-GS,Mip-NeRF 360,average,27.6,0.803,0.253,8.34,MB,,,,,,,"30k, reported; reported in the HAC++ paper; train 2x/4x downsampled, test at the matched training resolution"
kiss_gs_morgenstern_eccv2026,2608.26948,Table 5,23,supplement,HAC++ (high-rate),Scaffold-GS,Mip-NeRF 360,average,27.82,0.811,0.231,18.48,MB,,,,,,,"30k, reported; reported in the HAC++ paper; train 2x/4x downsampled, test at the matched training resolution"
kiss_gs_morgenstern_eccv2026,2608.26948,Table 5,23,supplement,HAC++ (low-rate),Scaffold-GS,Mip-NeRF 360,average,27.55,0.805,0.247,8.84,MB,,,,,,,"30k, recomputed; recomputed by the KISS-GS authors; train 2x/4x downsampled, test at the matched training resolution"
kiss_gs_morgenstern_eccv2026,2608.26948,Table 5,23,supplement,HAC++ (high-rate),Scaffold-GS,Mip-NeRF 360,average,27.8,0.814,0.225,19.8,MB,,,,,,,"30k, recomputed; recomputed by the KISS-GS authors; train 2x/4x downsampled, test at the matched training resolution"
kiss_gs_morgenstern_eccv2026,2608.26948,Table 5,23,supplement,HAC++ (low-rate),Scaffold-GS,Mip-NeRF 360,average,27.33,0.802,0.25,8.41,MB,,,,,,,"40k, recomputed; recomputed by the KISS-GS authors; train 2x/4x downsampled, test at the matched training resolution"
kiss_gs_morgenstern_eccv2026,2608.26948,Table 5,23,supplement,HAC++ (high-rate),Scaffold-GS,Mip-NeRF 360,average,27.8,0.813,0.225,19.68,MB,,,,,,,"40k, recomputed; recomputed by the KISS-GS authors; train 2x/4x downsampled, test at the matched training resolution"
kiss_gs_morgenstern_eccv2026,2608.26948,Table 5,23,supplement,HAC++ (low-rate),Scaffold-GS,Mip-NeRF 360,average,27.2,0.8,0.251,8.42,MB,,,,,,,"44k, recomputed; recomputed by the KISS-GS authors; 44k matches the KISS-GS compute budget; train 2x/4x downsampled, test at the matched training resolution"
kiss_gs_morgenstern_eccv2026,2608.26948,Table 5,23,supplement,HAC++ (high-rate),Scaffold-GS,Mip-NeRF 360,average,27.79,0.813,0.226,19.67,MB,,,,,,,"44k, recomputed; recomputed by the KISS-GS authors; 44k matches the KISS-GS compute budget; train 2x/4x downsampled, test at the matched training resolution"
kiss_gs_morgenstern_eccv2026,2608.26948,Table 5,23,supplement,HAC++ (low-rate),Scaffold-GS,Mip-NeRF 360,average,27.43,0.8,0.256,8.82,MB,,,,,,,"30k, recomputed; recomputed by the KISS-GS authors; train 2x/4x downsampled, test at 1600 px (full 3DGS evaluation protocol)"
kiss_gs_morgenstern_eccv2026,2608.26948,Table 5,23,supplement,HAC++ (high-rate),Scaffold-GS,Mip-NeRF 360,average,27.57,0.806,0.235,19.76,MB,,,,,,,"30k, recomputed; recomputed by the KISS-GS authors; train 2x/4x downsampled, test at 1600 px (full 3DGS evaluation protocol)"
kiss_gs_morgenstern_eccv2026,2608.26948,Table 5,23,supplement,HAC++ (low-rate),Scaffold-GS,Mip-NeRF 360,average,27.21,0.796,0.26,8.38,MB,,,,,,,"40k, recomputed; recomputed by the KISS-GS authors; train 2x/4x downsampled, test at 1600 px (full 3DGS evaluation protocol)"
kiss_gs_morgenstern_eccv2026,2608.26948,Table 5,23,supplement,HAC++ (high-rate),Scaffold-GS,Mip-NeRF 360,average,27.62,0.806,0.236,19.62,MB,,,,,,,"40k, recomputed; recomputed by the KISS-GS authors; train 2x/4x downsampled, test at 1600 px (full 3DGS evaluation protocol)"
kiss_gs_morgenstern_eccv2026,2608.26948,Table 5,23,supplement,HAC++ (low-rate),Scaffold-GS,Mip-NeRF 360,average,27.09,0.795,0.261,8.39,MB,,,,,,,"44k, recomputed; recomputed by the KISS-GS authors; train 2x/4x downsampled, test at 1600 px (full 3DGS evaluation protocol)"
kiss_gs_morgenstern_eccv2026,2608.26948,Table 5,23,supplement,HAC++ (high-rate),Scaffold-GS,Mip-NeRF 360,average,27.61,0.806,0.236,19.62,MB,,,,,,,"44k, recomputed; recomputed by the KISS-GS authors; train 2x/4x downsampled, test at 1600 px (full 3DGS evaluation protocol)"
kiss_gs_morgenstern_eccv2026,2608.26948,Table 6,25,ablation,SOG-XT (full pipeline),3DGS-MCMC,Mip-NeRF 360,bicycle,24.2281,0.68176,0.35404,3.878,MB,256000,,,,,,absolute values as printed; appendix superset of main-paper Table 2 (p. 13)
kiss_gs_morgenstern_eccv2026,2608.26948,Table 6,25,ablation,w/o centroid q100_u8 quantization,3DGS-MCMC,Mip-NeRF 360,bicycle,24.2378,0.68192,0.35372,7.92,MB,256000,,,,,,"the paper prints only deltas against the full pipeline (dPSNR +0.0097, dSSIM +0.00016, dLPIPS -0.00032, dSize +4042523 B); the quality columns here are the full-pipeline absolutes 24.2281/0.68176/0.35404 plus that delta; appendix superset of main-paper Table 2 (p. 13)"
kiss_gs_morgenstern_eccv2026,2608.26948,Table 6,25,ablation,w/o SH AC codebooks,3DGS-MCMC,Mip-NeRF 360,bicycle,24.4601,0.68966,0.34825,7.313,MB,256000,,,,,,"the paper prints only deltas against the full pipeline (dPSNR +0.232, dSSIM +0.0079, dLPIPS -0.00579, dSize +3434816 B); the quality columns here are the full-pipeline absolutes 24.2281/0.68176/0.35404 plus that delta; appendix superset of main-paper Table 2 (p. 13)"
kiss_gs_morgenstern_eccv2026,2608.26948,Table 6,25,ablation,w/o WebP image compression,3DGS-MCMC,Mip-NeRF 360,bicycle,24.2281,0.68176,0.35404,6.908,MB,256000,,,,,,"the paper prints only deltas against the full pipeline (dPSNR +0.0, dSSIM +0.0, dLPIPS +0.0, dSize +3030148 B); the quality columns here are the full-pipeline absolutes 24.2281/0.68176/0.35404 plus that delta; appendix superset of main-paper Table 2 (p. 13)"
kiss_gs_morgenstern_eccv2026,2608.26948,Table 6,25,ablation,w/o quaternion u8 quantization,3DGS-MCMC,Mip-NeRF 360,bicycle,24.2598,0.68323,0.35337,6.427,MB,256000,,,,,,"the paper prints only deltas against the full pipeline (dPSNR +0.0317, dSSIM +0.00147, dLPIPS -0.00067, dSize +2548718 B); the quality columns here are the full-pipeline absolutes 24.2281/0.68176/0.35404 plus that delta; appendix superset of main-paper Table 2 (p. 13)"
kiss_gs_morgenstern_eccv2026,2608.26948,Table 6,25,ablation,w/o f_dc u8 quantization,3DGS-MCMC,Mip-NeRF 360,bicycle,24.2344,0.68188,0.35395,5.962,MB,256000,,,,,,"the paper prints only deltas against the full pipeline (dPSNR +0.0063, dSSIM +0.00012, dLPIPS -9e-05, dSize +2084291 B); the quality columns here are the full-pipeline absolutes 24.2281/0.68176/0.35404 plus that delta; appendix superset of main-paper Table 2 (p. 13)"
kiss_gs_morgenstern_eccv2026,2608.26948,Table 6,25,ablation,w/o scales u8 quantization,3DGS-MCMC,Mip-NeRF 360,bicycle,24.2321,0.68199,0.35391,5.844,MB,256000,,,,,,"the paper prints only deltas against the full pipeline (dPSNR +0.004, dSSIM +0.00023, dLPIPS -0.00013, dSize +1966415 B); the quality columns here are the full-pipeline absolutes 24.2281/0.68176/0.35404 plus that delta; appendix superset of main-paper Table 2 (p. 13)"
kiss_gs_morgenstern_eccv2026,2608.26948,Table 6,25,ablation,w/o means u16 quantization,3DGS-MCMC,Mip-NeRF 360,bicycle,24.2402,0.68225,0.35384,5.271,MB,256000,,,,,,"the paper prints only deltas against the full pipeline (dPSNR +0.0121, dSSIM +0.00049, dLPIPS -0.0002, dSize +1392843 B); the quality columns here are the full-pipeline absolutes 24.2281/0.68176/0.35404 plus that delta; appendix superset of main-paper Table 2 (p. 13)"
kiss_gs_morgenstern_eccv2026,2608.26948,Table 6,25,ablation,w/o primitive PLAS sorting,3DGS-MCMC,Mip-NeRF 360,bicycle,24.234,0.68198,0.35368,4.493,MB,256000,,,,,,"the paper prints only deltas against the full pipeline (dPSNR +0.0059, dSSIM +0.00022, dLPIPS -0.00036, dSize +614851 B); the quality columns here are the full-pipeline absolutes 24.2281/0.68176/0.35404 plus that delta; appendix superset of main-paper Table 2 (p. 13)"
kiss_gs_morgenstern_eccv2026,2608.26948,Table 6,25,ablation,w/o opacities u8 quantization,3DGS-MCMC,Mip-NeRF 360,bicycle,24.2287,0.68183,0.35398,4.487,MB,256000,,,,,,"the paper prints only deltas against the full pipeline (dPSNR +0.0006, dSSIM +7e-05, dLPIPS -6e-05, dSize +609117 B); the quality columns here are the full-pipeline absolutes 24.2281/0.68176/0.35404 plus that delta; appendix superset of main-paper Table 2 (p. 13)"
kiss_gs_morgenstern_eccv2026,2608.26948,Table 6,25,ablation,"w/o PRAS, quaternion full u8 quant",3DGS-MCMC,Mip-NeRF 360,bicycle,24.2382,0.68216,0.35396,4.04,MB,256000,,,,,,"the paper prints only deltas against the full pipeline (dPSNR +0.0101, dSSIM +0.0004, dLPIPS -8e-05, dSize +161748 B); the quality columns here are the full-pipeline absolutes 24.2281/0.68176/0.35404 plus that delta; appendix superset of main-paper Table 2 (p. 13)"
kiss_gs_morgenstern_eccv2026,2608.26948,Table 6,25,ablation,w/o centroid PLAS sorting,3DGS-MCMC,Mip-NeRF 360,bicycle,24.2281,0.68176,0.35404,3.92,MB,256000,,,,,,"the paper prints only deltas against the full pipeline (dPSNR +0.0, dSSIM +0.0, dLPIPS +0.0, dSize +42416 B); the quality columns here are the full-pipeline absolutes 24.2281/0.68176/0.35404 plus that delta; appendix superset of main-paper Table 2 (p. 13)"
kiss_gs_morgenstern_eccv2026,2608.26948,Table 6,25,ablation,w/o label UV packing,3DGS-MCMC,Mip-NeRF 360,bicycle,24.2281,0.68176,0.35404,3.89,MB,256000,,,,,,"the paper prints only deltas against the full pipeline (dPSNR +0.0, dSSIM +0.0, dLPIPS +0.0, dSize +12142 B); the quality columns here are the full-pipeline absolutes 24.2281/0.68176/0.35404 plus that delta; appendix superset of main-paper Table 2 (p. 13)"
kiss_gs_morgenstern_eccv2026,2608.26948,Table 6,25,ablation,w/o grid mask (prune to square),3DGS-MCMC,Mip-NeRF 360,bicycle,24.1131,0.676,0.35683,3.881,MB,256000,,,,,,"the paper prints only deltas against the full pipeline (dPSNR -0.115, dSSIM -0.00576, dLPIPS +0.00279, dSize +3344 B); the quality columns here are the full-pipeline absolutes 24.2281/0.68176/0.35404 plus that delta; appendix superset of main-paper Table 2 (p. 13)"
kiss_gs_morgenstern_eccv2026,2608.26948,Table 6,25,ablation,w/o PRAS,3DGS-MCMC,Mip-NeRF 360,bicycle,24.1177,0.67638,0.35677,3.866,MB,256000,,,,,,"the paper prints only deltas against the full pipeline (dPSNR -0.1104, dSSIM -0.00538, dLPIPS +0.00273, dSize -11810 B); the quality columns here are the full-pipeline absolutes 24.2281/0.68176/0.35404 plus that delta; appendix superset of main-paper Table 2 (p. 13)"
kiss_gs_morgenstern_eccv2026,2608.26948,Table 6,25,ablation,w/o means signed-log remapping,3DGS-MCMC,Mip-NeRF 360,bicycle,16.6773,0.30312,0.57555,3.359,MB,256000,,,,,,"the paper prints only deltas against the full pipeline (dPSNR -7.5508, dSSIM -0.37864, dLPIPS +0.22151, dSize -519272 B); the quality columns here are the full-pipeline absolutes 24.2281/0.68176/0.35404 plus that delta; appendix superset of main-paper Table 2 (p. 13)"
sizegs_xie_acmmm2025,2412.05808,Table 1,6,main,HAC,Scaffold-GS,Mip-NeRF 360,average,27.17,0.789,0.261,18.29,MB,,,,,,16627,size budget 18.33 MB averaged over the 9 scenes; time is end-to-end to meet the budget via binary search on lambda
sizegs_xie_acmmm2025,2412.05808,Table 1,6,main,SizeGS,Scaffold-GS,Mip-NeRF 360,average,27.48,0.806,0.240,18.17,MB,,,,,,1328,size budget 18.33 MB
sizegs_xie_acmmm2025,2412.05808,Table 1,6,main,HAC,Scaffold-GS,Tanks and Temples,average,24.45,0.854,0.179,10.92,MB,,,,,,10978,size budget 11 MB
sizegs_xie_acmmm2025,2412.05808,Table 1,6,main,SizeGS,Scaffold-GS,Tanks and Temples,average,24.04,0.840,0.200,10.93,MB,,,,,,1381,size budget 11 MB
sizegs_xie_acmmm2025,2412.05808,Table 1,6,main,HAC,Scaffold-GS,Deep Blending,average,30.27,0.910,0.254,8.29,MB,,,,,,9993,size budget 8 MB
sizegs_xie_acmmm2025,2412.05808,Table 1,6,main,SizeGS,Scaffold-GS,Deep Blending,average,30.24,0.903,0.271,7.92,MB,,,,,,1263,size budget 8 MB
sizegs_xie_acmmm2025,2412.05808,Table 2,7,main,MesonGS,3DGS,Mip-NeRF 360,average,25.95,0.7706,0.2679,35.41,MB,,,0,,,,per-scene size target set to the size the official MesonGS config produces; 0 finetune iterations
sizegs_xie_acmmm2025,2412.05808,Table 2,7,main,SizeGS + MesonGS,3DGS,Mip-NeRF 360,average,26.06,0.7743,0.2642,35.36,MB,,,0,,,,
sizegs_xie_acmmm2025,2412.05808,Table 2,7,main,4DGS,4DGS,N3DV,flame_steak,32.06,,,5222.4,GB,,,0,,,,printed as 5.10 GB; SSIM and LPIPS not reported
sizegs_xie_acmmm2025,2412.05808,Table 2,7,main,SizeGS + 4DGS,4DGS,N3DV,flame_steak,32.07,,,198.64,MB,,,28,,,,target size reached in 51 s of search plus 28 s of finetuning
sizegs_xie_acmmm2025,2412.05808,Table 3,7,ablation,SizeGS,Scaffold-GS,Mip-NeRF 360,bicycle,,,,,,,,857.71,145.22,,1328.82,time decomposition: quality-loss estimate 0.11 s + save 32.78 s + 0-1 ILP 145.22 s + finetune 857.71 s
sizegs_xie_acmmm2025,2412.05808,Table 3,7,ablation,SizeGS,3DGS,Mip-NeRF 360,bicycle,,,,,,,,,58.52,,104.51,quality-loss estimate 0.49 s + save 15.10 s + 0-1 ILP 58.52 s; no finetune reported
sizegs_xie_acmmm2025,2412.05808,Table 5,8,ablation,SizeGS,Scaffold-GS,Mip-NeRF 360,bicycle,24.95,0.7331,0.2709,24.20,MB,,,6000,,,,piecewise finetune split prune/voxel/quant = 0/0/6000 iterations; target size 24 MB
sizegs_xie_acmmm2025,2412.05808,Table 5,8,ablation,SizeGS,Scaffold-GS,Mip-NeRF 360,bicycle,24.98,0.7339,0.2706,24.19,MB,,,6000,,,,finetune split 1000/0/5000; target size 24 MB
sizegs_xie_acmmm2025,2412.05808,Table 5,8,ablation,SizeGS,Scaffold-GS,Mip-NeRF 360,bicycle,24.99,0.7340,0.2707,24.12,MB,,,6000,,,,finetune split 0/1000/5000; target size 24 MB
sizegs_xie_acmmm2025,2412.05808,Table 5,8,ablation,SizeGS,Scaffold-GS,Mip-NeRF 360,bicycle,25.19,0.7451,0.2619,24.25,MB,,,6000,,,,finetune split 1000/1000/4000; target size 24 MB
sizegs_xie_acmmm2025,2412.05808,Table 6,8,ablation,SizeGS,Scaffold-GS,Mip-NeRF 360,bicycle,25.13,0.7410,0.2684,29.85,MB,,,,,,,K=40 blocks; budget 30 MB
sizegs_xie_acmmm2025,2412.05808,Table 6,8,ablation,SizeGS,Scaffold-GS,Mip-NeRF 360,bicycle,25.15,0.7411,0.2685,29.91,MB,,,,,,,K=30 blocks; budget 30 MB
sizegs_xie_acmmm2025,2412.05808,Table 6,8,ablation,SizeGS,Scaffold-GS,Mip-NeRF 360,bicycle,25.14,0.7413,0.2686,29.86,MB,,,,,,,K=50 blocks; budget 30 MB
sizegs_xie_acmmm2025,2412.05808,Table 6,8,ablation,SizeGS,Scaffold-GS,Mip-NeRF 360,bicycle,25.07,0.7353,0.2752,19.83,MB,,,,,,,K=40 blocks; budget 20 MB
sizegs_xie_acmmm2025,2412.05808,Table 6,8,ablation,SizeGS,Scaffold-GS,Mip-NeRF 360,bicycle,25.07,0.7357,0.2757,19.85,MB,,,,,,,K=30 blocks; budget 20 MB
sizegs_xie_acmmm2025,2412.05808,Table 6,8,ablation,SizeGS,Scaffold-GS,Mip-NeRF 360,bicycle,25.12,0.7368,0.2743,19.92,MB,,,,,,,K=50 blocks; budget 20 MB
cat_3dgs_zhan_iclr2025,2503.00357,Table 6,16,main,3DGS,3DGS,Mip-NeRF 360,average,27.49,0.813,0.222,744.7,MB,,,,,,,
cat_3dgs_zhan_iclr2025,2503.00357,Table 6,16,main,Scaffold-GS,Scaffold-GS,Mip-NeRF 360,average,27.5,0.806,0.252,253.9,MB,,,,,,,
cat_3dgs_zhan_iclr2025,2503.00357,Table 6,16,main,EAGLES,3DGS,Mip-NeRF 360,average,27.15,0.808,0.238,68.89,MB,,,,,,,
cat_3dgs_zhan_iclr2025,2503.00357,Table 6,16,main,LightGaussian,3DGS,Mip-NeRF 360,average,27.0,0.799,0.249,44.54,MB,,,,,,,
cat_3dgs_zhan_iclr2025,2503.00357,Table 6,16,main,Compact3DGS,3DGS,Mip-NeRF 360,average,27.08,0.798,0.247,48.8,MB,,,,,,,
cat_3dgs_zhan_iclr2025,2503.00357,Table 6,16,main,Compressed3D,3DGS,Mip-NeRF 360,average,26.98,0.801,0.238,28.8,MB,,,,,,,
cat_3dgs_zhan_iclr2025,2503.00357,Table 6,16,main,Morgenstern et al. (Self-Organizing Gaussians),3DGS,Mip-NeRF 360,average,26.01,0.772,0.259,23.9,MB,,,,,,,
cat_3dgs_zhan_iclr2025,2503.00357,Table 6,16,main,Navaneet et al. (Compact3D),3DGS,Mip-NeRF 360,average,27.16,0.808,0.228,50.3,MB,,,,,,,
cat_3dgs_zhan_iclr2025,2503.00357,Table 6,16,main,Trimming the fat,3DGS,Mip-NeRF 360,average,27.13,0.798,0.248,20.057,MB,,,,,,,
cat_3dgs_zhan_iclr2025,2503.00357,Table 6,16,main,CompGS (high-rate),3DGS,Mip-NeRF 360,average,27.26,0.802,0.239,16.5,MB,,,,,,,
cat_3dgs_zhan_iclr2025,2503.00357,Table 6,16,main,CompGS (low-rate),3DGS,Mip-NeRF 360,average,26.79,0.791,0.258,11.0,MB,,,,,,,
cat_3dgs_zhan_iclr2025,2503.00357,Table 6,16,main,RDO-Gaussian (high-rate),3DGS,Mip-NeRF 360,average,27.05,0.802,0.239,23.46,MB,,,,,,,
cat_3dgs_zhan_iclr2025,2503.00357,Table 6,16,main,RDO-Gaussian (low-rate),3DGS,Mip-NeRF 360,average,24.43,0.683,0.406,1.71,MB,,,,,,,
cat_3dgs_zhan_iclr2025,2503.00357,Table 6,16,main,HAC (high-rate),Scaffold-GS,Mip-NeRF 360,average,27.77,0.811,0.23,21.87,MB,,,,,,,
cat_3dgs_zhan_iclr2025,2503.00357,Table 6,16,main,HAC (low-rate),Scaffold-GS,Mip-NeRF 360,average,26.11,0.759,0.312,5.96,MB,,,,,,,
cat_3dgs_zhan_iclr2025,2503.00357,Table 6,16,main,CAT-3DGS (high-rate),Scaffold-GS,Mip-NeRF 360,average,27.77,0.809,0.241,12.35,MB,,,,,,,
cat_3dgs_zhan_iclr2025,2503.00357,Table 6,16,main,CAT-3DGS (low-rate),Scaffold-GS,Mip-NeRF 360,average,25.82,0.73,0.362,1.72,MB,,,,,,,
cat_3dgs_zhan_iclr2025,2503.00357,Table 6,16,main,3DGS,3DGS,Tanks and Temples,average,23.69,0.844,0.178,431.0,MB,,,,,,,
cat_3dgs_zhan_iclr2025,2503.00357,Table 6,16,main,Scaffold-GS,Scaffold-GS,Tanks and Temples,average,23.96,0.853,0.177,86.5,MB,,,,,,,
cat_3dgs_zhan_iclr2025,2503.00357,Table 6,16,main,EAGLES,3DGS,Tanks and Temples,average,23.41,0.84,0.2,34.0,MB,,,,,,,
cat_3dgs_zhan_iclr2025,2503.00357,Table 6,16,main,LightGaussian,3DGS,Tanks and Temples,average,22.83,0.822,0.242,22.43,MB,,,,,,,
cat_3dgs_zhan_iclr2025,2503.00357,Table 6,16,main,Compact3DGS,3DGS,Tanks and Temples,average,23.32,0.831,0.201,39.43,MB,,,,,,,
cat_3dgs_zhan_iclr2025,2503.00357,Table 6,16,main,Compressed3D,3DGS,Tanks and Temples,average,23.32,0.832,0.194,17.28,MB,,,,,,,
cat_3dgs_zhan_iclr2025,2503.00357,Table 6,16,main,Morgenstern et al. (Self-Organizing Gaussians),3DGS,Tanks and Temples,average,22.78,0.817,0.211,13.05,MB,,,,,,,
cat_3dgs_zhan_iclr2025,2503.00357,Table 6,16,main,Navaneet et al. (Compact3D),3DGS,Tanks and Temples,average,23.47,0.84,0.188,27.97,MB,,,,,,,
cat_3dgs_zhan_iclr2025,2503.00357,Table 6,16,main,Trimming the fat,3DGS,Tanks and Temples,average,23.68,0.831,0.21,8.555,MB,,,,,,,
cat_3dgs_zhan_iclr2025,2503.00357,Table 6,16,main,CompGS (high-rate),3DGS,Tanks and Temples,average,23.7,0.835,0.205,9.61,MB,,,,,,,
cat_3dgs_zhan_iclr2025,2503.00357,Table 6,16,main,CompGS (low-rate),3DGS,Tanks and Temples,average,23.105,0.815,0.235,5.89,MB,,,,,,,
cat_3dgs_zhan_iclr2025,2503.00357,Table 6,16,main,RDO-Gaussian (high-rate),3DGS,Tanks and Temples,average,23.34,0.835,0.195,12.02,MB,,,,,,,
cat_3dgs_zhan_iclr2025,2503.00357,Table 6,16,main,RDO-Gaussian (low-rate),3DGS,Tanks and Temples,average,22.09,0.755,0.318,1.32,MB,,,,,,,
cat_3dgs_zhan_iclr2025,2503.00357,Table 6,16,main,HAC (high-rate),Scaffold-GS,Tanks and Temples,average,24.4,0.853,0.177,11.24,MB,,,,,,,
cat_3dgs_zhan_iclr2025,2503.00357,Table 6,16,main,HAC (low-rate),Scaffold-GS,Tanks and Temples,average,23.11,0.809,0.238,3.68,MB,,,,,,,
cat_3dgs_zhan_iclr2025,2503.00357,Table 6,16,main,CAT-3DGS (high-rate),Scaffold-GS,Tanks and Temples,average,24.41,0.853,0.189,6.93,MB,,,,,,,
cat_3dgs_zhan_iclr2025,2503.00357,Table 6,16,main,CAT-3DGS (low-rate),Scaffold-GS,Tanks and Temples,average,22.97,0.786,0.293,1.42,MB,,,,,,,
cat_3dgs_zhan_iclr2025,2503.00357,Table 6,16,main,3DGS,3DGS,Deep Blending,average,29.42,0.899,0.247,663.9,MB,,,,,,,
cat_3dgs_zhan_iclr2025,2503.00357,Table 6,16,main,Scaffold-GS,Scaffold-GS,Deep Blending,average,30.21,0.906,0.254,66.0,MB,,,,,,,
cat_3dgs_zhan_iclr2025,2503.00357,Table 6,16,main,EAGLES,3DGS,Deep Blending,average,29.91,0.91,0.25,62.0,MB,,,,,,,
cat_3dgs_zhan_iclr2025,2503.00357,Table 6,16,main,LightGaussian,3DGS,Deep Blending,average,27.01,0.872,0.308,33.94,MB,,,,,,,
cat_3dgs_zhan_iclr2025,2503.00357,Table 6,16,main,Compact3DGS,3DGS,Deep Blending,average,29.79,0.901,0.258,43.21,MB,,,,,,,
cat_3dgs_zhan_iclr2025,2503.00357,Table 6,16,main,Compressed3D,3DGS,Deep Blending,average,29.38,0.898,0.253,25.3,MB,,,,,,,
cat_3dgs_zhan_iclr2025,2503.00357,Table 6,16,main,Morgenstern et al. (Self-Organizing Gaussians),3DGS,Deep Blending,average,28.92,0.891,0.276,8.4,MB,,,,,,,
cat_3dgs_zhan_iclr2025,2503.00357,Table 6,16,main,Navaneet et al. (Compact3D),3DGS,Deep Blending,average,29.75,0.903,0.247,42.77,MB,,,,,,,
cat_3dgs_zhan_iclr2025,2503.00357,Table 6,16,main,Trimming the fat,3DGS,Deep Blending,average,29.42,0.897,0.267,12.49,MB,,,,,,,
cat_3dgs_zhan_iclr2025,2503.00357,Table 6,16,main,CompGS (high-rate),3DGS,Deep Blending,average,29.33,0.9,0.27,10.4,MB,,,,,,,
cat_3dgs_zhan_iclr2025,2503.00357,Table 6,16,main,CompGS (low-rate),3DGS,Deep Blending,average,28.99,0.9,0.28,7.0,MB,,,,,,,
cat_3dgs_zhan_iclr2025,2503.00357,Table 6,16,main,RDO-Gaussian (high-rate),3DGS,Deep Blending,average,29.63,0.902,0.252,18.0,MB,,,,,,,
cat_3dgs_zhan_iclr2025,2503.00357,Table 6,16,main,RDO-Gaussian (low-rate),3DGS,Deep Blending,average,28.38,0.872,0.331,1.22,MB,,,,,,,
cat_3dgs_zhan_iclr2025,2503.00357,Table 6,16,main,HAC (high-rate),Scaffold-GS,Deep Blending,average,30.34,0.906,0.258,6.35,MB,,,,,,,
cat_3dgs_zhan_iclr2025,2503.00357,Table 6,16,main,HAC (low-rate),Scaffold-GS,Deep Blending,average,28.62,0.888,0.302,2.64,MB,,,,,,,
cat_3dgs_zhan_iclr2025,2503.00357,Table 6,16,main,CAT-3DGS (high-rate),Scaffold-GS,Deep Blending,average,30.29,0.909,0.269,3.56,MB,,,,,,,
cat_3dgs_zhan_iclr2025,2503.00357,Table 6,16,main,CAT-3DGS (low-rate),Scaffold-GS,Deep Blending,average,28.53,0.878,0.336,0.93,MB,,,,,,,
cat_3dgs_zhan_iclr2025,2503.00357,Table 6,16,main,3DGS,3DGS,BungeeNeRF,average,24.87,0.841,0.205,1616,MB,,,,,,,
cat_3dgs_zhan_iclr2025,2503.00357,Table 6,16,main,Scaffold-GS,Scaffold-GS,BungeeNeRF,average,26.62,0.865,0.241,183.0,MB,,,,,,,
cat_3dgs_zhan_iclr2025,2503.00357,Table 6,16,main,EAGLES,3DGS,BungeeNeRF,average,25.24,0.843,0.221,117.1,MB,,,,,,,
cat_3dgs_zhan_iclr2025,2503.00357,Table 6,16,main,LightGaussian,3DGS,BungeeNeRF,average,24.52,0.825,0.255,87.28,MB,,,,,,,
cat_3dgs_zhan_iclr2025,2503.00357,Table 6,16,main,Compact3DGS,3DGS,BungeeNeRF,average,23.36,0.788,0.251,82.6,MB,,,,,,,
cat_3dgs_zhan_iclr2025,2503.00357,Table 6,16,main,Compressed3D,3DGS,BungeeNeRF,average,24.13,0.802,0.245,55.79,MB,,,,,,,
cat_3dgs_zhan_iclr2025,2503.00357,Table 6,16,main,Navaneet et al. (Compact3D),3DGS,BungeeNeRF,average,24.63,0.823,0.239,104.3,MB,,,,,,,
cat_3dgs_zhan_iclr2025,2503.00357,Table 6,16,main,HAC (high-rate),Scaffold-GS,BungeeNeRF,average,27.05,0.868,0.217,26.16,MB,,,,,,,
cat_3dgs_zhan_iclr2025,2503.00357,Table 6,16,main,HAC (low-rate),Scaffold-GS,BungeeNeRF,average,24.56,0.768,0.327,9.74,MB,,,,,,,
cat_3dgs_zhan_iclr2025,2503.00357,Table 6,16,main,CAT-3DGS (high-rate),Scaffold-GS,BungeeNeRF,average,27.35,0.886,0.183,26.59,MB,,,,,,,
cat_3dgs_zhan_iclr2025,2503.00357,Table 6,16,main,CAT-3DGS (low-rate),Scaffold-GS,BungeeNeRF,average,25.19,0.808,0.279,10.14,MB,,,,,,,
cat_3dgs_zhan_iclr2025,2503.00357,Table 7,17,supplement,CAT-3DGS,Scaffold-GS,Mip-NeRF 360,bicycle,25.04,0.735,0.28,21.42,MB,,,,,,,rate-distortion sweep point lambda_r=0.002
cat_3dgs_zhan_iclr2025,2503.00357,Table 7,17,supplement,CAT-3DGS,Scaffold-GS,Mip-NeRF 360,bonsai,32.98,0.947,0.192,6.06,MB,,,,,,,rate-distortion sweep point lambda_r=0.002
cat_3dgs_zhan_iclr2025,2503.00357,Table 7,17,supplement,CAT-3DGS,Scaffold-GS,Mip-NeRF 360,counter,29.66,0.915,0.197,6.33,MB,,,,,,,rate-distortion sweep point lambda_r=0.002
cat_3dgs_zhan_iclr2025,2503.00357,Table 7,17,supplement,CAT-3DGS,Scaffold-GS,Mip-NeRF 360,flowers,21.41,0.58,0.375,18.92,MB,,,,,,,rate-distortion sweep point lambda_r=0.002
cat_3dgs_zhan_iclr2025,2503.00357,Table 7,17,supplement,CAT-3DGS,Scaffold-GS,Mip-NeRF 360,garden,27.49,0.847,0.152,18.64,MB,,,,,,,rate-distortion sweep point lambda_r=0.002
cat_3dgs_zhan_iclr2025,2503.00357,Table 7,17,supplement,CAT-3DGS,Scaffold-GS,Mip-NeRF 360,kitchen,31.34,0.926,0.135,6.92,MB,,,,,,,rate-distortion sweep point lambda_r=0.002
cat_3dgs_zhan_iclr2025,2503.00357,Table 7,17,supplement,CAT-3DGS,Scaffold-GS,Mip-NeRF 360,room,31.95,0.924,0.212,4.11,MB,,,,,,,rate-distortion sweep point lambda_r=0.002
cat_3dgs_zhan_iclr2025,2503.00357,Table 7,17,supplement,CAT-3DGS,Scaffold-GS,Mip-NeRF 360,stump,26.79,0.766,0.271,11.23,MB,,,,,,,rate-distortion sweep point lambda_r=0.002
cat_3dgs_zhan_iclr2025,2503.00357,Table 7,17,supplement,CAT-3DGS,Scaffold-GS,Mip-NeRF 360,treehill,23.28,0.646,0.359,17.5,MB,,,,,,,rate-distortion sweep point lambda_r=0.002
cat_3dgs_zhan_iclr2025,2503.00357,Table 7,17,supplement,CAT-3DGS,Scaffold-GS,Mip-NeRF 360,average,27.77,0.809,0.241,12.35,MB,,,,,,,rate-distortion sweep point lambda_r=0.002
cat_3dgs_zhan_iclr2025,2503.00357,Table 7,17,supplement,CAT-3DGS,Scaffold-GS,Mip-NeRF 360,bicycle,25.16,0.738,0.28,16.56,MB,,,,,,,rate-distortion sweep point lambda_r=0.004
cat_3dgs_zhan_iclr2025,2503.00357,Table 7,17,supplement,CAT-3DGS,Scaffold-GS,Mip-NeRF 360,bonsai,32.74,0.944,0.198,4.79,MB,,,,,,,rate-distortion sweep point lambda_r=0.004
cat_3dgs_zhan_iclr2025,2503.00357,Table 7,17,supplement,CAT-3DGS,Scaffold-GS,Mip-NeRF 360,counter,29.51,0.911,0.203,4.98,MB,,,,,,,rate-distortion sweep point lambda_r=0.004
cat_3dgs_zhan_iclr2025,2503.00357,Table 7,17,supplement,CAT-3DGS,Scaffold-GS,Mip-NeRF 360,flowers,21.37,0.576,0.383,14.28,MB,,,,,,,rate-distortion sweep point lambda_r=0.004
cat_3dgs_zhan_iclr2025,2503.00357,Table 7,17,supplement,CAT-3DGS,Scaffold-GS,Mip-NeRF 360,garden,27.3,0.84,0.164,14.55,MB,,,,,,,rate-distortion sweep point lambda_r=0.004
cat_3dgs_zhan_iclr2025,2503.00357,Table 7,17,supplement,CAT-3DGS,Scaffold-GS,Mip-NeRF 360,kitchen,30.97,0.922,0.14,5.36,MB,,,,,,,rate-distortion sweep point lambda_r=0.004
cat_3dgs_zhan_iclr2025,2503.00357,Table 7,17,supplement,CAT-3DGS,Scaffold-GS,Mip-NeRF 360,room,31.73,0.921,0.221,3.22,MB,,,,,,,rate-distortion sweep point lambda_r=0.004
cat_3dgs_zhan_iclr2025,2503.00357,Table 7,17,supplement,CAT-3DGS,Scaffold-GS,Mip-NeRF 360,stump,26.87,0.766,0.278,8.5,MB,,,,,,,rate-distortion sweep point lambda_r=0.004
cat_3dgs_zhan_iclr2025,2503.00357,Table 7,17,supplement,CAT-3DGS,Scaffold-GS,Mip-NeRF 360,treehill,23.27,0.642,0.37,13.2,MB,,,,,,,rate-distortion sweep point lambda_r=0.004
cat_3dgs_zhan_iclr2025,2503.00357,Table 7,17,supplement,CAT-3DGS,Scaffold-GS,Mip-NeRF 360,average,27.66,0.807,0.249,9.49,MB,,,,,,,rate-distortion sweep point lambda_r=0.004
cat_3dgs_zhan_iclr2025,2503.00357,Table 7,17,supplement,CAT-3DGS,Scaffold-GS,Mip-NeRF 360,bicycle,25.03,0.728,0.302,9.4,MB,,,,,,,rate-distortion sweep point lambda_r=0.01
cat_3dgs_zhan_iclr2025,2503.00357,Table 7,17,supplement,CAT-3DGS,Scaffold-GS,Mip-NeRF 360,bonsai,31.67,0.932,0.217,2.94,MB,,,,,,,rate-distortion sweep point lambda_r=0.01
cat_3dgs_zhan_iclr2025,2503.00357,Table 7,17,supplement,CAT-3DGS,Scaffold-GS,Mip-NeRF 360,counter,28.89,0.898,0.225,3.15,MB,,,,,,,rate-distortion sweep point lambda_r=0.01
cat_3dgs_zhan_iclr2025,2503.00357,Table 7,17,supplement,CAT-3DGS,Scaffold-GS,Mip-NeRF 360,flowers,21.25,0.564,0.403,8.13,MB,,,,,,,rate-distortion sweep point lambda_r=0.01
cat_3dgs_zhan_iclr2025,2503.00357,Table 7,17,supplement,CAT-3DGS,Scaffold-GS,Mip-NeRF 360,garden,26.83,0.816,0.21,8.65,MB,,,,,,,rate-distortion sweep point lambda_r=0.01
cat_3dgs_zhan_iclr2025,2503.00357,Table 7,17,supplement,CAT-3DGS,Scaffold-GS,Mip-NeRF 360,kitchen,30.37,0.911,0.16,3.32,MB,,,,,,,rate-distortion sweep point lambda_r=0.01
cat_3dgs_zhan_iclr2025,2503.00357,Table 7,17,supplement,CAT-3DGS,Scaffold-GS,Mip-NeRF 360,room,31.24,0.911,0.243,2.06,MB,,,,,,,rate-distortion sweep point lambda_r=0.01
cat_3dgs_zhan_iclr2025,2503.00357,Table 7,17,supplement,CAT-3DGS,Scaffold-GS,Mip-NeRF 360,stump,26.62,0.752,0.309,4.45,MB,,,,,,,rate-distortion sweep point lambda_r=0.01
cat_3dgs_zhan_iclr2025,2503.00357,Table 7,17,supplement,CAT-3DGS,Scaffold-GS,Mip-NeRF 360,treehill,23.22,0.629,0.4,7.17,MB,,,,,,,rate-distortion sweep point lambda_r=0.01
cat_3dgs_zhan_iclr2025,2503.00357,Table 7,17,supplement,CAT-3DGS,Scaffold-GS,Mip-NeRF 360,average,27.24,0.793,0.274,5.47,MB,,,,,,,rate-distortion sweep point lambda_r=0.01
cat_3dgs_zhan_iclr2025,2503.00357,Table 7,17,supplement,CAT-3DGS,Scaffold-GS,Mip-NeRF 360,bicycle,24.8,0.714,0.323,6.59,MB,,,,,,,rate-distortion sweep point lambda_r=0.015
cat_3dgs_zhan_iclr2025,2503.00357,Table 7,17,supplement,CAT-3DGS,Scaffold-GS,Mip-NeRF 360,bonsai,31.25,0.927,0.227,2.35,MB,,,,,,,rate-distortion sweep point lambda_r=0.015
cat_3dgs_zhan_iclr2025,2503.00357,Table 7,17,supplement,CAT-3DGS,Scaffold-GS,Mip-NeRF 360,counter,28.51,0.886,0.244,2.45,MB,,,,,,,rate-distortion sweep point lambda_r=0.015
cat_3dgs_zhan_iclr2025,2503.00357,Table 7,17,supplement,CAT-3DGS,Scaffold-GS,Mip-NeRF 360,flowers,21.12,0.552,0.419,6.13,MB,,,,,,,rate-distortion sweep point lambda_r=0.015
cat_3dgs_zhan_iclr2025,2503.00357,Table 7,17,supplement,CAT-3DGS,Scaffold-GS,Mip-NeRF 360,garden,26.56,0.803,0.231,6.82,MB,,,,,,,rate-distortion sweep point lambda_r=0.015
cat_3dgs_zhan_iclr2025,2503.00357,Table 7,17,supplement,CAT-3DGS,Scaffold-GS,Mip-NeRF 360,kitchen,29.9,0.902,0.174,2.59,MB,,,,,,,rate-distortion sweep point lambda_r=0.015
cat_3dgs_zhan_iclr2025,2503.00357,Table 7,17,supplement,CAT-3DGS,Scaffold-GS,Mip-NeRF 360,room,30.9,0.902,0.262,1.6,MB,,,,,,,rate-distortion sweep point lambda_r=0.015
cat_3dgs_zhan_iclr2025,2503.00357,Table 7,17,supplement,CAT-3DGS,Scaffold-GS,Mip-NeRF 360,stump,26.38,0.736,0.333,3.25,MB,,,,,,,rate-distortion sweep point lambda_r=0.015
cat_3dgs_zhan_iclr2025,2503.00357,Table 7,17,supplement,CAT-3DGS,Scaffold-GS,Mip-NeRF 360,treehill,23.08,0.616,0.423,5.13,MB,,,,,,,rate-distortion sweep point lambda_r=0.015
cat_3dgs_zhan_iclr2025,2503.00357,Table 7,17,supplement,CAT-3DGS,Scaffold-GS,Mip-NeRF 360,average,26.94,0.782,0.293,4.1,MB,,,,,,,rate-distortion sweep point lambda_r=0.015
cat_3dgs_zhan_iclr2025,2503.00357,Table 7,17,supplement,CAT-3DGS,Scaffold-GS,Mip-NeRF 360,bicycle,24.38,0.676,0.368,3.35,MB,,,,,,,rate-distortion sweep point lambda_r=0.03
cat_3dgs_zhan_iclr2025,2503.00357,Table 7,17,supplement,CAT-3DGS,Scaffold-GS,Mip-NeRF 360,bonsai,29.99,0.905,0.26,1.58,MB,,,,,,,rate-distortion sweep point lambda_r=0.03
cat_3dgs_zhan_iclr2025,2503.00357,Table 7,17,supplement,CAT-3DGS,Scaffold-GS,Mip-NeRF 360,counter,27.63,0.86,0.285,1.49,MB,,,,,,,rate-distortion sweep point lambda_r=0.03
cat_3dgs_zhan_iclr2025,2503.00357,Table 7,17,supplement,CAT-3DGS,Scaffold-GS,Mip-NeRF 360,flowers,20.74,0.519,0.455,3.32,MB,,,,,,,rate-distortion sweep point lambda_r=0.03
cat_3dgs_zhan_iclr2025,2503.00357,Table 7,17,supplement,CAT-3DGS,Scaffold-GS,Mip-NeRF 360,garden,25.81,0.755,0.304,3.85,MB,,,,,,,rate-distortion sweep point lambda_r=0.03
cat_3dgs_zhan_iclr2025,2503.00357,Table 7,17,supplement,CAT-3DGS,Scaffold-GS,Mip-NeRF 360,kitchen,28.76,0.878,0.216,1.53,MB,,,,,,,rate-distortion sweep point lambda_r=0.03
cat_3dgs_zhan_iclr2025,2503.00357,Table 7,17,supplement,CAT-3DGS,Scaffold-GS,Mip-NeRF 360,room,30.19,0.887,0.292,1.05,MB,,,,,,,rate-distortion sweep point lambda_r=0.03
cat_3dgs_zhan_iclr2025,2503.00357,Table 7,17,supplement,CAT-3DGS,Scaffold-GS,Mip-NeRF 360,stump,25.64,0.69,0.389,1.83,MB,,,,,,,rate-distortion sweep point lambda_r=0.03
cat_3dgs_zhan_iclr2025,2503.00357,Table 7,17,supplement,CAT-3DGS,Scaffold-GS,Mip-NeRF 360,treehill,22.84,0.58,0.472,2.44,MB,,,,,,,rate-distortion sweep point lambda_r=0.03
cat_3dgs_zhan_iclr2025,2503.00357,Table 7,17,supplement,CAT-3DGS,Scaffold-GS,Mip-NeRF 360,average,26.22,0.75,0.338,2.27,MB,,,,,,,rate-distortion sweep point lambda_r=0.03
cat_3dgs_zhan_iclr2025,2503.00357,Table 7,17,supplement,CAT-3DGS,Scaffold-GS,Mip-NeRF 360,bicycle,24.02,0.646,0.399,2.36,MB,,,,,,,rate-distortion sweep point lambda_r=0.04
cat_3dgs_zhan_iclr2025,2503.00357,Table 7,17,supplement,CAT-3DGS,Scaffold-GS,Mip-NeRF 360,bonsai,29.44,0.892,0.277,1.3,MB,,,,,,,rate-distortion sweep point lambda_r=0.04
cat_3dgs_zhan_iclr2025,2503.00357,Table 7,17,supplement,CAT-3DGS,Scaffold-GS,Mip-NeRF 360,counter,27.14,0.845,0.306,1.23,MB,,,,,,,rate-distortion sweep point lambda_r=0.04
cat_3dgs_zhan_iclr2025,2503.00357,Table 7,17,supplement,CAT-3DGS,Scaffold-GS,Mip-NeRF 360,flowers,20.44,0.496,0.477,2.42,MB,,,,,,,rate-distortion sweep point lambda_r=0.04
cat_3dgs_zhan_iclr2025,2503.00357,Table 7,17,supplement,CAT-3DGS,Scaffold-GS,Mip-NeRF 360,garden,25.4,0.727,0.337,3.01,MB,,,,,,,rate-distortion sweep point lambda_r=0.04
cat_3dgs_zhan_iclr2025,2503.00357,Table 7,17,supplement,CAT-3DGS,Scaffold-GS,Mip-NeRF 360,kitchen,28.16,0.862,0.244,1.2,MB,,,,,,,rate-distortion sweep point lambda_r=0.04
cat_3dgs_zhan_iclr2025,2503.00357,Table 7,17,supplement,CAT-3DGS,Scaffold-GS,Mip-NeRF 360,room,29.73,0.879,0.307,0.88,MB,,,,,,,rate-distortion sweep point lambda_r=0.04
cat_3dgs_zhan_iclr2025,2503.00357,Table 7,17,supplement,CAT-3DGS,Scaffold-GS,Mip-NeRF 360,stump,25.3,0.666,0.415,1.35,MB,,,,,,,rate-distortion sweep point lambda_r=0.04
cat_3dgs_zhan_iclr2025,2503.00357,Table 7,17,supplement,CAT-3DGS,Scaffold-GS,Mip-NeRF 360,treehill,22.71,0.558,0.499,1.74,MB,,,,,,,rate-distortion sweep point lambda_r=0.04
cat_3dgs_zhan_iclr2025,2503.00357,Table 7,17,supplement,CAT-3DGS,Scaffold-GS,Mip-NeRF 360,average,25.82,0.73,0.362,1.72,MB,,,,,,,rate-distortion sweep point lambda_r=0.04
cat_3dgs_zhan_iclr2025,2503.00357,Table 8,18,supplement,CAT-3DGS,Scaffold-GS,BungeeNeRF,amsterdam,27.57,0.908,0.148,31.98,MB,,,,,,,rate-distortion sweep point lambda_r=0.001
cat_3dgs_zhan_iclr2025,2503.00357,Table 8,18,supplement,CAT-3DGS,Scaffold-GS,BungeeNeRF,bilbao,28.25,0.897,0.165,25.38,MB,,,,,,,rate-distortion sweep point lambda_r=0.001
cat_3dgs_zhan_iclr2025,2503.00357,Table 8,18,supplement,CAT-3DGS,Scaffold-GS,BungeeNeRF,hollywood,25.16,0.815,0.254,24.58,MB,,,,,,,rate-distortion sweep point lambda_r=0.001
cat_3dgs_zhan_iclr2025,2503.00357,Table 8,18,supplement,CAT-3DGS,Scaffold-GS,BungeeNeRF,pompidou,25.82,0.864,0.214,28.83,MB,,,,,,,rate-distortion sweep point lambda_r=0.001
cat_3dgs_zhan_iclr2025,2503.00357,Table 8,18,supplement,CAT-3DGS,Scaffold-GS,BungeeNeRF,quebec,30.59,0.943,0.144,21.72,MB,,,,,,,rate-distortion sweep point lambda_r=0.001
cat_3dgs_zhan_iclr2025,2503.00357,Table 8,18,supplement,CAT-3DGS,Scaffold-GS,BungeeNeRF,rome,26.74,0.887,0.178,27.06,MB,,,,,,,rate-distortion sweep point lambda_r=0.001
cat_3dgs_zhan_iclr2025,2503.00357,Table 8,18,supplement,CAT-3DGS,Scaffold-GS,BungeeNeRF,average,27.35,0.886,0.184,26.59,MB,,,,,,,rate-distortion sweep point lambda_r=0.001
cat_3dgs_zhan_iclr2025,2503.00357,Table 8,18,supplement,CAT-3DGS,Scaffold-GS,BungeeNeRF,amsterdam,27.52,0.903,0.159,27.33,MB,,,,,,,rate-distortion sweep point lambda_r=0.002
cat_3dgs_zhan_iclr2025,2503.00357,Table 8,18,supplement,CAT-3DGS,Scaffold-GS,BungeeNeRF,bilbao,28.15,0.892,0.176,22.03,MB,,,,,,,rate-distortion sweep point lambda_r=0.002
cat_3dgs_zhan_iclr2025,2503.00357,Table 8,18,supplement,CAT-3DGS,Scaffold-GS,BungeeNeRF,hollywood,25.12,0.808,0.268,20.95,MB,,,,,,,rate-distortion sweep point lambda_r=0.002
cat_3dgs_zhan_iclr2025,2503.00357,Table 8,18,supplement,CAT-3DGS,Scaffold-GS,BungeeNeRF,pompidou,25.7,0.857,0.224,24.26,MB,,,,,,,rate-distortion sweep point lambda_r=0.002
cat_3dgs_zhan_iclr2025,2503.00357,Table 8,18,supplement,CAT-3DGS,Scaffold-GS,BungeeNeRF,quebec,30.23,0.938,0.154,17.84,MB,,,,,,,rate-distortion sweep point lambda_r=0.002
cat_3dgs_zhan_iclr2025,2503.00357,Table 8,18,supplement,CAT-3DGS,Scaffold-GS,BungeeNeRF,rome,26.57,0.881,0.19,23.17,MB,,,,,,,rate-distortion sweep point lambda_r=0.002
cat_3dgs_zhan_iclr2025,2503.00357,Table 8,18,supplement,CAT-3DGS,Scaffold-GS,BungeeNeRF,average,27.22,0.88,0.195,22.6,MB,,,,,,,rate-distortion sweep point lambda_r=0.002
cat_3dgs_zhan_iclr2025,2503.00357,Table 8,18,supplement,CAT-3DGS,Scaffold-GS,BungeeNeRF,amsterdam,27.28,0.897,0.169,24.47,MB,,,,,,,rate-distortion sweep point lambda_r=0.003
cat_3dgs_zhan_iclr2025,2503.00357,Table 8,18,supplement,CAT-3DGS,Scaffold-GS,BungeeNeRF,bilbao,28.13,0.888,0.181,19.41,MB,,,,,,,rate-distortion sweep point lambda_r=0.003
cat_3dgs_zhan_iclr2025,2503.00357,Table 8,18,supplement,CAT-3DGS,Scaffold-GS,BungeeNeRF,hollywood,25.05,0.801,0.28,18.72,MB,,,,,,,rate-distortion sweep point lambda_r=0.003
cat_3dgs_zhan_iclr2025,2503.00357,Table 8,18,supplement,CAT-3DGS,Scaffold-GS,BungeeNeRF,pompidou,25.69,0.854,0.232,21.52,MB,,,,,,,rate-distortion sweep point lambda_r=0.003
cat_3dgs_zhan_iclr2025,2503.00357,Table 8,18,supplement,CAT-3DGS,Scaffold-GS,BungeeNeRF,quebec,30.04,0.934,0.163,15.89,MB,,,,,,,rate-distortion sweep point lambda_r=0.003
cat_3dgs_zhan_iclr2025,2503.00357,Table 8,18,supplement,CAT-3DGS,Scaffold-GS,BungeeNeRF,rome,26.42,0.875,0.2,20.81,MB,,,,,,,rate-distortion sweep point lambda_r=0.003
cat_3dgs_zhan_iclr2025,2503.00357,Table 8,18,supplement,CAT-3DGS,Scaffold-GS,BungeeNeRF,average,27.1,0.875,0.204,20.14,MB,,,,,,,rate-distortion sweep point lambda_r=0.003
cat_3dgs_zhan_iclr2025,2503.00357,Table 8,18,supplement,CAT-3DGS,Scaffold-GS,BungeeNeRF,amsterdam,26.96,0.882,0.194,19.38,MB,,,,,,,rate-distortion sweep point lambda_r=0.006
cat_3dgs_zhan_iclr2025,2503.00357,Table 8,18,supplement,CAT-3DGS,Scaffold-GS,BungeeNeRF,bilbao,27.72,0.876,0.202,15.63,MB,,,,,,,rate-distortion sweep point lambda_r=0.006
cat_3dgs_zhan_iclr2025,2503.00357,Table 8,18,supplement,CAT-3DGS,Scaffold-GS,BungeeNeRF,hollywood,24.68,0.778,0.307,14.9,MB,,,,,,,rate-distortion sweep point lambda_r=0.006
cat_3dgs_zhan_iclr2025,2503.00357,Table 8,18,supplement,CAT-3DGS,Scaffold-GS,BungeeNeRF,pompidou,25.21,0.839,0.251,17.22,MB,,,,,,,rate-distortion sweep point lambda_r=0.006
cat_3dgs_zhan_iclr2025,2503.00357,Table 8,18,supplement,CAT-3DGS,Scaffold-GS,BungeeNeRF,quebec,29.53,0.925,0.178,13.28,MB,,,,,,,rate-distortion sweep point lambda_r=0.006
cat_3dgs_zhan_iclr2025,2503.00357,Table 8,18,supplement,CAT-3DGS,Scaffold-GS,BungeeNeRF,rome,25.78,0.856,0.223,16.87,MB,,,,,,,rate-distortion sweep point lambda_r=0.006
cat_3dgs_zhan_iclr2025,2503.00357,Table 8,18,supplement,CAT-3DGS,Scaffold-GS,BungeeNeRF,average,26.65,0.859,0.226,16.21,MB,,,,,,,rate-distortion sweep point lambda_r=0.006
cat_3dgs_zhan_iclr2025,2503.00357,Table 8,18,supplement,CAT-3DGS,Scaffold-GS,BungeeNeRF,amsterdam,26.32,0.863,0.215,15.96,MB,,,,,,,rate-distortion sweep point lambda_r=0.01
cat_3dgs_zhan_iclr2025,2503.00357,Table 8,18,supplement,CAT-3DGS,Scaffold-GS,BungeeNeRF,bilbao,27.26,0.861,0.222,12.73,MB,,,,,,,rate-distortion sweep point lambda_r=0.01
cat_3dgs_zhan_iclr2025,2503.00357,Table 8,18,supplement,CAT-3DGS,Scaffold-GS,BungeeNeRF,hollywood,24.41,0.757,0.325,12.71,MB,,,,,,,rate-distortion sweep point lambda_r=0.01
cat_3dgs_zhan_iclr2025,2503.00357,Table 8,18,supplement,CAT-3DGS,Scaffold-GS,BungeeNeRF,pompidou,24.86,0.825,0.267,14.33,MB,,,,,,,rate-distortion sweep point lambda_r=0.01
cat_3dgs_zhan_iclr2025,2503.00357,Table 8,18,supplement,CAT-3DGS,Scaffold-GS,BungeeNeRF,quebec,28.84,0.914,0.197,10.68,MB,,,,,,,rate-distortion sweep point lambda_r=0.01
cat_3dgs_zhan_iclr2025,2503.00357,Table 8,18,supplement,CAT-3DGS,Scaffold-GS,BungeeNeRF,rome,25.13,0.834,0.245,13.86,MB,,,,,,,rate-distortion sweep point lambda_r=0.01
cat_3dgs_zhan_iclr2025,2503.00357,Table 8,18,supplement,CAT-3DGS,Scaffold-GS,BungeeNeRF,average,26.14,0.842,0.245,13.38,MB,,,,,,,rate-distortion sweep point lambda_r=0.01
cat_3dgs_zhan_iclr2025,2503.00357,Table 8,18,supplement,CAT-3DGS,Scaffold-GS,BungeeNeRF,amsterdam,25.65,0.833,0.253,12.33,MB,,,,,,,rate-distortion sweep point lambda_r=0.02
cat_3dgs_zhan_iclr2025,2503.00357,Table 8,18,supplement,CAT-3DGS,Scaffold-GS,BungeeNeRF,bilbao,26.3,0.829,0.258,9.74,MB,,,,,,,rate-distortion sweep point lambda_r=0.02
cat_3dgs_zhan_iclr2025,2503.00357,Table 8,18,supplement,CAT-3DGS,Scaffold-GS,BungeeNeRF,hollywood,23.8,0.714,0.361,9.12,MB,,,,,,,rate-distortion sweep point lambda_r=0.02
cat_3dgs_zhan_iclr2025,2503.00357,Table 8,18,supplement,CAT-3DGS,Scaffold-GS,BungeeNeRF,pompidou,23.78,0.789,0.298,10.75,MB,,,,,,,rate-distortion sweep point lambda_r=0.02
cat_3dgs_zhan_iclr2025,2503.00357,Table 8,18,supplement,CAT-3DGS,Scaffold-GS,BungeeNeRF,quebec,27.76,0.891,0.225,8.28,MB,,,,,,,rate-distortion sweep point lambda_r=0.02
cat_3dgs_zhan_iclr2025,2503.00357,Table 8,18,supplement,CAT-3DGS,Scaffold-GS,BungeeNeRF,rome,23.85,0.79,0.283,10.63,MB,,,,,,,rate-distortion sweep point lambda_r=0.02
cat_3dgs_zhan_iclr2025,2503.00357,Table 8,18,supplement,CAT-3DGS,Scaffold-GS,BungeeNeRF,average,25.19,0.808,0.28,10.14,MB,,,,,,,rate-distortion sweep point lambda_r=0.02
cat_3dgs_zhan_iclr2025,2503.00357,Table 9,19,supplement,CAT-3DGS,Scaffold-GS,Tanks and Temples,train,22.68,0.82,0.221,6.28,MB,,,,,,,rate-distortion sweep point lambda_r=0.002
cat_3dgs_zhan_iclr2025,2503.00357,Table 9,19,supplement,CAT-3DGS,Scaffold-GS,Tanks and Temples,truck,26.14,0.885,0.157,7.57,MB,,,,,,,rate-distortion sweep point lambda_r=0.002
cat_3dgs_zhan_iclr2025,2503.00357,Table 9,19,supplement,CAT-3DGS,Scaffold-GS,Tanks and Temples,average,24.41,0.853,0.189,6.93,MB,,,,,,,rate-distortion sweep point lambda_r=0.002
cat_3dgs_zhan_iclr2025,2503.00357,Table 9,19,supplement,CAT-3DGS,Scaffold-GS,Tanks and Temples,train,22.45,0.817,0.226,5.06,MB,,,,,,,rate-distortion sweep point lambda_r=0.004
cat_3dgs_zhan_iclr2025,2503.00357,Table 9,19,supplement,CAT-3DGS,Scaffold-GS,Tanks and Temples,truck,25.98,0.882,0.162,5.88,MB,,,,,,,rate-distortion sweep point lambda_r=0.004
cat_3dgs_zhan_iclr2025,2503.00357,Table 9,19,supplement,CAT-3DGS,Scaffold-GS,Tanks and Temples,average,24.22,0.85,0.194,5.47,MB,,,,,,,rate-distortion sweep point lambda_r=0.004
cat_3dgs_zhan_iclr2025,2503.00357,Table 9,19,supplement,CAT-3DGS,Scaffold-GS,Tanks and Temples,train,22.31,0.802,0.249,3.43,MB,,,,,,,rate-distortion sweep point lambda_r=0.01
cat_3dgs_zhan_iclr2025,2503.00357,Table 9,19,supplement,CAT-3DGS,Scaffold-GS,Tanks and Temples,truck,25.68,0.871,0.184,3.74,MB,,,,,,,rate-distortion sweep point lambda_r=0.01
cat_3dgs_zhan_iclr2025,2503.00357,Table 9,19,supplement,CAT-3DGS,Scaffold-GS,Tanks and Temples,average,23.99,0.837,0.217,3.58,MB,,,,,,,rate-distortion sweep point lambda_r=0.01
cat_3dgs_zhan_iclr2025,2503.00357,Table 9,19,supplement,CAT-3DGS,Scaffold-GS,Tanks and Temples,train,22.23,0.794,0.262,2.71,MB,,,,,,,rate-distortion sweep point lambda_r=0.015
cat_3dgs_zhan_iclr2025,2503.00357,Table 9,19,supplement,CAT-3DGS,Scaffold-GS,Tanks and Temples,truck,25.55,0.866,0.195,3.0,MB,,,,,,,rate-distortion sweep point lambda_r=0.015
cat_3dgs_zhan_iclr2025,2503.00357,Table 9,19,supplement,CAT-3DGS,Scaffold-GS,Tanks and Temples,average,23.89,0.83,0.228,2.86,MB,,,,,,,rate-distortion sweep point lambda_r=0.015
cat_3dgs_zhan_iclr2025,2503.00357,Table 9,19,supplement,CAT-3DGS,Scaffold-GS,Tanks and Temples,train,22.01,0.769,0.295,1.8,MB,,,,,,,rate-distortion sweep point lambda_r=0.03
cat_3dgs_zhan_iclr2025,2503.00357,Table 9,19,supplement,CAT-3DGS,Scaffold-GS,Tanks and Temples,truck,24.97,0.842,0.238,1.89,MB,,,,,,,rate-distortion sweep point lambda_r=0.03
cat_3dgs_zhan_iclr2025,2503.00357,Table 9,19,supplement,CAT-3DGS,Scaffold-GS,Tanks and Temples,average,23.49,0.806,0.266,1.85,MB,,,,,,,rate-distortion sweep point lambda_r=0.03
cat_3dgs_zhan_iclr2025,2503.00357,Table 9,19,supplement,CAT-3DGS,Scaffold-GS,Tanks and Temples,train,21.42,0.75,0.315,1.47,MB,,,,,,,rate-distortion sweep point lambda_r=0.04
cat_3dgs_zhan_iclr2025,2503.00357,Table 9,19,supplement,CAT-3DGS,Scaffold-GS,Tanks and Temples,truck,24.51,0.822,0.271,1.38,MB,,,,,,,rate-distortion sweep point lambda_r=0.04
cat_3dgs_zhan_iclr2025,2503.00357,Table 9,19,supplement,CAT-3DGS,Scaffold-GS,Tanks and Temples,average,22.97,0.786,0.293,1.42,MB,,,,,,,rate-distortion sweep point lambda_r=0.04
cat_3dgs_zhan_iclr2025,2503.00357,Table 10,19,supplement,CAT-3DGS,Scaffold-GS,Deep Blending,drjohnson,29.67,0.906,0.266,4.27,MB,,,,,,,rate-distortion sweep point lambda_r=0.002
cat_3dgs_zhan_iclr2025,2503.00357,Table 10,19,supplement,CAT-3DGS,Scaffold-GS,Deep Blending,playroom,30.9,0.911,0.272,2.85,MB,,,,,,,rate-distortion sweep point lambda_r=0.002
cat_3dgs_zhan_iclr2025,2503.00357,Table 10,19,supplement,CAT-3DGS,Scaffold-GS,Deep Blending,average,30.29,0.909,0.269,3.56,MB,,,,,,,rate-distortion sweep point lambda_r=0.002
cat_3dgs_zhan_iclr2025,2503.00357,Table 10,19,supplement,CAT-3DGS,Scaffold-GS,Deep Blending,drjohnson,29.51,0.904,0.272,3.43,MB,,,,,,,rate-distortion sweep point lambda_r=0.004
cat_3dgs_zhan_iclr2025,2503.00357,Table 10,19,supplement,CAT-3DGS,Scaffold-GS,Deep Blending,playroom,30.81,0.909,0.279,2.21,MB,,,,,,,rate-distortion sweep point lambda_r=0.004
cat_3dgs_zhan_iclr2025,2503.00357,Table 10,19,supplement,CAT-3DGS,Scaffold-GS,Deep Blending,average,30.16,0.906,0.275,2.82,MB,,,,,,,rate-distortion sweep point lambda_r=0.004
cat_3dgs_zhan_iclr2025,2503.00357,Table 10,19,supplement,CAT-3DGS,Scaffold-GS,Deep Blending,drjohnson,29.23,0.898,0.288,2.12,MB,,,,,,,rate-distortion sweep point lambda_r=0.01
cat_3dgs_zhan_iclr2025,2503.00357,Table 10,19,supplement,CAT-3DGS,Scaffold-GS,Deep Blending,playroom,30.23,0.903,0.295,1.46,MB,,,,,,,rate-distortion sweep point lambda_r=0.01
cat_3dgs_zhan_iclr2025,2503.00357,Table 10,19,supplement,CAT-3DGS,Scaffold-GS,Deep Blending,average,29.73,0.9,0.292,1.79,MB,,,,,,,rate-distortion sweep point lambda_r=0.01
cat_3dgs_zhan_iclr2025,2503.00357,Table 10,19,supplement,CAT-3DGS,Scaffold-GS,Deep Blending,drjohnson,29.06,0.892,0.299,1.76,MB,,,,,,,rate-distortion sweep point lambda_r=0.015
cat_3dgs_zhan_iclr2025,2503.00357,Table 10,19,supplement,CAT-3DGS,Scaffold-GS,Deep Blending,playroom,29.91,0.897,0.309,1.21,MB,,,,,,,rate-distortion sweep point lambda_r=0.015
cat_3dgs_zhan_iclr2025,2503.00357,Table 10,19,supplement,CAT-3DGS,Scaffold-GS,Deep Blending,average,29.48,0.894,0.304,1.48,MB,,,,,,,rate-distortion sweep point lambda_r=0.015
cat_3dgs_zhan_iclr2025,2503.00357,Table 10,19,supplement,CAT-3DGS,Scaffold-GS,Deep Blending,drjohnson,28.52,0.879,0.323,1.2,MB,,,,,,,rate-distortion sweep point lambda_r=0.03
cat_3dgs_zhan_iclr2025,2503.00357,Table 10,19,supplement,CAT-3DGS,Scaffold-GS,Deep Blending,playroom,29.19,0.887,0.331,0.85,MB,,,,,,,rate-distortion sweep point lambda_r=0.03
cat_3dgs_zhan_iclr2025,2503.00357,Table 10,19,supplement,CAT-3DGS,Scaffold-GS,Deep Blending,average,28.85,0.883,0.327,1.03,MB,,,,,,,rate-distortion sweep point lambda_r=0.03
cat_3dgs_zhan_iclr2025,2503.00357,Table 10,19,supplement,CAT-3DGS,Scaffold-GS,Deep Blending,drjohnson,28.31,0.874,0.332,1.09,MB,,,,,,,rate-distortion sweep point lambda_r=0.04
cat_3dgs_zhan_iclr2025,2503.00357,Table 10,19,supplement,CAT-3DGS,Scaffold-GS,Deep Blending,playroom,28.74,0.881,0.34,0.76,MB,,,,,,,rate-distortion sweep point lambda_r=0.04
cat_3dgs_zhan_iclr2025,2503.00357,Table 10,19,supplement,CAT-3DGS,Scaffold-GS,Deep Blending,average,28.53,0.878,0.336,0.93,MB,,,,,,,rate-distortion sweep point lambda_r=0.04
cat_3dgs_zhan_iclr2025,2503.00357,Table 11,20,supplement,HAC,Scaffold-GS,Mip-NeRF 360,bicycle,25.11,0.742,0.259,39.15,MB,,,,,,,rate-distortion sweep point lambda_r=0.001; HAC re-run by the CAT-3DGS authors
cat_3dgs_zhan_iclr2025,2503.00357,Table 11,20,supplement,HAC,Scaffold-GS,Mip-NeRF 360,bonsai,32.97,0.948,0.18,12.72,MB,,,,,,,rate-distortion sweep point lambda_r=0.001; HAC re-run by the CAT-3DGS authors
cat_3dgs_zhan_iclr2025,2503.00357,Table 11,20,supplement,HAC,Scaffold-GS,Mip-NeRF 360,counter,29.74,0.918,0.184,10.44,MB,,,,,,,rate-distortion sweep point lambda_r=0.001; HAC re-run by the CAT-3DGS authors
cat_3dgs_zhan_iclr2025,2503.00357,Table 11,20,supplement,HAC,Scaffold-GS,Mip-NeRF 360,flowers,21.27,0.575,0.377,27.55,MB,,,,,,,rate-distortion sweep point lambda_r=0.001; HAC re-run by the CAT-3DGS authors
cat_3dgs_zhan_iclr2025,2503.00357,Table 11,20,supplement,HAC,Scaffold-GS,Mip-NeRF 360,garden,27.46,0.849,0.139,32.17,MB,,,,,,,rate-distortion sweep point lambda_r=0.001; HAC re-run by the CAT-3DGS authors
cat_3dgs_zhan_iclr2025,2503.00357,Table 11,20,supplement,HAC,Scaffold-GS,Mip-NeRF 360,kitchen,31.63,0.93,0.122,12.07,MB,,,,,,,rate-distortion sweep point lambda_r=0.001; HAC re-run by the CAT-3DGS authors
cat_3dgs_zhan_iclr2025,2503.00357,Table 11,20,supplement,HAC,Scaffold-GS,Mip-NeRF 360,room,31.9,0.926,0.198,7.85,MB,,,,,,,rate-distortion sweep point lambda_r=0.001; HAC re-run by the CAT-3DGS authors
cat_3dgs_zhan_iclr2025,2503.00357,Table 11,20,supplement,HAC,Scaffold-GS,Mip-NeRF 360,stump,26.59,0.763,0.264,25.26,MB,,,,,,,rate-distortion sweep point lambda_r=0.001; HAC re-run by the CAT-3DGS authors
cat_3dgs_zhan_iclr2025,2503.00357,Table 11,20,supplement,HAC,Scaffold-GS,Mip-NeRF 360,treehill,23.26,0.648,0.345,29.65,MB,,,,,,,rate-distortion sweep point lambda_r=0.001; HAC re-run by the CAT-3DGS authors
cat_3dgs_zhan_iclr2025,2503.00357,Table 11,20,supplement,HAC,Scaffold-GS,Mip-NeRF 360,average,27.77,0.811,0.23,21.87,MB,,,,,,,rate-distortion sweep point lambda_r=0.001; HAC re-run by the CAT-3DGS authors
cat_3dgs_zhan_iclr2025,2503.00357,Table 11,20,supplement,HAC,Scaffold-GS,Mip-NeRF 360,bicycle,25.1,0.742,0.262,33.14,MB,,,,,,,rate-distortion sweep point lambda_r=0.002; HAC re-run by the CAT-3DGS authors
cat_3dgs_zhan_iclr2025,2503.00357,Table 11,20,supplement,HAC,Scaffold-GS,Mip-NeRF 360,bonsai,32.7,0.945,0.184,10.51,MB,,,,,,,rate-distortion sweep point lambda_r=0.002; HAC re-run by the CAT-3DGS authors
cat_3dgs_zhan_iclr2025,2503.00357,Table 11,20,supplement,HAC,Scaffold-GS,Mip-NeRF 360,counter,29.65,0.915,0.189,8.88,MB,,,,,,,rate-distortion sweep point lambda_r=0.002; HAC re-run by the CAT-3DGS authors
cat_3dgs_zhan_iclr2025,2503.00357,Table 11,20,supplement,HAC,Scaffold-GS,Mip-NeRF 360,flowers,21.32,0.576,0.377,23.73,MB,,,,,,,rate-distortion sweep point lambda_r=0.002; HAC re-run by the CAT-3DGS authors
cat_3dgs_zhan_iclr2025,2503.00357,Table 11,20,supplement,HAC,Scaffold-GS,Mip-NeRF 360,garden,27.43,0.847,0.143,27.52,MB,,,,,,,rate-distortion sweep point lambda_r=0.002; HAC re-run by the CAT-3DGS authors
cat_3dgs_zhan_iclr2025,2503.00357,Table 11,20,supplement,HAC,Scaffold-GS,Mip-NeRF 360,kitchen,31.46,0.928,0.125,10.05,MB,,,,,,,rate-distortion sweep point lambda_r=0.002; HAC re-run by the CAT-3DGS authors
cat_3dgs_zhan_iclr2025,2503.00357,Table 11,20,supplement,HAC,Scaffold-GS,Mip-NeRF 360,room,31.87,0.925,0.201,6.47,MB,,,,,,,rate-distortion sweep point lambda_r=0.002; HAC re-run by the CAT-3DGS authors
cat_3dgs_zhan_iclr2025,2503.00357,Table 11,20,supplement,HAC,Scaffold-GS,Mip-NeRF 360,stump,26.59,0.761,0.268,21.75,MB,,,,,,,rate-distortion sweep point lambda_r=0.002; HAC re-run by the CAT-3DGS authors
cat_3dgs_zhan_iclr2025,2503.00357,Table 11,20,supplement,HAC,Scaffold-GS,Mip-NeRF 360,treehill,23.34,0.647,0.35,24.83,MB,,,,,,,rate-distortion sweep point lambda_r=0.002; HAC re-run by the CAT-3DGS authors
cat_3dgs_zhan_iclr2025,2503.00357,Table 11,20,supplement,HAC,Scaffold-GS,Mip-NeRF 360,average,27.72,0.809,0.233,18.54,MB,,,,,,,rate-distortion sweep point lambda_r=0.002; HAC re-run by the CAT-3DGS authors
cat_3dgs_zhan_iclr2025,2503.00357,Table 11,20,supplement,HAC,Scaffold-GS,Mip-NeRF 360,bicycle,25.05,0.742,0.264,27.54,MB,,,,,,,rate-distortion sweep point lambda_r=0.004; HAC re-run by the CAT-3DGS authors
cat_3dgs_zhan_iclr2025,2503.00357,Table 11,20,supplement,HAC,Scaffold-GS,Mip-NeRF 360,bonsai,32.28,0.942,0.189,8.56,MB,,,,,,,rate-distortion sweep point lambda_r=0.004; HAC re-run by the CAT-3DGS authors
cat_3dgs_zhan_iclr2025,2503.00357,Table 11,20,supplement,HAC,Scaffold-GS,Mip-NeRF 360,counter,29.35,0.911,0.195,7.26,MB,,,,,,,rate-distortion sweep point lambda_r=0.004; HAC re-run by the CAT-3DGS authors
cat_3dgs_zhan_iclr2025,2503.00357,Table 11,20,supplement,HAC,Scaffold-GS,Mip-NeRF 360,flowers,21.26,0.572,0.381,19.59,MB,,,,,,,rate-distortion sweep point lambda_r=0.004; HAC re-run by the CAT-3DGS authors
cat_3dgs_zhan_iclr2025,2503.00357,Table 11,20,supplement,HAC,Scaffold-GS,Mip-NeRF 360,garden,27.28,0.842,0.151,22.69,MB,,,,,,,rate-distortion sweep point lambda_r=0.004; HAC re-run by the CAT-3DGS authors
cat_3dgs_zhan_iclr2025,2503.00357,Table 11,20,supplement,HAC,Scaffold-GS,Mip-NeRF 360,kitchen,31.16,0.923,0.131,8.05,MB,,,,,,,rate-distortion sweep point lambda_r=0.004; HAC re-run by the CAT-3DGS authors
cat_3dgs_zhan_iclr2025,2503.00357,Table 11,20,supplement,HAC,Scaffold-GS,Mip-NeRF 360,room,31.55,0.921,0.208,5.53,MB,,,,,,,rate-distortion sweep point lambda_r=0.004; HAC re-run by the CAT-3DGS authors
cat_3dgs_zhan_iclr2025,2503.00357,Table 11,20,supplement,HAC,Scaffold-GS,Mip-NeRF 360,stump,26.58,0.762,0.269,18.11,MB,,,,,,,rate-distortion sweep point lambda_r=0.004; HAC re-run by the CAT-3DGS authors
cat_3dgs_zhan_iclr2025,2503.00357,Table 11,20,supplement,HAC,Scaffold-GS,Mip-NeRF 360,treehill,23.3,0.645,0.356,20.04,MB,,,,,,,rate-distortion sweep point lambda_r=0.004; HAC re-run by the CAT-3DGS authors
cat_3dgs_zhan_iclr2025,2503.00357,Table 11,20,supplement,HAC,Scaffold-GS,Mip-NeRF 360,average,27.53,0.807,0.238,15.26,MB,,,,,,,rate-distortion sweep point lambda_r=0.004; HAC re-run by the CAT-3DGS authors
cat_3dgs_zhan_iclr2025,2503.00357,Table 11,20,supplement,HAC,Scaffold-GS,Mip-NeRF 360,bicycle,24.79,0.733,0.284,17.8,MB,,,,,,,rate-distortion sweep point lambda_r=0.01; HAC re-run by the CAT-3DGS authors
cat_3dgs_zhan_iclr2025,2503.00357,Table 11,20,supplement,HAC,Scaffold-GS,Mip-NeRF 360,bonsai,31.27,0.933,0.208,5.16,MB,,,,,,,rate-distortion sweep point lambda_r=0.01; HAC re-run by the CAT-3DGS authors
cat_3dgs_zhan_iclr2025,2503.00357,Table 11,20,supplement,HAC,Scaffold-GS,Mip-NeRF 360,counter,28.68,0.898,0.22,4.54,MB,,,,,,,rate-distortion sweep point lambda_r=0.01; HAC re-run by the CAT-3DGS authors
cat_3dgs_zhan_iclr2025,2503.00357,Table 11,20,supplement,HAC,Scaffold-GS,Mip-NeRF 360,flowers,21.18,0.561,0.4,12.15,MB,,,,,,,rate-distortion sweep point lambda_r=0.01; HAC re-run by the CAT-3DGS authors
cat_3dgs_zhan_iclr2025,2503.00357,Table 11,20,supplement,HAC,Scaffold-GS,Mip-NeRF 360,garden,26.76,0.822,0.188,14.53,MB,,,,,,,rate-distortion sweep point lambda_r=0.01; HAC re-run by the CAT-3DGS authors
cat_3dgs_zhan_iclr2025,2503.00357,Table 11,20,supplement,HAC,Scaffold-GS,Mip-NeRF 360,kitchen,30.51,0.914,0.149,4.85,MB,,,,,,,rate-distortion sweep point lambda_r=0.01; HAC re-run by the CAT-3DGS authors
cat_3dgs_zhan_iclr2025,2503.00357,Table 11,20,supplement,HAC,Scaffold-GS,Mip-NeRF 360,room,31.2,0.912,0.234,3.27,MB,,,,,,,rate-distortion sweep point lambda_r=0.01; HAC re-run by the CAT-3DGS authors
cat_3dgs_zhan_iclr2025,2503.00357,Table 11,20,supplement,HAC,Scaffold-GS,Mip-NeRF 360,stump,26.54,0.752,0.296,11.21,MB,,,,,,,rate-distortion sweep point lambda_r=0.01; HAC re-run by the CAT-3DGS authors
cat_3dgs_zhan_iclr2025,2503.00357,Table 11,20,supplement,HAC,Scaffold-GS,Mip-NeRF 360,treehill,23.13,0.628,0.392,12.27,MB,,,,,,,rate-distortion sweep point lambda_r=0.01; HAC re-run by the CAT-3DGS authors
cat_3dgs_zhan_iclr2025,2503.00357,Table 11,20,supplement,HAC,Scaffold-GS,Mip-NeRF 360,average,27.12,0.795,0.263,9.53,MB,,,,,,,rate-distortion sweep point lambda_r=0.01; HAC re-run by the CAT-3DGS authors
cat_3dgs_zhan_iclr2025,2503.00357,Table 11,20,supplement,HAC,Scaffold-GS,Mip-NeRF 360,bicycle,24.6,0.717,0.306,14.97,MB,,,,,,,rate-distortion sweep point lambda_r=0.02; HAC re-run by the CAT-3DGS authors
cat_3dgs_zhan_iclr2025,2503.00357,Table 11,20,supplement,HAC,Scaffold-GS,Mip-NeRF 360,bonsai,30.51,0.922,0.225,4.24,MB,,,,,,,rate-distortion sweep point lambda_r=0.02; HAC re-run by the CAT-3DGS authors
cat_3dgs_zhan_iclr2025,2503.00357,Table 11,20,supplement,HAC,Scaffold-GS,Mip-NeRF 360,counter,27.78,0.878,0.248,3.3,MB,,,,,,,rate-distortion sweep point lambda_r=0.02; HAC re-run by the CAT-3DGS authors
cat_3dgs_zhan_iclr2025,2503.00357,Table 11,20,supplement,HAC,Scaffold-GS,Mip-NeRF 360,flowers,20.84,0.537,0.425,8.9,MB,,,,,,,rate-distortion sweep point lambda_r=0.02; HAC re-run by the CAT-3DGS authors
cat_3dgs_zhan_iclr2025,2503.00357,Table 11,20,supplement,HAC,Scaffold-GS,Mip-NeRF 360,garden,26.34,0.8,0.222,10.87,MB,,,,,,,rate-distortion sweep point lambda_r=0.02; HAC re-run by the CAT-3DGS authors
cat_3dgs_zhan_iclr2025,2503.00357,Table 11,20,supplement,HAC,Scaffold-GS,Mip-NeRF 360,kitchen,29.86,0.902,0.169,3.69,MB,,,,,,,rate-distortion sweep point lambda_r=0.02; HAC re-run by the CAT-3DGS authors
cat_3dgs_zhan_iclr2025,2503.00357,Table 11,20,supplement,HAC,Scaffold-GS,Mip-NeRF 360,room,30.51,0.9,0.256,2.56,MB,,,,,,,rate-distortion sweep point lambda_r=0.02; HAC re-run by the CAT-3DGS authors
cat_3dgs_zhan_iclr2025,2503.00357,Table 11,20,supplement,HAC,Scaffold-GS,Mip-NeRF 360,stump,26.2,0.73,0.326,8.68,MB,,,,,,,rate-distortion sweep point lambda_r=0.02; HAC re-run by the CAT-3DGS authors
cat_3dgs_zhan_iclr2025,2503.00357,Table 11,20,supplement,HAC,Scaffold-GS,Mip-NeRF 360,treehill,23.03,0.61,0.418,9.25,MB,,,,,,,rate-distortion sweep point lambda_r=0.02; HAC re-run by the CAT-3DGS authors
cat_3dgs_zhan_iclr2025,2503.00357,Table 11,20,supplement,HAC,Scaffold-GS,Mip-NeRF 360,average,26.63,0.777,0.288,7.38,MB,,,,,,,rate-distortion sweep point lambda_r=0.02; HAC re-run by the CAT-3DGS authors
cat_3dgs_zhan_iclr2025,2503.00357,Table 11,20,supplement,HAC,Scaffold-GS,Mip-NeRF 360,bicycle,24.16,0.694,0.333,11.59,MB,,,,,,,rate-distortion sweep point lambda_r=0.035; HAC re-run by the CAT-3DGS authors
cat_3dgs_zhan_iclr2025,2503.00357,Table 11,20,supplement,HAC,Scaffold-GS,Mip-NeRF 360,bonsai,29.63,0.909,0.242,3.72,MB,,,,,,,rate-distortion sweep point lambda_r=0.035; HAC re-run by the CAT-3DGS authors
cat_3dgs_zhan_iclr2025,2503.00357,Table 11,20,supplement,HAC,Scaffold-GS,Mip-NeRF 360,counter,27.19,0.864,0.269,2.68,MB,,,,,,,rate-distortion sweep point lambda_r=0.035; HAC re-run by the CAT-3DGS authors
cat_3dgs_zhan_iclr2025,2503.00357,Table 11,20,supplement,HAC,Scaffold-GS,Mip-NeRF 360,flowers,20.57,0.513,0.449,7.17,MB,,,,,,,rate-distortion sweep point lambda_r=0.035; HAC re-run by the CAT-3DGS authors
cat_3dgs_zhan_iclr2025,2503.00357,Table 11,20,supplement,HAC,Scaffold-GS,Mip-NeRF 360,garden,25.86,0.78,0.252,8.9,MB,,,,,,,rate-distortion sweep point lambda_r=0.035; HAC re-run by the CAT-3DGS authors
cat_3dgs_zhan_iclr2025,2503.00357,Table 11,20,supplement,HAC,Scaffold-GS,Mip-NeRF 360,kitchen,29.09,0.886,0.191,3.08,MB,,,,,,,rate-distortion sweep point lambda_r=0.035; HAC re-run by the CAT-3DGS authors
cat_3dgs_zhan_iclr2025,2503.00357,Table 11,20,supplement,HAC,Scaffold-GS,Mip-NeRF 360,room,29.94,0.889,0.276,2.15,MB,,,,,,,rate-distortion sweep point lambda_r=0.035; HAC re-run by the CAT-3DGS authors
cat_3dgs_zhan_iclr2025,2503.00357,Table 11,20,supplement,HAC,Scaffold-GS,Mip-NeRF 360,stump,25.77,0.707,0.358,7.03,MB,,,,,,,rate-distortion sweep point lambda_r=0.035; HAC re-run by the CAT-3DGS authors
cat_3dgs_zhan_iclr2025,2503.00357,Table 11,20,supplement,HAC,Scaffold-GS,Mip-NeRF 360,treehill,22.82,0.591,0.443,7.32,MB,,,,,,,rate-distortion sweep point lambda_r=0.035; HAC re-run by the CAT-3DGS authors
cat_3dgs_zhan_iclr2025,2503.00357,Table 11,20,supplement,HAC,Scaffold-GS,Mip-NeRF 360,average,26.11,0.759,0.312,5.96,MB,,,,,,,rate-distortion sweep point lambda_r=0.035; HAC re-run by the CAT-3DGS authors
cat_3dgs_zhan_iclr2025,2503.00357,Table 12,21,supplement,HAC,Scaffold-GS,BungeeNeRF,amsterdam,27.25,0.886,0.19,31.84,MB,,,,,,,rate-distortion sweep point lambda_r=0.001; HAC re-run by the CAT-3DGS authors
cat_3dgs_zhan_iclr2025,2503.00357,Table 12,21,supplement,HAC,Scaffold-GS,BungeeNeRF,bilbao,27.98,0.886,0.19,24.38,MB,,,,,,,rate-distortion sweep point lambda_r=0.001; HAC re-run by the CAT-3DGS authors
cat_3dgs_zhan_iclr2025,2503.00357,Table 12,21,supplement,HAC,Scaffold-GS,BungeeNeRF,hollywood,24.59,0.772,0.319,23.41,MB,,,,,,,rate-distortion sweep point lambda_r=0.001; HAC re-run by the CAT-3DGS authors
cat_3dgs_zhan_iclr2025,2503.00357,Table 12,21,supplement,HAC,Scaffold-GS,BungeeNeRF,pompidou,25.58,0.851,0.236,29.19,MB,,,,,,,rate-distortion sweep point lambda_r=0.001; HAC re-run by the CAT-3DGS authors
cat_3dgs_zhan_iclr2025,2503.00357,Table 12,21,supplement,HAC,Scaffold-GS,BungeeNeRF,quebec,30.3,0.934,0.163,21.23,MB,,,,,,,rate-distortion sweep point lambda_r=0.001; HAC re-run by the CAT-3DGS authors
cat_3dgs_zhan_iclr2025,2503.00357,Table 12,21,supplement,HAC,Scaffold-GS,BungeeNeRF,rome,26.61,0.876,0.203,26.91,MB,,,,,,,rate-distortion sweep point lambda_r=0.001; HAC re-run by the CAT-3DGS authors
cat_3dgs_zhan_iclr2025,2503.00357,Table 12,21,supplement,HAC,Scaffold-GS,BungeeNeRF,average,27.05,0.868,0.217,26.16,MB,,,,,,,rate-distortion sweep point lambda_r=0.001; HAC re-run by the CAT-3DGS authors
cat_3dgs_zhan_iclr2025,2503.00357,Table 12,21,supplement,HAC,Scaffold-GS,BungeeNeRF,amsterdam,27.13,0.88,0.202,27.14,MB,,,,,,,rate-distortion sweep point lambda_r=0.002; HAC re-run by the CAT-3DGS authors
cat_3dgs_zhan_iclr2025,2503.00357,Table 12,21,supplement,HAC,Scaffold-GS,BungeeNeRF,bilbao,28.02,0.88,0.205,20.91,MB,,,,,,,rate-distortion sweep point lambda_r=0.002; HAC re-run by the CAT-3DGS authors
cat_3dgs_zhan_iclr2025,2503.00357,Table 12,21,supplement,HAC,Scaffold-GS,BungeeNeRF,hollywood,24.43,0.763,0.33,20.09,MB,,,,,,,rate-distortion sweep point lambda_r=0.002; HAC re-run by the CAT-3DGS authors
cat_3dgs_zhan_iclr2025,2503.00357,Table 12,21,supplement,HAC,Scaffold-GS,BungeeNeRF,pompidou,25.27,0.842,0.249,24.85,MB,,,,,,,rate-distortion sweep point lambda_r=0.002; HAC re-run by the CAT-3DGS authors
cat_3dgs_zhan_iclr2025,2503.00357,Table 12,21,supplement,HAC,Scaffold-GS,BungeeNeRF,quebec,29.98,0.929,0.175,17.9,MB,,,,,,,rate-distortion sweep point lambda_r=0.002; HAC re-run by the CAT-3DGS authors
cat_3dgs_zhan_iclr2025,2503.00357,Table 12,21,supplement,HAC,Scaffold-GS,BungeeNeRF,rome,26.28,0.866,0.219,23.07,MB,,,,,,,rate-distortion sweep point lambda_r=0.002; HAC re-run by the CAT-3DGS authors
cat_3dgs_zhan_iclr2025,2503.00357,Table 12,21,supplement,HAC,Scaffold-GS,BungeeNeRF,average,26.85,0.86,0.23,22.33,MB,,,,,,,rate-distortion sweep point lambda_r=0.002; HAC re-run by the CAT-3DGS authors
cat_3dgs_zhan_iclr2025,2503.00357,Table 12,21,supplement,HAC,Scaffold-GS,BungeeNeRF,amsterdam,26.95,0.873,0.214,24.41,MB,,,,,,,rate-distortion sweep point lambda_r=0.003; HAC re-run by the CAT-3DGS authors
cat_3dgs_zhan_iclr2025,2503.00357,Table 12,21,supplement,HAC,Scaffold-GS,BungeeNeRF,bilbao,27.82,0.872,0.218,18.76,MB,,,,,,,rate-distortion sweep point lambda_r=0.003; HAC re-run by the CAT-3DGS authors
cat_3dgs_zhan_iclr2025,2503.00357,Table 12,21,supplement,HAC,Scaffold-GS,BungeeNeRF,hollywood,24.27,0.753,0.342,17.87,MB,,,,,,,rate-distortion sweep point lambda_r=0.003; HAC re-run by the CAT-3DGS authors
cat_3dgs_zhan_iclr2025,2503.00357,Table 12,21,supplement,HAC,Scaffold-GS,BungeeNeRF,pompidou,25.34,0.837,0.255,22.49,MB,,,,,,,rate-distortion sweep point lambda_r=0.003; HAC re-run by the CAT-3DGS authors
cat_3dgs_zhan_iclr2025,2503.00357,Table 12,21,supplement,HAC,Scaffold-GS,BungeeNeRF,quebec,29.67,0.924,0.185,16.15,MB,,,,,,,rate-distortion sweep point lambda_r=0.003; HAC re-run by the CAT-3DGS authors
cat_3dgs_zhan_iclr2025,2503.00357,Table 12,21,supplement,HAC,Scaffold-GS,BungeeNeRF,rome,25.98,0.855,0.231,20.83,MB,,,,,,,rate-distortion sweep point lambda_r=0.003; HAC re-run by the CAT-3DGS authors
cat_3dgs_zhan_iclr2025,2503.00357,Table 12,21,supplement,HAC,Scaffold-GS,BungeeNeRF,average,26.67,0.852,0.241,20.08,MB,,,,,,,rate-distortion sweep point lambda_r=0.003; HAC re-run by the CAT-3DGS authors
cat_3dgs_zhan_iclr2025,2503.00357,Table 12,21,supplement,HAC,Scaffold-GS,BungeeNeRF,amsterdam,26.8,0.865,0.224,22.49,MB,,,,,,,rate-distortion sweep point lambda_r=0.004; HAC re-run by the CAT-3DGS authors
cat_3dgs_zhan_iclr2025,2503.00357,Table 12,21,supplement,HAC,Scaffold-GS,BungeeNeRF,bilbao,27.65,0.864,0.231,17.14,MB,,,,,,,rate-distortion sweep point lambda_r=0.004; HAC re-run by the CAT-3DGS authors
cat_3dgs_zhan_iclr2025,2503.00357,Table 12,21,supplement,HAC,Scaffold-GS,BungeeNeRF,hollywood,24.25,0.748,0.347,16.55,MB,,,,,,,rate-distortion sweep point lambda_r=0.004; HAC re-run by the CAT-3DGS authors
cat_3dgs_zhan_iclr2025,2503.00357,Table 12,21,supplement,HAC,Scaffold-GS,BungeeNeRF,pompidou,25.16,0.829,0.266,20.4,MB,,,,,,,rate-distortion sweep point lambda_r=0.004; HAC re-run by the CAT-3DGS authors
cat_3dgs_zhan_iclr2025,2503.00357,Table 12,21,supplement,HAC,Scaffold-GS,BungeeNeRF,quebec,29.33,0.918,0.192,15.06,MB,,,,,,,rate-distortion sweep point lambda_r=0.004; HAC re-run by the CAT-3DGS authors
cat_3dgs_zhan_iclr2025,2503.00357,Table 12,21,supplement,HAC,Scaffold-GS,BungeeNeRF,rome,25.68,0.845,0.243,19.3,MB,,,,,,,rate-distortion sweep point lambda_r=0.004; HAC re-run by the CAT-3DGS authors
cat_3dgs_zhan_iclr2025,2503.00357,Table 12,21,supplement,HAC,Scaffold-GS,BungeeNeRF,average,26.48,0.845,0.25,18.49,MB,,,,,,,rate-distortion sweep point lambda_r=0.004; HAC re-run by the CAT-3DGS authors
cat_3dgs_zhan_iclr2025,2503.00357,Table 12,21,supplement,HAC,Scaffold-GS,BungeeNeRF,amsterdam,26.13,0.839,0.258,17.22,MB,,,,,,,rate-distortion sweep point lambda_r=0.008; HAC re-run by the CAT-3DGS authors
cat_3dgs_zhan_iclr2025,2503.00357,Table 12,21,supplement,HAC,Scaffold-GS,BungeeNeRF,bilbao,26.81,0.842,0.262,14.01,MB,,,,,,,rate-distortion sweep point lambda_r=0.008; HAC re-run by the CAT-3DGS authors
cat_3dgs_zhan_iclr2025,2503.00357,Table 12,21,supplement,HAC,Scaffold-GS,BungeeNeRF,hollywood,23.83,0.713,0.377,12.9,MB,,,,,,,rate-distortion sweep point lambda_r=0.008; HAC re-run by the CAT-3DGS authors
cat_3dgs_zhan_iclr2025,2503.00357,Table 12,21,supplement,HAC,Scaffold-GS,BungeeNeRF,pompidou,24.48,0.807,0.289,16.1,MB,,,,,,,rate-distortion sweep point lambda_r=0.008; HAC re-run by the CAT-3DGS authors
cat_3dgs_zhan_iclr2025,2503.00357,Table 12,21,supplement,HAC,Scaffold-GS,BungeeNeRF,quebec,28.6,0.906,0.216,11.71,MB,,,,,,,rate-distortion sweep point lambda_r=0.008; HAC re-run by the CAT-3DGS authors
cat_3dgs_zhan_iclr2025,2503.00357,Table 12,21,supplement,HAC,Scaffold-GS,BungeeNeRF,rome,24.71,0.811,0.276,15.34,MB,,,,,,,rate-distortion sweep point lambda_r=0.008; HAC re-run by the CAT-3DGS authors
cat_3dgs_zhan_iclr2025,2503.00357,Table 12,21,supplement,HAC,Scaffold-GS,BungeeNeRF,average,25.76,0.82,0.28,14.55,MB,,,,,,,rate-distortion sweep point lambda_r=0.008; HAC re-run by the CAT-3DGS authors
cat_3dgs_zhan_iclr2025,2503.00357,Table 12,21,supplement,HAC,Scaffold-GS,BungeeNeRF,amsterdam,25.03,0.788,0.308,11.92,MB,,,,,,,rate-distortion sweep point lambda_r=0.02; HAC re-run by the CAT-3DGS authors
cat_3dgs_zhan_iclr2025,2503.00357,Table 12,21,supplement,HAC,Scaffold-GS,BungeeNeRF,bilbao,25.84,0.799,0.308,9.08,MB,,,,,,,rate-distortion sweep point lambda_r=0.02; HAC re-run by the CAT-3DGS authors
cat_3dgs_zhan_iclr2025,2503.00357,Table 12,21,supplement,HAC,Scaffold-GS,BungeeNeRF,hollywood,22.92,0.64,0.425,8.38,MB,,,,,,,rate-distortion sweep point lambda_r=0.02; HAC re-run by the CAT-3DGS authors
cat_3dgs_zhan_iclr2025,2503.00357,Table 12,21,supplement,HAC,Scaffold-GS,BungeeNeRF,pompidou,23.16,0.759,0.332,10.43,MB,,,,,,,rate-distortion sweep point lambda_r=0.02; HAC re-run by the CAT-3DGS authors
cat_3dgs_zhan_iclr2025,2503.00357,Table 12,21,supplement,HAC,Scaffold-GS,BungeeNeRF,quebec,27.15,0.872,0.262,8.18,MB,,,,,,,rate-distortion sweep point lambda_r=0.02; HAC re-run by the CAT-3DGS authors
cat_3dgs_zhan_iclr2025,2503.00357,Table 12,21,supplement,HAC,Scaffold-GS,BungeeNeRF,rome,23.25,0.75,0.327,10.47,MB,,,,,,,rate-distortion sweep point lambda_r=0.02; HAC re-run by the CAT-3DGS authors
cat_3dgs_zhan_iclr2025,2503.00357,Table 12,21,supplement,HAC,Scaffold-GS,BungeeNeRF,average,24.56,0.768,0.327,9.74,MB,,,,,,,rate-distortion sweep point lambda_r=0.02; HAC re-run by the CAT-3DGS authors
cat_3dgs_zhan_iclr2025,2503.00357,Table 13,22,supplement,HAC,Scaffold-GS,Tanks and Temples,truck,26.02,0.883,0.147,12.42,MB,,,,,,,rate-distortion sweep point lambda_r=0.001; HAC re-run by the CAT-3DGS authors
cat_3dgs_zhan_iclr2025,2503.00357,Table 13,22,supplement,HAC,Scaffold-GS,Tanks and Temples,train,22.78,0.823,0.207,10.07,MB,,,,,,,rate-distortion sweep point lambda_r=0.001; HAC re-run by the CAT-3DGS authors
cat_3dgs_zhan_iclr2025,2503.00357,Table 13,22,supplement,HAC,Scaffold-GS,Tanks and Temples,average,24.4,0.853,0.177,11.24,MB,,,,,,,rate-distortion sweep point lambda_r=0.001; HAC re-run by the CAT-3DGS authors
cat_3dgs_zhan_iclr2025,2503.00357,Table 13,22,supplement,HAC,Scaffold-GS,Tanks and Temples,truck,25.88,0.878,0.158,9.26,MB,,,,,,,rate-distortion sweep point lambda_r=0.004; HAC re-run by the CAT-3DGS authors
cat_3dgs_zhan_iclr2025,2503.00357,Table 13,22,supplement,HAC,Scaffold-GS,Tanks and Temples,train,22.19,0.815,0.216,6.94,MB,,,,,,,rate-distortion sweep point lambda_r=0.004; HAC re-run by the CAT-3DGS authors
cat_3dgs_zhan_iclr2025,2503.00357,Table 13,22,supplement,HAC,Scaffold-GS,Tanks and Temples,average,24.04,0.846,0.187,8.1,MB,,,,,,,rate-distortion sweep point lambda_r=0.004; HAC re-run by the CAT-3DGS authors
cat_3dgs_zhan_iclr2025,2503.00357,Table 13,22,supplement,HAC,Scaffold-GS,Tanks and Temples,truck,25.69,0.874,0.172,7.04,MB,,,,,,,rate-distortion sweep point lambda_r=0.01; HAC re-run by the CAT-3DGS authors
cat_3dgs_zhan_iclr2025,2503.00357,Table 13,22,supplement,HAC,Scaffold-GS,Tanks and Temples,train,22.13,0.807,0.23,5.26,MB,,,,,,,rate-distortion sweep point lambda_r=0.01; HAC re-run by the CAT-3DGS authors
cat_3dgs_zhan_iclr2025,2503.00357,Table 13,22,supplement,HAC,Scaffold-GS,Tanks and Temples,average,23.91,0.841,0.201,6.15,MB,,,,,,,rate-distortion sweep point lambda_r=0.01; HAC re-run by the CAT-3DGS authors
cat_3dgs_zhan_iclr2025,2503.00357,Table 13,22,supplement,HAC,Scaffold-GS,Tanks and Temples,truck,25.36,0.863,0.189,5.59,MB,,,,,,,rate-distortion sweep point lambda_r=0.02; HAC re-run by the CAT-3DGS authors
cat_3dgs_zhan_iclr2025,2503.00357,Table 13,22,supplement,HAC,Scaffold-GS,Tanks and Temples,train,22.02,0.795,0.25,3.97,MB,,,,,,,rate-distortion sweep point lambda_r=0.02; HAC re-run by the CAT-3DGS authors
cat_3dgs_zhan_iclr2025,2503.00357,Table 13,22,supplement,HAC,Scaffold-GS,Tanks and Temples,average,23.69,0.829,0.219,4.78,MB,,,,,,,rate-distortion sweep point lambda_r=0.02; HAC re-run by the CAT-3DGS authors
cat_3dgs_zhan_iclr2025,2503.00357,Table 13,22,supplement,HAC,Scaffold-GS,Tanks and Temples,truck,24.96,0.853,0.208,5.04,MB,,,,,,,rate-distortion sweep point lambda_r=0.035; HAC re-run by the CAT-3DGS authors
cat_3dgs_zhan_iclr2025,2503.00357,Table 13,22,supplement,HAC,Scaffold-GS,Tanks and Temples,train,21.96,0.783,0.266,3.17,MB,,,,,,,rate-distortion sweep point lambda_r=0.035; HAC re-run by the CAT-3DGS authors
cat_3dgs_zhan_iclr2025,2503.00357,Table 13,22,supplement,HAC,Scaffold-GS,Tanks and Temples,average,23.46,0.818,0.237,4.1,MB,,,,,,,rate-distortion sweep point lambda_r=0.035; HAC re-run by the CAT-3DGS authors
cat_3dgs_zhan_iclr2025,2503.00357,Table 13,22,supplement,HAC,Scaffold-GS,Tanks and Temples,truck,24.81,0.847,0.216,4.64,MB,,,,,,,rate-distortion sweep point lambda_r=0.045; HAC re-run by the CAT-3DGS authors
cat_3dgs_zhan_iclr2025,2503.00357,Table 13,22,supplement,HAC,Scaffold-GS,Tanks and Temples,train,21.42,0.771,0.279,2.72,MB,,,,,,,rate-distortion sweep point lambda_r=0.045; HAC re-run by the CAT-3DGS authors
cat_3dgs_zhan_iclr2025,2503.00357,Table 13,22,supplement,HAC,Scaffold-GS,Tanks and Temples,average,23.11,0.809,0.248,3.68,MB,,,,,,,rate-distortion sweep point lambda_r=0.045; HAC re-run by the CAT-3DGS authors
cat_3dgs_zhan_iclr2025,2503.00357,Table 14,22,supplement,HAC,Scaffold-GS,Deep Blending,playroom,30.84,0.906,0.262,5.03,MB,,,,,,,rate-distortion sweep point lambda_r=0.001; HAC re-run by the CAT-3DGS authors
cat_3dgs_zhan_iclr2025,2503.00357,Table 14,22,supplement,HAC,Scaffold-GS,Deep Blending,drjohnson,29.85,0.906,0.255,7.67,MB,,,,,,,rate-distortion sweep point lambda_r=0.001; HAC re-run by the CAT-3DGS authors
cat_3dgs_zhan_iclr2025,2503.00357,Table 14,22,supplement,HAC,Scaffold-GS,Deep Blending,average,30.34,0.906,0.258,6.35,MB,,,,,,,rate-distortion sweep point lambda_r=0.001; HAC re-run by the CAT-3DGS authors
cat_3dgs_zhan_iclr2025,2503.00357,Table 14,22,supplement,HAC,Scaffold-GS,Deep Blending,playroom,30.66,0.905,0.265,4.12,MB,,,,,,,rate-distortion sweep point lambda_r=0.002; HAC re-run by the CAT-3DGS authors
cat_3dgs_zhan_iclr2025,2503.00357,Table 14,22,supplement,HAC,Scaffold-GS,Deep Blending,drjohnson,29.69,0.905,0.258,6.51,MB,,,,,,,rate-distortion sweep point lambda_r=0.002; HAC re-run by the CAT-3DGS authors
cat_3dgs_zhan_iclr2025,2503.00357,Table 14,22,supplement,HAC,Scaffold-GS,Deep Blending,average,30.17,0.905,0.262,5.32,MB,,,,,,,rate-distortion sweep point lambda_r=0.002; HAC re-run by the CAT-3DGS authors
cat_3dgs_zhan_iclr2025,2503.00357,Table 14,22,supplement,HAC,Scaffold-GS,Deep Blending,playroom,30.44,0.902,0.272,3.15,MB,,,,,,,rate-distortion sweep point lambda_r=0.004; HAC re-run by the CAT-3DGS authors
cat_3dgs_zhan_iclr2025,2503.00357,Table 14,22,supplement,HAC,Scaffold-GS,Deep Blending,drjohnson,29.53,0.903,0.265,5.55,MB,,,,,,,rate-distortion sweep point lambda_r=0.004; HAC re-run by the CAT-3DGS authors
cat_3dgs_zhan_iclr2025,2503.00357,Table 14,22,supplement,HAC,Scaffold-GS,Deep Blending,average,29.98,0.902,0.269,4.35,MB,,,,,,,rate-distortion sweep point lambda_r=0.004; HAC re-run by the CAT-3DGS authors
cat_3dgs_zhan_iclr2025,2503.00357,Table 14,22,supplement,HAC,Scaffold-GS,Deep Blending,playroom,30.31,0.906,0.279,2.58,MB,,,,,,,rate-distortion sweep point lambda_r=0.01; HAC re-run by the CAT-3DGS authors
cat_3dgs_zhan_iclr2025,2503.00357,Table 14,22,supplement,HAC,Scaffold-GS,Deep Blending,drjohnson,29.34,0.901,0.275,4.23,MB,,,,,,,rate-distortion sweep point lambda_r=0.01; HAC re-run by the CAT-3DGS authors
cat_3dgs_zhan_iclr2025,2503.00357,Table 14,22,supplement,HAC,Scaffold-GS,Deep Blending,average,29.83,0.903,0.277,3.4,MB,,,,,,,rate-distortion sweep point lambda_r=0.01; HAC re-run by the CAT-3DGS authors
cat_3dgs_zhan_iclr2025,2503.00357,Table 14,22,supplement,HAC,Scaffold-GS,Deep Blending,playroom,29.87,0.9,0.292,2.23,MB,,,,,,,rate-distortion sweep point lambda_r=0.02; HAC re-run by the CAT-3DGS authors
cat_3dgs_zhan_iclr2025,2503.00357,Table 14,22,supplement,HAC,Scaffold-GS,Deep Blending,drjohnson,28.81,0.893,0.288,3.65,MB,,,,,,,rate-distortion sweep point lambda_r=0.02; HAC re-run by the CAT-3DGS authors
cat_3dgs_zhan_iclr2025,2503.00357,Table 14,22,supplement,HAC,Scaffold-GS,Deep Blending,average,29.34,0.897,0.29,2.94,MB,,,,,,,rate-distortion sweep point lambda_r=0.02; HAC re-run by the CAT-3DGS authors
cat_3dgs_zhan_iclr2025,2503.00357,Table 14,22,supplement,HAC,Scaffold-GS,Deep Blending,playroom,29.26,0.893,0.302,2.01,MB,,,,,,,rate-distortion sweep point lambda_r=0.035; HAC re-run by the CAT-3DGS authors
cat_3dgs_zhan_iclr2025,2503.00357,Table 14,22,supplement,HAC,Scaffold-GS,Deep Blending,drjohnson,27.97,0.883,0.302,3.26,MB,,,,,,,rate-distortion sweep point lambda_r=0.035; HAC re-run by the CAT-3DGS authors
cat_3dgs_zhan_iclr2025,2503.00357,Table 14,22,supplement,HAC,Scaffold-GS,Deep Blending,average,28.62,0.888,0.302,2.64,MB,,,,,,,rate-distortion sweep point lambda_r=0.035; HAC re-run by the CAT-3DGS authors
cat_3dgs_zhan_iclr2025,2503.00357,Table 15,23,supplement,Scaffold-GS,Scaffold-GS,Mip-NeRF 360,bicycle,24.5,0.705,0.306,248.0,MB,,,,,,,Scaffold-GS baseline as reproduced by the CAT-3DGS authors; identical to HAC appendix Table H
cat_3dgs_zhan_iclr2025,2503.00357,Table 15,23,supplement,Scaffold-GS,Scaffold-GS,Mip-NeRF 360,bonsai,32.7,0.946,0.185,258.0,MB,,,,,,,Scaffold-GS baseline as reproduced by the CAT-3DGS authors; identical to HAC appendix Table H
cat_3dgs_zhan_iclr2025,2503.00357,Table 15,23,supplement,Scaffold-GS,Scaffold-GS,Mip-NeRF 360,counter,29.34,0.914,0.191,194.0,MB,,,,,,,Scaffold-GS baseline as reproduced by the CAT-3DGS authors; identical to HAC appendix Table H
cat_3dgs_zhan_iclr2025,2503.00357,Table 15,23,supplement,Scaffold-GS,Scaffold-GS,Mip-NeRF 360,flowers,21.14,0.566,0.417,253.0,MB,,,,,,,Scaffold-GS baseline as reproduced by the CAT-3DGS authors; identical to HAC appendix Table H
cat_3dgs_zhan_iclr2025,2503.00357,Table 15,23,supplement,Scaffold-GS,Scaffold-GS,Mip-NeRF 360,garden,27.17,0.842,0.146,271.0,MB,,,,,,,Scaffold-GS baseline as reproduced by the CAT-3DGS authors; identical to HAC appendix Table H
cat_3dgs_zhan_iclr2025,2503.00357,Table 15,23,supplement,Scaffold-GS,Scaffold-GS,Mip-NeRF 360,kitchen,31.3,0.928,0.126,173.0,MB,,,,,,,Scaffold-GS baseline as reproduced by the CAT-3DGS authors; identical to HAC appendix Table H
cat_3dgs_zhan_iclr2025,2503.00357,Table 15,23,supplement,Scaffold-GS,Scaffold-GS,Mip-NeRF 360,room,31.93,0.925,0.202,133.0,MB,,,,,,,Scaffold-GS baseline as reproduced by the CAT-3DGS authors; identical to HAC appendix Table H
cat_3dgs_zhan_iclr2025,2503.00357,Table 15,23,supplement,Scaffold-GS,Scaffold-GS,Mip-NeRF 360,stump,26.27,0.784,0.284,493.0,MB,,,,,,,Scaffold-GS baseline as reproduced by the CAT-3DGS authors; identical to HAC appendix Table H
cat_3dgs_zhan_iclr2025,2503.00357,Table 15,23,supplement,Scaffold-GS,Scaffold-GS,Mip-NeRF 360,treehill,23.19,0.642,0.41,262.0,MB,,,,,,,Scaffold-GS baseline as reproduced by the CAT-3DGS authors; identical to HAC appendix Table H
cat_3dgs_zhan_iclr2025,2503.00357,Table 15,23,supplement,Scaffold-GS,Scaffold-GS,Mip-NeRF 360,average,27.5,0.806,0.252,253.89,MB,,,,,,,Scaffold-GS baseline as reproduced by the CAT-3DGS authors; identical to HAC appendix Table H
cat_3dgs_zhan_iclr2025,2503.00357,Table 15,23,supplement,Scaffold-GS,Scaffold-GS,Tanks and Temples,truck,25.77,0.883,0.147,107.0,MB,,,,,,,Scaffold-GS baseline as reproduced by the CAT-3DGS authors; identical to HAC appendix Table H
cat_3dgs_zhan_iclr2025,2503.00357,Table 15,23,supplement,Scaffold-GS,Scaffold-GS,Tanks and Temples,train,22.15,0.822,0.206,66.0,MB,,,,,,,Scaffold-GS baseline as reproduced by the CAT-3DGS authors; identical to HAC appendix Table H
cat_3dgs_zhan_iclr2025,2503.00357,Table 15,23,supplement,Scaffold-GS,Scaffold-GS,Tanks and Temples,average,23.96,0.853,0.177,86.5,MB,,,,,,,Scaffold-GS baseline as reproduced by the CAT-3DGS authors; identical to HAC appendix Table H
cat_3dgs_zhan_iclr2025,2503.00357,Table 15,23,supplement,Scaffold-GS,Scaffold-GS,Deep Blending,playroom,30.62,0.904,0.258,63.0,MB,,,,,,,Scaffold-GS baseline as reproduced by the CAT-3DGS authors; identical to HAC appendix Table H
cat_3dgs_zhan_iclr2025,2503.00357,Table 15,23,supplement,Scaffold-GS,Scaffold-GS,Deep Blending,drjohnson,29.8,0.907,0.25,69.0,MB,,,,,,,Scaffold-GS baseline as reproduced by the CAT-3DGS authors; identical to HAC appendix Table H
cat_3dgs_zhan_iclr2025,2503.00357,Table 15,23,supplement,Scaffold-GS,Scaffold-GS,Deep Blending,average,30.21,0.906,0.254,66.0,MB,,,,,,,Scaffold-GS baseline as reproduced by the CAT-3DGS authors; identical to HAC appendix Table H
cat_3dgs_zhan_iclr2025,2503.00357,Table 15,23,supplement,Scaffold-GS,Scaffold-GS,BungeeNeRF,amsterdam,27.16,0.898,0.188,223.0,MB,,,,,,,Scaffold-GS baseline as reproduced by the CAT-3DGS authors; identical to HAC appendix Table H
cat_3dgs_zhan_iclr2025,2503.00357,Table 15,23,supplement,Scaffold-GS,Scaffold-GS,BungeeNeRF,bilbao,26.6,0.857,0.257,178.0,MB,,,,,,,Scaffold-GS baseline as reproduced by the CAT-3DGS authors; identical to HAC appendix Table H
cat_3dgs_zhan_iclr2025,2503.00357,Table 15,23,supplement,Scaffold-GS,Scaffold-GS,BungeeNeRF,hollywood,24.49,0.787,0.318,155.0,MB,,,,,,,Scaffold-GS baseline as reproduced by the CAT-3DGS authors; identical to HAC appendix Table H
cat_3dgs_zhan_iclr2025,2503.00357,Table 15,23,supplement,Scaffold-GS,Scaffold-GS,BungeeNeRF,pompidou,24.94,0.839,0.271,209.0,MB,,,,,,,Scaffold-GS baseline as reproduced by the CAT-3DGS authors; identical to HAC appendix Table H
cat_3dgs_zhan_iclr2025,2503.00357,Table 15,23,supplement,Scaffold-GS,Scaffold-GS,BungeeNeRF,quebec,30.28,0.936,0.19,159.0,MB,,,,,,,Scaffold-GS baseline as reproduced by the CAT-3DGS authors; identical to HAC appendix Table H
cat_3dgs_zhan_iclr2025,2503.00357,Table 15,23,supplement,Scaffold-GS,Scaffold-GS,BungeeNeRF,rome,26.23,0.873,0.225,174.0,MB,,,,,,,Scaffold-GS baseline as reproduced by the CAT-3DGS authors; identical to HAC appendix Table H
cat_3dgs_zhan_iclr2025,2503.00357,Table 15,23,supplement,Scaffold-GS,Scaffold-GS,BungeeNeRF,average,26.62,0.865,0.241,183.0,MB,,,,,,,Scaffold-GS baseline as reproduced by the CAT-3DGS authors; identical to HAC appendix Table H
cat_3dgs_zhan_iclr2025,2503.00357,Table 2,10,main,CAT-3DGS,Scaffold-GS,Mip-NeRF 360,room,,,,,,36500,127.0,,,13.6,,num_gaussians is the ANCHOR count; triplane base resolution B=64; decode split triplane 11.4 s / anchor attributes 2.2 s; measured on one V100
cat_3dgs_zhan_iclr2025,2503.00357,Table 2,10,main,CAT-3DGS,Scaffold-GS,BungeeNeRF,amsterdam,,,,,,533000,83.4,,,64.4,,num_gaussians is the ANCHOR count; triplane base resolution B=128; decode split triplane 47.4 s / anchor attributes 17.0 s; measured on one V100
cat_3dgs_zhan_iclr2025,2503.00357,Table 2,10,main,HAC,Scaffold-GS,Mip-NeRF 360,room,,,,,,228800,103.1,,,6.6,,num_gaussians is the ANCHOR count; triplane base resolution B=N/A; decode split triplane N/A s / anchor attributes  s; measured on one V100
cat_3dgs_zhan_iclr2025,2503.00357,Table 2,10,main,HAC,Scaffold-GS,BungeeNeRF,amsterdam,,,,,,483500,77.9,,,11.3,,num_gaussians is the ANCHOR count; triplane base resolution B=N/A; decode split triplane N/A s / anchor attributes  s; measured on one V100
cat_3dgs_zhan_iclr2025,2503.00357,Table 1,10,ablation,CAT-3DGS,Scaffold-GS,Mip-NeRF 360,average,,,,,,,,,,,,"CARM slice ablation: 1 slices, channels per slice (50), BD-rate 0 % against the 1-slice setting; BD-rate has no column in this schema"
cat_3dgs_zhan_iclr2025,2503.00357,Table 1,10,ablation,CAT-3DGS,Scaffold-GS,Mip-NeRF 360,average,,,,,,,,,,,,"CARM slice ablation: 2 slices, channels per slice (25, 25), BD-rate -6.3 % against the 1-slice setting; BD-rate has no column in this schema"
cat_3dgs_zhan_iclr2025,2503.00357,Table 1,10,ablation,CAT-3DGS,Scaffold-GS,Mip-NeRF 360,average,,,,,,,,,,,,"CARM slice ablation: 2 slices, channels per slice (15, 35), BD-rate -8.9 % against the 1-slice setting; BD-rate has no column in this schema"
cat_3dgs_zhan_iclr2025,2503.00357,Table 1,10,ablation,CAT-3DGS,Scaffold-GS,Mip-NeRF 360,average,,,,,,,,,,,,"CARM slice ablation: 4 slices, channels per slice (12, 12, 13, 13), BD-rate -8.9 % against the 1-slice setting; BD-rate has no column in this schema"
cat_3dgs_zhan_iclr2025,2503.00357,Table 1,10,ablation,CAT-3DGS,Scaffold-GS,Mip-NeRF 360,average,,,,,,,,,,,,"CARM slice ablation: 4 slices, channels per slice (5, 10, 15, 20), BD-rate -11.9 % against the 1-slice setting; BD-rate has no column in this schema"
compgs_liu_2024,2404.09458,Table 1,6,main,3DGS,3DGS,Tanks and Temples,average,23.72,0.85,0.18,434.38,MB,,,,,,,
compgs_liu_2024,2404.09458,Table 1,6,main,Compact3D (Navaneet et al.),3DGS,Tanks and Temples,average,23.34,0.84,0.19,47.01,MB,,,,,,,
compgs_liu_2024,2404.09458,Table 1,6,main,Compressed3D (Niedermayr et al.),3DGS,Tanks and Temples,average,23.58,0.85,0.19,17.65,MB,,,,,,,
compgs_liu_2024,2404.09458,Table 1,6,main,Compact 3DGS (Lee et al.),3DGS,Tanks and Temples,average,23.4,0.84,0.2,39.47,MB,,,,,,,
compgs_liu_2024,2404.09458,Table 1,6,main,EAGLES (Girish et al.),3DGS,Tanks and Temples,average,23.39,0.84,0.2,33.57,MB,,,,,,,
compgs_liu_2024,2404.09458,Table 1,6,main,CompGS,3DGS,Tanks and Temples,average,23.7,0.84,0.21,9.6,MB,,,,,,,rate point lambda=0.001
compgs_liu_2024,2404.09458,Table 1,6,main,CompGS,3DGS,Tanks and Temples,average,23.39,0.83,0.22,7.27,MB,,,,,,,rate point lambda=0.005
compgs_liu_2024,2404.09458,Table 1,6,main,CompGS,3DGS,Tanks and Temples,average,23.11,0.81,0.24,5.89,MB,,,,,,,rate point lambda=0.01
compgs_liu_2024,2404.09458,Table 2,6,main,3DGS,3DGS,Deep Blending,average,29.54,0.91,0.24,665.99,MB,,,,,,,
compgs_liu_2024,2404.09458,Table 2,6,main,Compact3D (Navaneet et al.),3DGS,Deep Blending,average,29.89,0.91,0.25,72.46,MB,,,,,,,
compgs_liu_2024,2404.09458,Table 2,6,main,Compressed3D (Niedermayr et al.),3DGS,Deep Blending,average,29.45,0.91,0.25,23.87,MB,,,,,,,
compgs_liu_2024,2404.09458,Table 2,6,main,Compact 3DGS (Lee et al.),3DGS,Deep Blending,average,29.82,0.91,0.25,43.14,MB,,,,,,,
compgs_liu_2024,2404.09458,Table 2,6,main,EAGLES (Girish et al.),3DGS,Deep Blending,average,29.9,0.91,0.25,61.69,MB,,,,,,,
compgs_liu_2024,2404.09458,Table 2,6,main,CompGS,3DGS,Deep Blending,average,29.69,0.9,0.28,8.77,MB,,,,,,,rate point lambda=0.001
compgs_liu_2024,2404.09458,Table 2,6,main,CompGS,3DGS,Deep Blending,average,29.4,0.9,0.29,6.82,MB,,,,,,,rate point lambda=0.005
compgs_liu_2024,2404.09458,Table 2,6,main,CompGS,3DGS,Deep Blending,average,29.3,0.9,0.29,6.03,MB,,,,,,,rate point lambda=0.01
compgs_liu_2024,2404.09458,Table 3,6,main,3DGS,3DGS,Mip-NeRF 360,average,27.46,0.82,0.22,788.98,MB,,,,,,,
compgs_liu_2024,2404.09458,Table 3,6,main,Compact3D (Navaneet et al.),3DGS,Mip-NeRF 360,average,27.04,0.81,0.23,86.1,MB,,,,,,,
compgs_liu_2024,2404.09458,Table 3,6,main,Compressed3D (Niedermayr et al.),3DGS,Mip-NeRF 360,average,27.12,0.8,0.23,28.61,MB,,,,,,,
compgs_liu_2024,2404.09458,Table 3,6,main,Compact 3DGS (Lee et al.),3DGS,Mip-NeRF 360,average,27.05,0.8,0.24,49.6,MB,,,,,,,
compgs_liu_2024,2404.09458,Table 3,6,main,EAGLES (Girish et al.),3DGS,Mip-NeRF 360,average,27.04,0.8,0.24,65.09,MB,,,,,,,
compgs_liu_2024,2404.09458,Table 3,6,main,CompGS,3DGS,Mip-NeRF 360,average,27.26,0.8,0.24,16.5,MB,,,,,,,rate point lambda=0.001
compgs_liu_2024,2404.09458,Table 3,6,main,CompGS,3DGS,Mip-NeRF 360,average,26.78,0.79,0.26,11.02,MB,,,,,,,rate point lambda=0.005
compgs_liu_2024,2404.09458,Table 3,6,main,CompGS,3DGS,Mip-NeRF 360,average,26.37,0.78,0.28,8.83,MB,,,,,,,rate point lambda=0.01
compgs_liu_2024,2404.09458,Table 4,8,ablation,CompGS,3DGS,Tanks and Temples,train,22.02,0.81,0.21,257.44,MB,,,,,,,hybrid primitive structure: no; rate-constrained optimization: no
compgs_liu_2024,2404.09458,Table 4,8,ablation,CompGS,3DGS,Tanks and Temples,truck,25.41,0.88,0.15,611.31,MB,,,,,,,hybrid primitive structure: no; rate-constrained optimization: no
compgs_liu_2024,2404.09458,Table 4,8,ablation,CompGS,3DGS,Tanks and Temples,train,22.15,0.81,0.23,48.58,MB,,,,,,,hybrid primitive structure: yes; rate-constrained optimization: no
compgs_liu_2024,2404.09458,Table 4,8,ablation,CompGS,3DGS,Tanks and Temples,truck,25.2,0.86,0.19,30.38,MB,,,,,,,hybrid primitive structure: yes; rate-constrained optimization: no
compgs_liu_2024,2404.09458,Table 4,8,ablation,CompGS,3DGS,Tanks and Temples,train,22.12,0.8,0.23,8.6,MB,,,,,,,hybrid primitive structure: yes; rate-constrained optimization: yes
compgs_liu_2024,2404.09458,Table 4,8,ablation,CompGS,3DGS,Tanks and Temples,truck,25.28,0.87,0.18,10.61,MB,,,,,,,hybrid primitive structure: yes; rate-constrained optimization: yes
compgs_liu_2024,2404.09458,Table 5,9,ablation,CompGS w/o residual embeddings,3DGS,Tanks and Temples,train,20.5,0.73,0.31,5.75,MB,,,,,,,
compgs_liu_2024,2404.09458,Table 5,9,ablation,CompGS,3DGS,Tanks and Temples,train,21.49,0.78,0.26,5.51,MB,,,,,,,
compgs_liu_2024,2404.09458,Table 6,9,ablation,CompGS,3DGS,Tanks and Temples,train,22.04,0.8,0.24,7.87,MB,,,,,,,K = 5 coupled primitives per anchor
compgs_liu_2024,2404.09458,Table 6,9,ablation,CompGS,3DGS,Tanks and Temples,train,22.12,0.8,0.23,8.6,MB,,,,,,,K = 10 coupled primitives per anchor
compgs_liu_2024,2404.09458,Table 6,9,ablation,CompGS,3DGS,Tanks and Temples,train,21.9,0.8,0.24,8.28,MB,,,,,,,K = 15 coupled primitives per anchor
compgs_liu_2024,2404.09458,Table 7,9,main,Compact3D (Navaneet et al.),3DGS,Tanks and Temples,average,,,,,,,,862.8,68.29,12.32,,training printed as 14.38 min; per-view render time 9.88 ms
compgs_liu_2024,2404.09458,Table 7,9,main,Compressed3D (Niedermayr et al.),3DGS,Tanks and Temples,average,,,,,,,,930.0,2.23,0.25,,training printed as 15.5 min; per-view render time 9.74 ms
compgs_liu_2024,2404.09458,Table 7,9,main,Compact 3DGS (Lee et al.),3DGS,Tanks and Temples,average,,,,,,,,2682.0,1.96,0.18,,training printed as 44.7 min; per-view render time 6.6 ms
compgs_liu_2024,2404.09458,Table 7,9,main,EAGLES (Girish et al.),3DGS,Tanks and Temples,average,,,,,,,,537.0,0.54,0.64,,training printed as 8.95 min; per-view render time 6.96 ms
compgs_liu_2024,2404.09458,Table 7,9,main,CompGS,3DGS,Tanks and Temples,average,,,,,,,,2269.8,6.27,4.46,,training printed as 37.83 min; per-view render time 5.32 ms
compgs_liu_2024,2404.09458,Table 8,12,supplement,3DGS,3DGS,Tanks and Temples,train,22.02,0.81,0.21,257.44,MB,,,,,,,
compgs_liu_2024,2404.09458,Table 8,12,supplement,Compact3D (Navaneet et al.),3DGS,Tanks and Temples,train,21.63,0.8,0.22,27.54,MB,,,,,,,
compgs_liu_2024,2404.09458,Table 8,12,supplement,Compressed3D (Niedermayr et al.),3DGS,Tanks and Temples,train,21.92,0.81,0.22,13.78,MB,,,,,,,
compgs_liu_2024,2404.09458,Table 8,12,supplement,Compact 3DGS (Lee et al.),3DGS,Tanks and Temples,train,21.69,0.8,0.24,37.38,MB,,,,,,,
compgs_liu_2024,2404.09458,Table 8,12,supplement,EAGLES (Girish et al.),3DGS,Tanks and Temples,train,21.68,0.8,0.23,24.67,MB,,,,,,,
compgs_liu_2024,2404.09458,Table 8,12,supplement,CompGS,3DGS,Tanks and Temples,train,22.12,0.8,0.23,8.6,MB,,,,,,,rate point lambda=0.001
compgs_liu_2024,2404.09458,Table 8,12,supplement,CompGS,3DGS,Tanks and Temples,train,21.82,0.8,0.24,6.72,MB,,,,,,,rate point lambda=0.005
compgs_liu_2024,2404.09458,Table 8,12,supplement,CompGS,3DGS,Tanks and Temples,train,21.49,0.78,0.26,5.51,MB,,,,,,,rate point lambda=0.01
compgs_liu_2024,2404.09458,Table 8,12,supplement,3DGS,3DGS,Tanks and Temples,truck,25.41,0.88,0.15,611.31,MB,,,,,,,
compgs_liu_2024,2404.09458,Table 8,12,supplement,Compact3D (Navaneet et al.),3DGS,Tanks and Temples,truck,25.04,0.88,0.16,66.48,MB,,,,,,,
compgs_liu_2024,2404.09458,Table 8,12,supplement,Compressed3D (Niedermayr et al.),3DGS,Tanks and Temples,truck,25.24,0.88,0.15,21.51,MB,,,,,,,
compgs_liu_2024,2404.09458,Table 8,12,supplement,Compact 3DGS (Lee et al.),3DGS,Tanks and Temples,truck,25.1,0.87,0.16,41.55,MB,,,,,,,
compgs_liu_2024,2404.09458,Table 8,12,supplement,EAGLES (Girish et al.),3DGS,Tanks and Temples,truck,25.1,0.87,0.17,42.46,MB,,,,,,,
compgs_liu_2024,2404.09458,Table 8,12,supplement,CompGS,3DGS,Tanks and Temples,truck,25.28,0.87,0.18,10.61,MB,,,,,,,rate point lambda=0.001
compgs_liu_2024,2404.09458,Table 8,12,supplement,CompGS,3DGS,Tanks and Temples,truck,24.97,0.86,0.2,7.82,MB,,,,,,,rate point lambda=0.005
compgs_liu_2024,2404.09458,Table 8,12,supplement,CompGS,3DGS,Tanks and Temples,truck,24.72,0.85,0.21,6.27,MB,,,,,,,rate point lambda=0.01
compgs_liu_2024,2404.09458,Table 9,12,supplement,3DGS,3DGS,Deep Blending,drjohnson,29.14,0.9,0.24,782.1,MB,,,,,,,
compgs_liu_2024,2404.09458,Table 9,12,supplement,Compact3D (Navaneet et al.),3DGS,Deep Blending,drjohnson,29.34,0.9,0.25,85.1,MB,,,,,,,
compgs_liu_2024,2404.09458,Table 9,12,supplement,Compressed3D (Niedermayr et al.),3DGS,Deep Blending,drjohnson,29.03,0.9,0.25,27.86,MB,,,,,,,
compgs_liu_2024,2404.09458,Table 9,12,supplement,Compact 3DGS (Lee et al.),3DGS,Deep Blending,drjohnson,29.26,0.9,0.25,48.11,MB,,,,,,,
compgs_liu_2024,2404.09458,Table 9,12,supplement,EAGLES (Girish et al.),3DGS,Deep Blending,drjohnson,29.52,0.91,0.24,80.09,MB,,,,,,,
compgs_liu_2024,2404.09458,Table 9,12,supplement,CompGS,3DGS,Deep Blending,drjohnson,29.33,0.9,0.27,10.38,MB,,,,,,,rate point lambda=0.001
compgs_liu_2024,2404.09458,Table 9,12,supplement,CompGS,3DGS,Deep Blending,drjohnson,29.21,0.9,0.27,8.21,MB,,,,,,,rate point lambda=0.005
compgs_liu_2024,2404.09458,Table 9,12,supplement,CompGS,3DGS,Deep Blending,drjohnson,28.99,0.9,0.28,7.0,MB,,,,,,,rate point lambda=0.01
compgs_liu_2024,2404.09458,Table 9,12,supplement,3DGS,3DGS,Deep Blending,playroom,29.94,0.91,0.24,549.88,MB,,,,,,,
compgs_liu_2024,2404.09458,Table 9,12,supplement,Compact3D (Navaneet et al.),3DGS,Deep Blending,playroom,30.43,0.91,0.24,59.82,MB,,,,,,,
compgs_liu_2024,2404.09458,Table 9,12,supplement,Compressed3D (Niedermayr et al.),3DGS,Deep Blending,playroom,29.86,0.91,0.25,19.88,MB,,,,,,,
compgs_liu_2024,2404.09458,Table 9,12,supplement,Compact 3DGS (Lee et al.),3DGS,Deep Blending,playroom,30.38,0.91,0.25,38.17,MB,,,,,,,
compgs_liu_2024,2404.09458,Table 9,12,supplement,EAGLES (Girish et al.),3DGS,Deep Blending,playroom,30.27,0.91,0.25,43.28,MB,,,,,,,
compgs_liu_2024,2404.09458,Table 9,12,supplement,CompGS,3DGS,Deep Blending,playroom,30.04,0.9,0.29,7.15,MB,,,,,,,rate point lambda=0.001
compgs_liu_2024,2404.09458,Table 9,12,supplement,CompGS,3DGS,Deep Blending,playroom,29.59,0.89,0.3,5.43,MB,,,,,,,rate point lambda=0.005
compgs_liu_2024,2404.09458,Table 9,12,supplement,CompGS,3DGS,Deep Blending,playroom,29.61,0.89,0.31,5.06,MB,,,,,,,rate point lambda=0.01
compgs_liu_2024,2404.09458,Table 10,13,supplement,3DGS,3DGS,Mip-NeRF 360,bicycle,25.18,0.77,0.21,1431.12,MB,,,,,,,
compgs_liu_2024,2404.09458,Table 10,13,supplement,Compact3D (Navaneet et al.),3DGS,Mip-NeRF 360,bicycle,24.99,0.76,0.23,158.14,MB,,,,,,,
compgs_liu_2024,2404.09458,Table 10,13,supplement,Compressed3D (Niedermayr et al.),3DGS,Mip-NeRF 360,bicycle,24.99,0.75,0.23,46.77,MB,,,,,,,
compgs_liu_2024,2404.09458,Table 10,13,supplement,Compact 3DGS (Lee et al.),3DGS,Mip-NeRF 360,bicycle,24.82,0.74,0.25,64.32,MB,,,,,,,
compgs_liu_2024,2404.09458,Table 10,13,supplement,EAGLES (Girish et al.),3DGS,Mip-NeRF 360,bicycle,24.8,0.74,0.25,102.32,MB,,,,,,,
compgs_liu_2024,2404.09458,Table 10,13,supplement,CompGS,3DGS,Mip-NeRF 360,bicycle,24.7,0.74,0.26,21.74,MB,,,,,,,rate point lambda=0.001
compgs_liu_2024,2404.09458,Table 10,13,supplement,CompGS,3DGS,Mip-NeRF 360,bicycle,24.42,0.72,0.28,15.05,MB,,,,,,,rate point lambda=0.005
compgs_liu_2024,2404.09458,Table 10,13,supplement,CompGS,3DGS,Mip-NeRF 360,bicycle,24.21,0.71,0.3,12.3,MB,,,,,,,rate point lambda=0.01
compgs_liu_2024,2404.09458,Table 10,13,supplement,3DGS,3DGS,Mip-NeRF 360,flowers,21.55,0.61,0.34,858.08,MB,,,,,,,
compgs_liu_2024,2404.09458,Table 10,13,supplement,Compact3D (Navaneet et al.),3DGS,Mip-NeRF 360,flowers,21.29,0.59,0.35,92.93,MB,,,,,,,
compgs_liu_2024,2404.09458,Table 10,13,supplement,Compressed3D (Niedermayr et al.),3DGS,Mip-NeRF 360,flowers,21.27,0.59,0.35,31.19,MB,,,,,,,
compgs_liu_2024,2404.09458,Table 10,13,supplement,Compact 3DGS (Lee et al.),3DGS,Mip-NeRF 360,flowers,21.07,0.57,0.38,51.23,MB,,,,,,,
compgs_liu_2024,2404.09458,Table 10,13,supplement,EAGLES (Girish et al.),3DGS,Mip-NeRF 360,flowers,21.11,0.58,0.37,63.83,MB,,,,,,,
compgs_liu_2024,2404.09458,Table 10,13,supplement,CompGS,3DGS,Mip-NeRF 360,flowers,21.31,0.58,0.35,25.44,MB,,,,,,,rate point lambda=0.001
compgs_liu_2024,2404.09458,Table 10,13,supplement,CompGS,3DGS,Mip-NeRF 360,flowers,21.18,0.57,0.37,17.27,MB,,,,,,,rate point lambda=0.005
compgs_liu_2024,2404.09458,Table 10,13,supplement,CompGS,3DGS,Mip-NeRF 360,flowers,20.97,0.55,0.39,12.85,MB,,,,,,,rate point lambda=0.01
compgs_liu_2024,2404.09458,Table 10,13,supplement,3DGS,3DGS,Mip-NeRF 360,garden,27.39,0.87,0.11,1383.79,MB,,,,,,,
compgs_liu_2024,2404.09458,Table 10,13,supplement,Compact3D (Navaneet et al.),3DGS,Mip-NeRF 360,garden,27.05,0.86,0.12,153.5,MB,,,,,,,
compgs_liu_2024,2404.09458,Table 10,13,supplement,Compressed3D (Niedermayr et al.),3DGS,Mip-NeRF 360,garden,26.98,0.85,0.14,46.63,MB,,,,,,,
compgs_liu_2024,2404.09458,Table 10,13,supplement,Compact 3DGS (Lee et al.),3DGS,Mip-NeRF 360,garden,26.89,0.84,0.14,63.41,MB,,,,,,,
compgs_liu_2024,2404.09458,Table 10,13,supplement,EAGLES (Girish et al.),3DGS,Mip-NeRF 360,garden,26.81,0.84,0.15,76.21,MB,,,,,,,
compgs_liu_2024,2404.09458,Table 10,13,supplement,CompGS,3DGS,Mip-NeRF 360,garden,27.45,0.85,0.13,28.66,MB,,,,,,,rate point lambda=0.001
compgs_liu_2024,2404.09458,Table 10,13,supplement,CompGS,3DGS,Mip-NeRF 360,garden,27.07,0.84,0.15,17.73,MB,,,,,,,rate point lambda=0.005
compgs_liu_2024,2404.09458,Table 10,13,supplement,CompGS,3DGS,Mip-NeRF 360,garden,26.74,0.83,0.17,15.41,MB,,,,,,,rate point lambda=0.01
compgs_liu_2024,2404.09458,Table 10,13,supplement,3DGS,3DGS,Mip-NeRF 360,stump,26.56,0.77,0.22,1149.3,MB,,,,,,,
compgs_liu_2024,2404.09458,Table 10,13,supplement,Compact3D (Navaneet et al.),3DGS,Mip-NeRF 360,stump,26.53,0.77,0.23,126.12,MB,,,,,,,
compgs_liu_2024,2404.09458,Table 10,13,supplement,Compressed3D (Niedermayr et al.),3DGS,Mip-NeRF 360,stump,26.31,0.76,0.25,39.88,MB,,,,,,,
compgs_liu_2024,2404.09458,Table 10,13,supplement,Compact 3DGS (Lee et al.),3DGS,Mip-NeRF 360,stump,26.28,0.76,0.26,56.63,MB,,,,,,,
compgs_liu_2024,2404.09458,Table 10,13,supplement,EAGLES (Girish et al.),3DGS,Mip-NeRF 360,stump,26.44,0.76,0.24,104.52,MB,,,,,,,
compgs_liu_2024,2404.09458,Table 10,13,supplement,CompGS,3DGS,Mip-NeRF 360,stump,26.24,0.75,0.26,12.02,MB,,,,,,,rate point lambda=0.001
compgs_liu_2024,2404.09458,Table 10,13,supplement,CompGS,3DGS,Mip-NeRF 360,stump,26.05,0.74,0.28,8.23,MB,,,,,,,rate point lambda=0.005
compgs_liu_2024,2404.09458,Table 10,13,supplement,CompGS,3DGS,Mip-NeRF 360,stump,25.78,0.72,0.3,6.56,MB,,,,,,,rate point lambda=0.01
compgs_liu_2024,2404.09458,Table 10,13,supplement,3DGS,3DGS,Mip-NeRF 360,treehill,22.49,0.63,0.33,893.52,MB,,,,,,,
compgs_liu_2024,2404.09458,Table 10,13,supplement,Compact3D (Navaneet et al.),3DGS,Mip-NeRF 360,treehill,22.5,0.63,0.34,97.24,MB,,,,,,,
compgs_liu_2024,2404.09458,Table 10,13,supplement,Compressed3D (Niedermayr et al.),3DGS,Mip-NeRF 360,treehill,22.45,0.62,0.35,33.24,MB,,,,,,,
compgs_liu_2024,2404.09458,Table 10,13,supplement,Compact 3DGS (Lee et al.),3DGS,Mip-NeRF 360,treehill,22.59,0.63,0.34,61.29,MB,,,,,,,
compgs_liu_2024,2404.09458,Table 10,13,supplement,EAGLES (Girish et al.),3DGS,Mip-NeRF 360,treehill,22.56,0.63,0.35,78.21,MB,,,,,,,
compgs_liu_2024,2404.09458,Table 10,13,supplement,CompGS,3DGS,Mip-NeRF 360,treehill,23.11,0.64,0.33,20.02,MB,,,,,,,rate point lambda=0.001
compgs_liu_2024,2404.09458,Table 10,13,supplement,CompGS,3DGS,Mip-NeRF 360,treehill,23.05,0.64,0.35,12.63,MB,,,,,,,rate point lambda=0.005
compgs_liu_2024,2404.09458,Table 10,13,supplement,CompGS,3DGS,Mip-NeRF 360,treehill,22.94,0.62,0.37,10.23,MB,,,,,,,rate point lambda=0.01
compgs_liu_2024,2404.09458,Table 10,13,supplement,3DGS,3DGS,Mip-NeRF 360,room,31.44,0.92,0.22,366.62,MB,,,,,,,
compgs_liu_2024,2404.09458,Table 10,13,supplement,Compact3D (Navaneet et al.),3DGS,Mip-NeRF 360,room,31.05,0.91,0.23,39.01,MB,,,,,,,
compgs_liu_2024,2404.09458,Table 10,13,supplement,Compressed3D (Niedermayr et al.),3DGS,Mip-NeRF 360,room,31.15,0.91,0.23,14.67,MB,,,,,,,
compgs_liu_2024,2404.09458,Table 10,13,supplement,Compact 3DGS (Lee et al.),3DGS,Mip-NeRF 360,room,30.76,0.91,0.23,34.26,MB,,,,,,,
compgs_liu_2024,2404.09458,Table 10,13,supplement,EAGLES (Girish et al.),3DGS,Mip-NeRF 360,room,31.52,0.92,0.23,36.13,MB,,,,,,,
compgs_liu_2024,2404.09458,Table 10,13,supplement,CompGS,3DGS,Mip-NeRF 360,room,30.85,0.91,0.23,8.85,MB,,,,,,,rate point lambda=0.001
compgs_liu_2024,2404.09458,Table 10,13,supplement,CompGS,3DGS,Mip-NeRF 360,room,30.14,0.9,0.25,6.76,MB,,,,,,,rate point lambda=0.005
compgs_liu_2024,2404.09458,Table 10,13,supplement,CompGS,3DGS,Mip-NeRF 360,room,29.88,0.89,0.26,5.58,MB,,,,,,,rate point lambda=0.01
compgs_liu_2024,2404.09458,Table 10,13,supplement,3DGS,3DGS,Mip-NeRF 360,counter,28.99,0.91,0.2,285.04,MB,,,,,,,
compgs_liu_2024,2404.09458,Table 10,13,supplement,Compact3D (Navaneet et al.),3DGS,Mip-NeRF 360,counter,28.24,0.9,0.22,30.48,MB,,,,,,,
compgs_liu_2024,2404.09458,Table 10,13,supplement,Compressed3D (Niedermayr et al.),3DGS,Mip-NeRF 360,counter,28.69,0.9,0.21,13.58,MB,,,,,,,
compgs_liu_2024,2404.09458,Table 10,13,supplement,Compact 3DGS (Lee et al.),3DGS,Mip-NeRF 360,counter,28.6,0.9,0.22,34.49,MB,,,,,,,
compgs_liu_2024,2404.09458,Table 10,13,supplement,EAGLES (Girish et al.),3DGS,Mip-NeRF 360,counter,28.32,0.9,0.22,31.73,MB,,,,,,,
compgs_liu_2024,2404.09458,Table 10,13,supplement,CompGS,3DGS,Mip-NeRF 360,counter,29.09,0.9,0.22,9.61,MB,,,,,,,rate point lambda=0.001
compgs_liu_2024,2404.09458,Table 10,13,supplement,CompGS,3DGS,Mip-NeRF 360,counter,28.4,0.89,0.24,6.96,MB,,,,,,,rate point lambda=0.005
compgs_liu_2024,2404.09458,Table 10,13,supplement,CompGS,3DGS,Mip-NeRF 360,counter,27.73,0.87,0.26,5.41,MB,,,,,,,rate point lambda=0.01
compgs_liu_2024,2404.09458,Table 10,13,supplement,3DGS,3DGS,Mip-NeRF 360,kitchen,31.34,0.93,0.13,426.82,MB,,,,,,,
compgs_liu_2024,2404.09458,Table 10,13,supplement,Compact3D (Navaneet et al.),3DGS,Mip-NeRF 360,kitchen,30.53,0.92,0.14,45.82,MB,,,,,,,
compgs_liu_2024,2404.09458,Table 10,13,supplement,Compressed3D (Niedermayr et al.),3DGS,Mip-NeRF 360,kitchen,30.75,0.92,0.14,18.46,MB,,,,,,,
compgs_liu_2024,2404.09458,Table 10,13,supplement,Compact 3DGS (Lee et al.),3DGS,Mip-NeRF 360,kitchen,30.5,0.92,0.14,45.36,MB,,,,,,,
compgs_liu_2024,2404.09458,Table 10,13,supplement,EAGLES (Girish et al.),3DGS,Mip-NeRF 360,kitchen,30.4,0.92,0.14,56.64,MB,,,,,,,
compgs_liu_2024,2404.09458,Table 10,13,supplement,CompGS,3DGS,Mip-NeRF 360,kitchen,30.82,0.92,0.15,10.39,MB,,,,,,,rate point lambda=0.001
compgs_liu_2024,2404.09458,Table 10,13,supplement,CompGS,3DGS,Mip-NeRF 360,kitchen,30.0,0.9,0.16,6.88,MB,,,,,,,rate point lambda=0.005
compgs_liu_2024,2404.09458,Table 10,13,supplement,CompGS,3DGS,Mip-NeRF 360,kitchen,29.29,0.89,0.18,5.55,MB,,,,,,,rate point lambda=0.01
compgs_liu_2024,2404.09458,Table 10,13,supplement,3DGS,3DGS,Mip-NeRF 360,bonsai,32.16,0.94,0.2,297.5,MB,,,,,,,
compgs_liu_2024,2404.09458,Table 10,13,supplement,Compact3D (Navaneet et al.),3DGS,Mip-NeRF 360,bonsai,31.21,0.93,0.22,31.65,MB,,,,,,,
compgs_liu_2024,2404.09458,Table 10,13,supplement,Compressed3D (Niedermayr et al.),3DGS,Mip-NeRF 360,bonsai,31.48,0.93,0.21,13.08,MB,,,,,,,
compgs_liu_2024,2404.09458,Table 10,13,supplement,Compact 3DGS (Lee et al.),3DGS,Mip-NeRF 360,bonsai,31.92,0.93,0.22,35.4,MB,,,,,,,
compgs_liu_2024,2404.09458,Table 10,13,supplement,EAGLES (Girish et al.),3DGS,Mip-NeRF 360,bonsai,31.38,0.93,0.22,36.22,MB,,,,,,,
compgs_liu_2024,2404.09458,Table 10,13,supplement,CompGS,3DGS,Mip-NeRF 360,bonsai,31.8,0.93,0.22,11.78,MB,,,,,,,rate point lambda=0.001
compgs_liu_2024,2404.09458,Table 10,13,supplement,CompGS,3DGS,Mip-NeRF 360,bonsai,30.76,0.92,0.24,7.63,MB,,,,,,,rate point lambda=0.005
compgs_liu_2024,2404.09458,Table 10,13,supplement,CompGS,3DGS,Mip-NeRF 360,bonsai,29.79,0.91,0.26,5.56,MB,,,,,,,rate point lambda=0.01
contextgs_wang_2024,2405.20721,Table 1,7,main,3DGS,3DGS,Mip-NeRF 360,average,27.49,0.813,0.222,744.7,MB,,,,,,,anchor positions are NOT entropy-coded in all main experiments (see Table 5)
contextgs_wang_2024,2405.20721,Table 1,7,main,Scaffold-GS,Scaffold-GS,Mip-NeRF 360,average,27.5,0.806,0.252,253.9,MB,,,,,,,anchor positions are NOT entropy-coded in all main experiments (see Table 5)
contextgs_wang_2024,2405.20721,Table 1,7,main,EAGLES,3DGS,Mip-NeRF 360,average,27.15,0.808,0.238,68.89,MB,,,,,,,anchor positions are NOT entropy-coded in all main experiments (see Table 5)
contextgs_wang_2024,2405.20721,Table 1,7,main,LightGaussian,3DGS,Mip-NeRF 360,average,27.0,0.799,0.249,44.54,MB,,,,,,,anchor positions are NOT entropy-coded in all main experiments (see Table 5)
contextgs_wang_2024,2405.20721,Table 1,7,main,Compact3DGS (Lee et al.),3DGS,Mip-NeRF 360,average,27.08,0.798,0.247,48.8,MB,,,,,,,anchor positions are NOT entropy-coded in all main experiments (see Table 5)
contextgs_wang_2024,2405.20721,Table 1,7,main,Compressed3D,3DGS,Mip-NeRF 360,average,26.98,0.801,0.238,28.8,MB,,,,,,,anchor positions are NOT entropy-coded in all main experiments (see Table 5)
contextgs_wang_2024,2405.20721,Table 1,7,main,Morgenstern et al. (Self-Organizing Gaussians),3DGS,Mip-NeRF 360,average,26.01,0.772,0.259,23.9,MB,,,,,,,anchor positions are NOT entropy-coded in all main experiments (see Table 5)
contextgs_wang_2024,2405.20721,Table 1,7,main,Navaneet et al. (Compact3D),3DGS,Mip-NeRF 360,average,27.16,0.808,0.228,50.3,MB,,,,,,,anchor positions are NOT entropy-coded in all main experiments (see Table 5)
contextgs_wang_2024,2405.20721,Table 1,7,main,HAC,Scaffold-GS,Mip-NeRF 360,average,27.53,0.807,0.238,15.26,MB,,,,,,,anchor positions are NOT entropy-coded in all main experiments (see Table 5)
contextgs_wang_2024,2405.20721,Table 1,7,main,ContextGS (low-rate),Scaffold-GS,Mip-NeRF 360,average,27.62,0.808,0.237,12.68,MB,,,,,,,anchor positions are NOT entropy-coded in all main experiments (see Table 5)
contextgs_wang_2024,2405.20721,Table 1,7,main,ContextGS (high-rate),Scaffold-GS,Mip-NeRF 360,average,27.75,0.811,0.231,18.41,MB,,,,,,,anchor positions are NOT entropy-coded in all main experiments (see Table 5)
contextgs_wang_2024,2405.20721,Table 1,7,main,3DGS,3DGS,Tanks and Temples,average,23.69,0.844,0.178,431.0,MB,,,,,,,anchor positions are NOT entropy-coded in all main experiments (see Table 5)
contextgs_wang_2024,2405.20721,Table 1,7,main,Scaffold-GS,Scaffold-GS,Tanks and Temples,average,23.96,0.853,0.177,86.5,MB,,,,,,,anchor positions are NOT entropy-coded in all main experiments (see Table 5)
contextgs_wang_2024,2405.20721,Table 1,7,main,EAGLES,3DGS,Tanks and Temples,average,23.41,0.84,0.2,34.0,MB,,,,,,,anchor positions are NOT entropy-coded in all main experiments (see Table 5)
contextgs_wang_2024,2405.20721,Table 1,7,main,LightGaussian,3DGS,Tanks and Temples,average,22.83,0.822,0.242,22.43,MB,,,,,,,anchor positions are NOT entropy-coded in all main experiments (see Table 5)
contextgs_wang_2024,2405.20721,Table 1,7,main,Compact3DGS (Lee et al.),3DGS,Tanks and Temples,average,23.32,0.831,0.201,39.43,MB,,,,,,,anchor positions are NOT entropy-coded in all main experiments (see Table 5)
contextgs_wang_2024,2405.20721,Table 1,7,main,Compressed3D,3DGS,Tanks and Temples,average,23.32,0.832,0.194,17.28,MB,,,,,,,anchor positions are NOT entropy-coded in all main experiments (see Table 5)
contextgs_wang_2024,2405.20721,Table 1,7,main,Morgenstern et al. (Self-Organizing Gaussians),3DGS,Tanks and Temples,average,22.78,0.817,0.211,13.05,MB,,,,,,,anchor positions are NOT entropy-coded in all main experiments (see Table 5)
contextgs_wang_2024,2405.20721,Table 1,7,main,Navaneet et al. (Compact3D),3DGS,Tanks and Temples,average,23.47,0.84,0.188,27.97,MB,,,,,,,anchor positions are NOT entropy-coded in all main experiments (see Table 5)
contextgs_wang_2024,2405.20721,Table 1,7,main,HAC,Scaffold-GS,Tanks and Temples,average,24.04,0.846,0.187,8.1,MB,,,,,,,anchor positions are NOT entropy-coded in all main experiments (see Table 5)
contextgs_wang_2024,2405.20721,Table 1,7,main,ContextGS (low-rate),Scaffold-GS,Tanks and Temples,average,24.2,0.852,0.184,7.05,MB,,,,,,,anchor positions are NOT entropy-coded in all main experiments (see Table 5)
contextgs_wang_2024,2405.20721,Table 1,7,main,ContextGS (high-rate),Scaffold-GS,Tanks and Temples,average,24.29,0.855,0.176,11.8,MB,,,,,,,anchor positions are NOT entropy-coded in all main experiments (see Table 5)
contextgs_wang_2024,2405.20721,Table 1,7,main,3DGS,3DGS,Deep Blending,average,29.42,0.899,0.247,663.9,MB,,,,,,,anchor positions are NOT entropy-coded in all main experiments (see Table 5)
contextgs_wang_2024,2405.20721,Table 1,7,main,Scaffold-GS,Scaffold-GS,Deep Blending,average,30.21,0.906,0.254,66.0,MB,,,,,,,anchor positions are NOT entropy-coded in all main experiments (see Table 5)
contextgs_wang_2024,2405.20721,Table 1,7,main,EAGLES,3DGS,Deep Blending,average,29.91,0.91,0.25,62.0,MB,,,,,,,anchor positions are NOT entropy-coded in all main experiments (see Table 5)
contextgs_wang_2024,2405.20721,Table 1,7,main,LightGaussian,3DGS,Deep Blending,average,27.01,0.872,0.308,33.94,MB,,,,,,,anchor positions are NOT entropy-coded in all main experiments (see Table 5)
contextgs_wang_2024,2405.20721,Table 1,7,main,Compact3DGS (Lee et al.),3DGS,Deep Blending,average,29.79,0.901,0.258,43.21,MB,,,,,,,anchor positions are NOT entropy-coded in all main experiments (see Table 5)
contextgs_wang_2024,2405.20721,Table 1,7,main,Compressed3D,3DGS,Deep Blending,average,29.38,0.898,0.253,25.3,MB,,,,,,,anchor positions are NOT entropy-coded in all main experiments (see Table 5)
contextgs_wang_2024,2405.20721,Table 1,7,main,Morgenstern et al. (Self-Organizing Gaussians),3DGS,Deep Blending,average,28.92,0.891,0.276,8.4,MB,,,,,,,anchor positions are NOT entropy-coded in all main experiments (see Table 5)
contextgs_wang_2024,2405.20721,Table 1,7,main,Navaneet et al. (Compact3D),3DGS,Deep Blending,average,29.75,0.903,0.247,42.77,MB,,,,,,,anchor positions are NOT entropy-coded in all main experiments (see Table 5)
contextgs_wang_2024,2405.20721,Table 1,7,main,HAC,Scaffold-GS,Deep Blending,average,29.98,0.902,0.269,4.35,MB,,,,,,,anchor positions are NOT entropy-coded in all main experiments (see Table 5)
contextgs_wang_2024,2405.20721,Table 1,7,main,ContextGS (low-rate),Scaffold-GS,Deep Blending,average,30.11,0.907,0.265,3.45,MB,,,,,,,anchor positions are NOT entropy-coded in all main experiments (see Table 5)
contextgs_wang_2024,2405.20721,Table 1,7,main,ContextGS (high-rate),Scaffold-GS,Deep Blending,average,30.39,0.909,0.258,6.6,MB,,,,,,,anchor positions are NOT entropy-coded in all main experiments (see Table 5)
contextgs_wang_2024,2405.20721,Table 1,7,main,3DGS,3DGS,BungeeNeRF,average,24.87,0.841,0.205,1616,MB,,,,,,,anchor positions are NOT entropy-coded in all main experiments (see Table 5)
contextgs_wang_2024,2405.20721,Table 1,7,main,Scaffold-GS,Scaffold-GS,BungeeNeRF,average,26.62,0.865,0.241,183.0,MB,,,,,,,anchor positions are NOT entropy-coded in all main experiments (see Table 5)
contextgs_wang_2024,2405.20721,Table 1,7,main,EAGLES,3DGS,BungeeNeRF,average,25.24,0.843,0.221,117.1,MB,,,,,,,anchor positions are NOT entropy-coded in all main experiments (see Table 5)
contextgs_wang_2024,2405.20721,Table 1,7,main,LightGaussian,3DGS,BungeeNeRF,average,24.52,0.825,0.255,87.28,MB,,,,,,,anchor positions are NOT entropy-coded in all main experiments (see Table 5)
contextgs_wang_2024,2405.20721,Table 1,7,main,Compact3DGS (Lee et al.),3DGS,BungeeNeRF,average,23.36,0.788,0.251,82.6,MB,,,,,,,anchor positions are NOT entropy-coded in all main experiments (see Table 5)
contextgs_wang_2024,2405.20721,Table 1,7,main,Compressed3D,3DGS,BungeeNeRF,average,24.13,0.802,0.245,55.79,MB,,,,,,,anchor positions are NOT entropy-coded in all main experiments (see Table 5)
contextgs_wang_2024,2405.20721,Table 1,7,main,Navaneet et al. (Compact3D),3DGS,BungeeNeRF,average,24.63,0.823,0.239,104.3,MB,,,,,,,anchor positions are NOT entropy-coded in all main experiments (see Table 5)
contextgs_wang_2024,2405.20721,Table 1,7,main,HAC,Scaffold-GS,BungeeNeRF,average,26.48,0.845,0.25,18.49,MB,,,,,,,anchor positions are NOT entropy-coded in all main experiments (see Table 5)
contextgs_wang_2024,2405.20721,Table 1,7,main,ContextGS (low-rate),Scaffold-GS,BungeeNeRF,average,26.9,0.866,0.222,14.0,MB,,,,,,,anchor positions are NOT entropy-coded in all main experiments (see Table 5)
contextgs_wang_2024,2405.20721,Table 1,7,main,ContextGS (high-rate),Scaffold-GS,BungeeNeRF,average,27.15,0.875,0.205,21.8,MB,,,,,,,anchor positions are NOT entropy-coded in all main experiments (see Table 5)
contextgs_wang_2024,2405.20721,Table 2,8,ablation,Scaffold-GS,Scaffold-GS,BungeeNeRF,average,26.62,0.865,0.241,183.0,MB,,,,,,,"HP = hyperprior, CM = anchor-level context model; ""w/o HP w/o CM"" is roughly Scaffold-GS with entropy coding and masking loss"
contextgs_wang_2024,2405.20721,Table 2,8,ablation,ContextGS w/o HP w/o CM,Scaffold-GS,BungeeNeRF,average,26.93,0.867,0.222,18.67,MB,,,,,,,"HP = hyperprior, CM = anchor-level context model; ""w/o HP w/o CM"" is roughly Scaffold-GS with entropy coding and masking loss"
contextgs_wang_2024,2405.20721,Table 2,8,ablation,ContextGS w/o CM,Scaffold-GS,BungeeNeRF,average,26.91,0.866,0.223,15.03,MB,,,,,,,"HP = hyperprior, CM = anchor-level context model; ""w/o HP w/o CM"" is roughly Scaffold-GS with entropy coding and masking loss"
contextgs_wang_2024,2405.20721,Table 2,8,ablation,ContextGS w/o HP,Scaffold-GS,BungeeNeRF,average,26.92,0.867,0.221,15.41,MB,,,,,,,"HP = hyperprior, CM = anchor-level context model; ""w/o HP w/o CM"" is roughly Scaffold-GS with entropy coding and masking loss"
contextgs_wang_2024,2405.20721,Table 2,8,ablation,ContextGS,Scaffold-GS,BungeeNeRF,average,26.9,0.866,0.222,14.0,MB,,,,,,,"HP = hyperprior, CM = anchor-level context model; ""w/o HP w/o CM"" is roughly Scaffold-GS with entropy coding and masking loss"
contextgs_wang_2024,2405.20721,Table 3,9,ablation,ContextGS w/o dividing into levels,Scaffold-GS,BungeeNeRF,average,26.91,0.867,0.222,14.73,MB,,,,,,,anchor-forward ablation; these runs entropy-code the anchor positions
contextgs_wang_2024,2405.20721,Table 3,9,ablation,ContextGS w/o reusing anchors,Scaffold-GS,BungeeNeRF,average,26.91,0.862,0.23,15.54,MB,,,,,,,anchor-forward ablation; these runs entropy-code the anchor positions
contextgs_wang_2024,2405.20721,Table 3,9,ablation,ContextGS (anchor forward),Scaffold-GS,BungeeNeRF,average,26.89,0.867,0.222,13.8,MB,,,,,,,anchor-forward ablation; these runs entropy-code the anchor positions
contextgs_wang_2024,2405.20721,Table 4,9,ablation,Scaffold-GS,Scaffold-GS,BungeeNeRF,rome,26.25,0.872,,186.7,MB,61900,,,,,,"num_gaussians is the ANCHOR count; per-component storage in MB: hyper N/A, position 7.08, feature 75.16, scaling 14.18, offset 70.88, mask 2.362, MLPs 0.047; timings on an RTX 3090"
contextgs_wang_2024,2405.20721,Table 4,9,ablation,ContextGS (w/ anchor position coding),Scaffold-GS,BungeeNeRF,rome,26.38,0.871,,13.62,MB,52300,,,41.33,51.58,,"num_gaussians is the ANCHOR count; per-component storage in MB: hyper 1.026, position 1.954, feature 5.708, scaling 1.603, offset 2.556, mask 0.452, MLPs 0.320; timings on an RTX 3090"
contextgs_wang_2024,2405.20721,Table 4,9,ablation,ContextGS,Scaffold-GS,BungeeNeRF,rome,26.38,0.871,,14.06,MB,52500,,,20.4,17.85,,"num_gaussians is the ANCHOR count; per-component storage in MB: hyper 0.778, position 2.543, feature 5.808, scaling 1.586, offset 2.563, mask 0.452, MLPs 0.316; timings on an RTX 3090"
contextgs_wang_2024,2405.20721,Table 5,12,ablation,"ContextGS (low-rate, w/ anchor position coding)",Scaffold-GS,Mip-NeRF 360,average,27.61,0.809,0.236,11.32,MB,,,,,,,anchor positions entropy-coded
contextgs_wang_2024,2405.20721,Table 5,12,ablation,"ContextGS (high-rate, w/ anchor position coding)",Scaffold-GS,Mip-NeRF 360,average,27.86,0.813,0.23,21.07,MB,,,,,,,anchor positions entropy-coded
contextgs_wang_2024,2405.20721,Table 5,12,ablation,ContextGS (low-rate),Scaffold-GS,Mip-NeRF 360,average,27.62,0.808,0.237,12.68,MB,,,,,,,"anchor positions not entropy-coded, the setting used in Table 1"
contextgs_wang_2024,2405.20721,Table 5,12,ablation,ContextGS (high-rate),Scaffold-GS,Mip-NeRF 360,average,27.75,0.811,0.231,18.41,MB,,,,,,,"anchor positions not entropy-coded, the setting used in Table 1"
contextgs_wang_2024,2405.20721,Table 5,12,ablation,"ContextGS (low-rate, w/ anchor position coding)",Scaffold-GS,Tanks and Temples,average,24.16,0.851,0.185,6.91,MB,,,,,,,anchor positions entropy-coded
contextgs_wang_2024,2405.20721,Table 5,12,ablation,"ContextGS (high-rate, w/ anchor position coding)",Scaffold-GS,Tanks and Temples,average,24.29,0.855,0.178,11.47,MB,,,,,,,anchor positions entropy-coded
contextgs_wang_2024,2405.20721,Table 5,12,ablation,ContextGS (low-rate),Scaffold-GS,Tanks and Temples,average,24.2,0.852,0.184,7.05,MB,,,,,,,"anchor positions not entropy-coded, the setting used in Table 1"
contextgs_wang_2024,2405.20721,Table 5,12,ablation,ContextGS (high-rate),Scaffold-GS,Tanks and Temples,average,24.29,0.855,0.176,11.8,MB,,,,,,,"anchor positions not entropy-coded, the setting used in Table 1"
contextgs_wang_2024,2405.20721,Table 5,12,ablation,"ContextGS (low-rate, w/ anchor position coding)",Scaffold-GS,Deep Blending,average,30.11,0.907,0.269,3.31,MB,,,,,,,anchor positions entropy-coded
contextgs_wang_2024,2405.20721,Table 5,12,ablation,"ContextGS (high-rate, w/ anchor position coding)",Scaffold-GS,Deep Blending,average,30.42,0.91,0.261,6.4,MB,,,,,,,anchor positions entropy-coded
contextgs_wang_2024,2405.20721,Table 5,12,ablation,ContextGS (low-rate),Scaffold-GS,Deep Blending,average,30.11,0.907,0.265,3.45,MB,,,,,,,"anchor positions not entropy-coded, the setting used in Table 1"
contextgs_wang_2024,2405.20721,Table 5,12,ablation,ContextGS (high-rate),Scaffold-GS,Deep Blending,average,30.39,0.909,0.258,6.6,MB,,,,,,,"anchor positions not entropy-coded, the setting used in Table 1"
contextgs_wang_2024,2405.20721,Table 5,12,ablation,"ContextGS (low-rate, w/ anchor position coding)",Scaffold-GS,BungeeNeRF,average,26.89,0.867,0.222,13.8,MB,,,,,,,anchor positions entropy-coded
contextgs_wang_2024,2405.20721,Table 5,12,ablation,"ContextGS (high-rate, w/ anchor position coding)",Scaffold-GS,BungeeNeRF,average,27.15,0.876,0.202,25.23,MB,,,,,,,anchor positions entropy-coded
contextgs_wang_2024,2405.20721,Table 5,12,ablation,ContextGS (low-rate),Scaffold-GS,BungeeNeRF,average,26.9,0.866,0.222,14.0,MB,,,,,,,"anchor positions not entropy-coded, the setting used in Table 1"
contextgs_wang_2024,2405.20721,Table 5,12,ablation,ContextGS (high-rate),Scaffold-GS,BungeeNeRF,average,27.15,0.875,0.205,21.8,MB,,,,,,,"anchor positions not entropy-coded, the setting used in Table 1"
contextgs_wang_2024,2405.20721,Table 6,13,supplement,ContextGS (low-rate),Scaffold-GS,BungeeNeRF,rome,25.9751,0.8669,0.2143,13.9631,MB,,,,,,,lambda_e=0.004
contextgs_wang_2024,2405.20721,Table 6,13,supplement,ContextGS (low-rate),Scaffold-GS,BungeeNeRF,quebec,30.1941,0.9337,0.1669,11.5909,MB,,,,,,,lambda_e=0.004
contextgs_wang_2024,2405.20721,Table 6,13,supplement,ContextGS (low-rate),Scaffold-GS,BungeeNeRF,pompidou,25.4676,0.8469,0.2446,15.2258,MB,,,,,,,lambda_e=0.004
contextgs_wang_2024,2405.20721,Table 6,13,supplement,ContextGS (low-rate),Scaffold-GS,BungeeNeRF,hollywood,24.5154,0.7772,0.3164,13.5183,MB,,,,,,,lambda_e=0.004
contextgs_wang_2024,2405.20721,Table 6,13,supplement,ContextGS (low-rate),Scaffold-GS,BungeeNeRF,bilbao,28.0842,0.8877,0.1932,13.1537,MB,,,,,,,lambda_e=0.004
contextgs_wang_2024,2405.20721,Table 6,13,supplement,ContextGS (low-rate),Scaffold-GS,BungeeNeRF,amsterdam,27.1694,0.8842,0.1956,16.5549,MB,,,,,,,lambda_e=0.004
contextgs_wang_2024,2405.20721,Table 6,13,supplement,ContextGS (low-rate),Scaffold-GS,BungeeNeRF,average,26.901,0.8661,0.2218,14.0011,MB,,,,,,,lambda_e=0.004
contextgs_wang_2024,2405.20721,Table 6,13,supplement,ContextGS (high-rate),Scaffold-GS,BungeeNeRF,rome,26.6297,0.8825,0.1929,21.7033,MB,,,,,,,lambda_e=0.001
contextgs_wang_2024,2405.20721,Table 6,13,supplement,ContextGS (high-rate),Scaffold-GS,BungeeNeRF,quebec,30.5271,0.94,0.151,18.1517,MB,,,,,,,lambda_e=0.001
contextgs_wang_2024,2405.20721,Table 6,13,supplement,ContextGS (high-rate),Scaffold-GS,BungeeNeRF,pompidou,25.6218,0.8546,0.233,23.4748,MB,,,,,,,lambda_e=0.001
contextgs_wang_2024,2405.20721,Table 6,13,supplement,ContextGS (high-rate),Scaffold-GS,BungeeNeRF,hollywood,24.717,0.7876,0.3002,20.7082,MB,,,,,,,lambda_e=0.001
contextgs_wang_2024,2405.20721,Table 6,13,supplement,ContextGS (high-rate),Scaffold-GS,BungeeNeRF,bilbao,27.9842,0.8928,0.177,20.7686,MB,,,,,,,lambda_e=0.001
contextgs_wang_2024,2405.20721,Table 6,13,supplement,ContextGS (high-rate),Scaffold-GS,BungeeNeRF,amsterdam,27.3979,0.8949,0.1754,26.0079,MB,,,,,,,lambda_e=0.001
contextgs_wang_2024,2405.20721,Table 6,13,supplement,ContextGS (high-rate),Scaffold-GS,BungeeNeRF,average,27.1463,0.8754,0.2049,21.8024,MB,,,,,,,lambda_e=0.001
contextgs_wang_2024,2405.20721,Table 7,13,supplement,ContextGS (low-rate),Scaffold-GS,Deep Blending,drjohnson,29.68,0.906,0.261,3.94,MB,,,,,,,lambda_e=0.004
contextgs_wang_2024,2405.20721,Table 7,13,supplement,ContextGS (low-rate),Scaffold-GS,Deep Blending,playroom,30.53,0.907,0.269,2.96,MB,,,,,,,lambda_e=0.004
contextgs_wang_2024,2405.20721,Table 7,13,supplement,ContextGS (low-rate),Scaffold-GS,Deep Blending,average,30.11,0.907,0.265,3.45,MB,,,,,,,lambda_e=0.004
contextgs_wang_2024,2405.20721,Table 7,13,supplement,ContextGS (high-rate),Scaffold-GS,Deep Blending,drjohnson,29.86,0.909,0.249,7.8,MB,,,,,,,lambda_e=0.0005
contextgs_wang_2024,2405.20721,Table 7,13,supplement,ContextGS (high-rate),Scaffold-GS,Deep Blending,playroom,30.93,0.91,0.268,5.41,MB,,,,,,,lambda_e=0.0005
contextgs_wang_2024,2405.20721,Table 7,13,supplement,ContextGS (high-rate),Scaffold-GS,Deep Blending,average,30.39,0.909,0.258,6.6,MB,,,,,,,lambda_e=0.0005
contextgs_wang_2024,2405.20721,Table 8,13,supplement,ContextGS (low-rate),Scaffold-GS,Tanks and Temples,train,22.4,0.818,0.217,6.39,MB,,,,,,,lambda_e=0.004
contextgs_wang_2024,2405.20721,Table 8,13,supplement,ContextGS (low-rate),Scaffold-GS,Tanks and Temples,truck,26.0,0.885,0.15,7.72,MB,,,,,,,lambda_e=0.004
contextgs_wang_2024,2405.20721,Table 8,13,supplement,ContextGS (low-rate),Scaffold-GS,Tanks and Temples,average,24.2,0.852,0.184,7.05,MB,,,,,,,lambda_e=0.004
contextgs_wang_2024,2405.20721,Table 8,13,supplement,ContextGS (high-rate),Scaffold-GS,Tanks and Temples,train,22.53,0.823,0.208,10.55,MB,,,,,,,lambda_e=0.0005
contextgs_wang_2024,2405.20721,Table 8,13,supplement,ContextGS (high-rate),Scaffold-GS,Tanks and Temples,truck,26.05,0.888,0.143,13.06,MB,,,,,,,lambda_e=0.0005
contextgs_wang_2024,2405.20721,Table 8,13,supplement,ContextGS (high-rate),Scaffold-GS,Tanks and Temples,average,24.29,0.855,0.176,11.8,MB,,,,,,,lambda_e=0.0005
contextgs_wang_2024,2405.20721,Table 9,14,supplement,ContextGS (low-rate),Scaffold-GS,Mip-NeRF 360,bicycle,25.08,0.738,0.271,21.82,MB,,,,,,,lambda_e=0.004
contextgs_wang_2024,2405.20721,Table 9,14,supplement,ContextGS (low-rate),Scaffold-GS,Mip-NeRF 360,bonsai,32.67,0.946,0.186,7.17,MB,,,,,,,lambda_e=0.004
contextgs_wang_2024,2405.20721,Table 9,14,supplement,ContextGS (low-rate),Scaffold-GS,Mip-NeRF 360,counter,29.38,0.912,0.197,6.3,MB,,,,,,,lambda_e=0.004
contextgs_wang_2024,2405.20721,Table 9,14,supplement,ContextGS (low-rate),Scaffold-GS,Mip-NeRF 360,flowers,21.31,0.576,0.377,16.71,MB,,,,,,,lambda_e=0.004
contextgs_wang_2024,2405.20721,Table 9,14,supplement,ContextGS (low-rate),Scaffold-GS,Mip-NeRF 360,garden,27.32,0.845,0.148,18.78,MB,,,,,,,lambda_e=0.004
contextgs_wang_2024,2405.20721,Table 9,14,supplement,ContextGS (low-rate),Scaffold-GS,Mip-NeRF 360,kitchen,31.28,0.925,0.131,7.0,MB,,,,,,,lambda_e=0.004
contextgs_wang_2024,2405.20721,Table 9,14,supplement,ContextGS (low-rate),Scaffold-GS,Mip-NeRF 360,room,31.71,0.923,0.207,4.5,MB,,,,,,,lambda_e=0.004
contextgs_wang_2024,2405.20721,Table 9,14,supplement,ContextGS (low-rate),Scaffold-GS,Mip-NeRF 360,stump,26.58,0.762,0.268,14.86,MB,,,,,,,lambda_e=0.004
contextgs_wang_2024,2405.20721,Table 9,14,supplement,ContextGS (low-rate),Scaffold-GS,Mip-NeRF 360,treehill,23.29,0.647,0.349,17.0,MB,,,,,,,lambda_e=0.004
contextgs_wang_2024,2405.20721,Table 9,14,supplement,ContextGS (low-rate),Scaffold-GS,Mip-NeRF 360,average,27.62,0.808,0.237,12.68,MB,,,,,,,lambda_e=0.004
contextgs_wang_2024,2405.20721,Table 9,14,supplement,ContextGS (high-rate),Scaffold-GS,Mip-NeRF 360,bicycle,24.97,0.74,0.263,38.09,MB,,,,,,,"lambda_e=0.0005; this high-rate average (27.72 dB at 21.58 MB) does not match the Mip-NeRF 360 high-rate row of Table 1 (27.75 dB at 18.41 MB), so the two tables use different operating points"
contextgs_wang_2024,2405.20721,Table 9,14,supplement,ContextGS (high-rate),Scaffold-GS,Mip-NeRF 360,bonsai,32.93,0.951,0.182,12.43,MB,,,,,,,"lambda_e=0.0005; this high-rate average (27.72 dB at 21.58 MB) does not match the Mip-NeRF 360 high-rate row of Table 1 (27.75 dB at 18.41 MB), so the two tables use different operating points"
contextgs_wang_2024,2405.20721,Table 9,14,supplement,ContextGS (high-rate),Scaffold-GS,Mip-NeRF 360,counter,29.6,0.916,0.19,10.67,MB,,,,,,,"lambda_e=0.0005; this high-rate average (27.72 dB at 21.58 MB) does not match the Mip-NeRF 360 high-rate row of Table 1 (27.75 dB at 18.41 MB), so the two tables use different operating points"
contextgs_wang_2024,2405.20721,Table 9,14,supplement,ContextGS (high-rate),Scaffold-GS,Mip-NeRF 360,flowers,21.18,0.571,0.378,28.27,MB,,,,,,,"lambda_e=0.0005; this high-rate average (27.72 dB at 21.58 MB) does not match the Mip-NeRF 360 high-rate row of Table 1 (27.75 dB at 18.41 MB), so the two tables use different operating points"
contextgs_wang_2024,2405.20721,Table 9,14,supplement,ContextGS (high-rate),Scaffold-GS,Mip-NeRF 360,garden,27.39,0.851,0.136,31.26,MB,,,,,,,"lambda_e=0.0005; this high-rate average (27.72 dB at 21.58 MB) does not match the Mip-NeRF 360 high-rate row of Table 1 (27.75 dB at 18.41 MB), so the two tables use different operating points"
contextgs_wang_2024,2405.20721,Table 9,14,supplement,ContextGS (high-rate),Scaffold-GS,Mip-NeRF 360,kitchen,31.69,0.931,0.123,12.44,MB,,,,,,,"lambda_e=0.0005; this high-rate average (27.72 dB at 21.58 MB) does not match the Mip-NeRF 360 high-rate row of Table 1 (27.75 dB at 18.41 MB), so the two tables use different operating points"
contextgs_wang_2024,2405.20721,Table 9,14,supplement,ContextGS (high-rate),Scaffold-GS,Mip-NeRF 360,room,32.03,0.928,0.196,8.09,MB,,,,,,,"lambda_e=0.0005; this high-rate average (27.72 dB at 21.58 MB) does not match the Mip-NeRF 360 high-rate row of Table 1 (27.75 dB at 18.41 MB), so the two tables use different operating points"
contextgs_wang_2024,2405.20721,Table 9,14,supplement,ContextGS (high-rate),Scaffold-GS,Mip-NeRF 360,stump,26.56,0.761,0.263,24.22,MB,,,,,,,"lambda_e=0.0005; this high-rate average (27.72 dB at 21.58 MB) does not match the Mip-NeRF 360 high-rate row of Table 1 (27.75 dB at 18.41 MB), so the two tables use different operating points"
contextgs_wang_2024,2405.20721,Table 9,14,supplement,ContextGS (high-rate),Scaffold-GS,Mip-NeRF 360,treehill,23.09,0.645,0.346,28.78,MB,,,,,,,"lambda_e=0.0005; this high-rate average (27.72 dB at 21.58 MB) does not match the Mip-NeRF 360 high-rate row of Table 1 (27.75 dB at 18.41 MB), so the two tables use different operating points"
contextgs_wang_2024,2405.20721,Table 9,14,supplement,ContextGS (high-rate),Scaffold-GS,Mip-NeRF 360,average,27.72,0.811,0.231,21.58,MB,,,,,,,"lambda_e=0.0005; this high-rate average (27.72 dB at 21.58 MB) does not match the Mip-NeRF 360 high-rate row of Table 1 (27.75 dB at 18.41 MB), so the two tables use different operating points"
fcgs_chen_2024,2410.08017,Table C,20,main,3DGS,3DGS,DL3DV-GS,average,29.34,0.898,0.146,372.5,MB,,,751,,,,trained from scratch
fcgs_chen_2024,2410.08017,Table C,20,main,LightGaussian,3DGS,DL3DV-GS,average,28.89,0.89,0.159,24.61,MB,,,227,,,,"finetuned from the same vanilla 3DGS, whose own training took 751 s"
fcgs_chen_2024,2410.08017,Table C,20,main,Compact3D (Navaneet et al.),3DGS,DL3DV-GS,average,28.36,0.884,0.169,13.6,MB,,,546,,,,"finetuned from the same vanilla 3DGS, whose own training took 751 s"
fcgs_chen_2024,2410.08017,Table C,20,main,Compressed3D (Niedermayr et al.),3DGS,DL3DV-GS,average,29.04,0.893,0.154,15.36,MB,,,122,,,,"finetuned from the same vanilla 3DGS, whose own training took 751 s"
fcgs_chen_2024,2410.08017,Table C,20,main,SOG (Self-Organizing Gaussians),3DGS,DL3DV-GS,average,28.54,0.888,0.156,16.5,MB,,,1068,,,,trained from scratch
fcgs_chen_2024,2410.08017,Table C,20,main,EAGLES,3DGS,DL3DV-GS,average,28.53,0.884,0.17,24.04,MB,,,518,,,,trained from scratch
fcgs_chen_2024,2410.08017,Table C,20,main,Compact 3DGS (Lee et al.),3DGS,DL3DV-GS,average,28.71,0.886,0.165,36.56,MB,,,938,,,,trained from scratch
fcgs_chen_2024,2410.08017,Table C,20,main,FCGS-lowrate,3DGS,DL3DV-GS,average,28.86,0.891,0.156,15.83,MB,,,,9,,,"encoding time 9 / 16 s on multiple / single GPU, on top of the 751 s vanilla 3DGS training; FCGS is feed-forward, with no per-scene optimisation"
fcgs_chen_2024,2410.08017,Table C,20,main,FCGS-highrate,3DGS,DL3DV-GS,average,29.26,0.897,0.148,27.44,MB,,,,11,,,"encoding time 11 / 20 s on multiple / single GPU, on top of the 751 s vanilla 3DGS training; FCGS is feed-forward, with no per-scene optimisation"
fcgs_chen_2024,2410.08017,Table D,20,main,3DGS,3DGS,Mip-NeRF 360,average,27.52,0.813,0.221,741.12,MB,,,1583,,,,trained from scratch
fcgs_chen_2024,2410.08017,Table D,20,main,LightGaussian,3DGS,Mip-NeRF 360,average,27.31,0.808,0.235,48.61,MB,,,422,,,,"finetuned from the same vanilla 3DGS, whose own training took 1583 s"
fcgs_chen_2024,2410.08017,Table D,20,main,Compact3D (Navaneet et al.),3DGS,Mip-NeRF 360,average,26.8,0.796,0.256,20.66,MB,,,973,,,,"finetuned from the same vanilla 3DGS, whose own training took 1583 s"
fcgs_chen_2024,2410.08017,Table D,20,main,Compressed3D (Niedermayr et al.),3DGS,Mip-NeRF 360,average,27.15,0.802,0.242,27.71,MB,,,195,,,,"finetuned from the same vanilla 3DGS, whose own training took 1583 s"
fcgs_chen_2024,2410.08017,Table D,20,main,SOG (Self-Organizing Gaussians),3DGS,Mip-NeRF 360,average,27.08,0.799,0.229,41.0,MB,,,2391,,,,trained from scratch
fcgs_chen_2024,2410.08017,Table D,20,main,EAGLES,3DGS,Mip-NeRF 360,average,27.14,0.809,0.231,58.91,MB,,,1245,,,,trained from scratch
fcgs_chen_2024,2410.08017,Table D,20,main,Compact 3DGS (Lee et al.),3DGS,Mip-NeRF 360,average,27.05,0.797,0.247,48.93,MB,,,1885,,,,trained from scratch
fcgs_chen_2024,2410.08017,Table D,20,main,FCGS-lowrate,3DGS,Mip-NeRF 360,average,27.05,0.798,0.237,34.64,MB,,,,10,,,"encoding time 10 / 31 s on multiple / single GPU, on top of the 1583 s vanilla 3DGS training; FCGS is feed-forward, with no per-scene optimisation"
fcgs_chen_2024,2410.08017,Table D,20,main,FCGS-highrate,3DGS,Mip-NeRF 360,average,27.39,0.806,0.226,64.05,MB,,,,14,,,"encoding time 14 / 41 s on multiple / single GPU, on top of the 1583 s vanilla 3DGS training; FCGS is feed-forward, with no per-scene optimisation"
fcgs_chen_2024,2410.08017,Table E,20,main,3DGS,3DGS,Tanks and Temples,average,23.71,0.845,0.179,432.03,MB,,,814,,,,trained from scratch
fcgs_chen_2024,2410.08017,Table E,20,main,LightGaussian,3DGS,Tanks and Temples,average,23.62,0.837,0.197,28.6,MB,,,241,,,,"finetuned from the same vanilla 3DGS, whose own training took 814 s"
fcgs_chen_2024,2410.08017,Table E,20,main,Compact3D (Navaneet et al.),3DGS,Tanks and Temples,average,23.15,0.831,0.205,13.64,MB,,,587,,,,"finetuned from the same vanilla 3DGS, whose own training took 814 s"
fcgs_chen_2024,2410.08017,Table E,20,main,Compressed3D (Niedermayr et al.),3DGS,Tanks and Temples,average,23.63,0.842,0.187,17.65,MB,,,120,,,,"finetuned from the same vanilla 3DGS, whose own training took 814 s"
fcgs_chen_2024,2410.08017,Table E,20,main,SOG (Self-Organizing Gaussians),3DGS,Tanks and Temples,average,23.66,0.837,0.187,23.1,MB,,,1219,,,,trained from scratch
fcgs_chen_2024,2410.08017,Table E,20,main,EAGLES,3DGS,Tanks and Temples,average,23.28,0.835,0.203,28.99,MB,,,604,,,,trained from scratch
fcgs_chen_2024,2410.08017,Table E,20,main,Compact 3DGS (Lee et al.),3DGS,Tanks and Temples,average,23.35,0.832,0.202,39.38,MB,,,1007,,,,trained from scratch
fcgs_chen_2024,2410.08017,Table E,20,main,FCGS-lowrate,3DGS,Tanks and Temples,average,23.48,0.832,0.193,17.89,MB,,,,10,,,"encoding time 10 / 16 s on multiple / single GPU, on top of the 814 s vanilla 3DGS training; FCGS is feed-forward, with no per-scene optimisation"
fcgs_chen_2024,2410.08017,Table E,20,main,FCGS-highrate,3DGS,Tanks and Temples,average,23.62,0.839,0.184,32.02,MB,,,,13,,,"encoding time 13 / 24 s on multiple / single GPU, on top of the 814 s vanilla 3DGS training; FCGS is feed-forward, with no per-scene optimisation"
hac_chen_eccv2024,2403.14530,Table 1,11,main,3DGS,3DGS,NeRF Synthetic,average,33.8,0.97,0.031,68.46,MB,,,,,,,HAC low-rate / high-rate are two points of the lambda_e rate-distortion sweep
hac_chen_eccv2024,2403.14530,Table 1,11,main,Scaffold-GS,Scaffold-GS,NeRF Synthetic,average,33.41,0.966,0.035,19.36,MB,,,,,,,HAC low-rate / high-rate are two points of the lambda_e rate-distortion sweep
hac_chen_eccv2024,2403.14530,Table 1,11,main,Lee et al. (Compact 3DGS),3DGS,NeRF Synthetic,average,33.33,0.968,0.034,5.54,MB,,,,,,,HAC low-rate / high-rate are two points of the lambda_e rate-distortion sweep
hac_chen_eccv2024,2403.14530,Table 1,11,main,Compressed3D,3DGS,NeRF Synthetic,average,32.94,0.967,0.033,3.68,MB,,,,,,,HAC low-rate / high-rate are two points of the lambda_e rate-distortion sweep
hac_chen_eccv2024,2403.14530,Table 1,11,main,EAGLES,3DGS,NeRF Synthetic,average,32.54,0.965,0.039,5.74,MB,,,,,,,HAC low-rate / high-rate are two points of the lambda_e rate-distortion sweep
hac_chen_eccv2024,2403.14530,Table 1,11,main,LightGaussian,3DGS,NeRF Synthetic,average,32.73,0.965,0.037,7.84,MB,,,,,,,HAC low-rate / high-rate are two points of the lambda_e rate-distortion sweep
hac_chen_eccv2024,2403.14530,Table 1,11,main,Morgenstern et al. (Self-Organizing Gaussians),3DGS,NeRF Synthetic,average,31.05,0.955,0.047,2.2,MB,,,,,,,HAC low-rate / high-rate are two points of the lambda_e rate-distortion sweep
hac_chen_eccv2024,2403.14530,Table 1,11,main,Navaneet et al. (Compact3D),3DGS,NeRF Synthetic,average,33.09,0.967,0.036,4.42,MB,,,,,,,HAC low-rate / high-rate are two points of the lambda_e rate-distortion sweep
hac_chen_eccv2024,2403.14530,Table 1,11,main,HAC-lowrate,Scaffold-GS,NeRF Synthetic,average,33.24,0.967,0.037,1.18,MB,,,,,,,"HAC low-rate / high-rate are two points of the lambda_e rate-distortion sweep; on NeRF Synthetic low-rate is lambda_e=0.002 and high-rate is lambda_e=0.0005, unlike the other datasets where they are 0.004 and 0.001"
hac_chen_eccv2024,2403.14530,Table 1,11,main,HAC-highrate,Scaffold-GS,NeRF Synthetic,average,33.71,0.968,0.034,1.86,MB,,,,,,,"HAC low-rate / high-rate are two points of the lambda_e rate-distortion sweep; on NeRF Synthetic low-rate is lambda_e=0.002 and high-rate is lambda_e=0.0005, unlike the other datasets where they are 0.004 and 0.001"
hac_chen_eccv2024,2403.14530,Table 1,11,main,3DGS,3DGS,Mip-NeRF 360,average,27.49,0.813,0.222,744.7,MB,,,,,,,HAC low-rate / high-rate are two points of the lambda_e rate-distortion sweep
hac_chen_eccv2024,2403.14530,Table 1,11,main,Scaffold-GS,Scaffold-GS,Mip-NeRF 360,average,27.5,0.806,0.252,253.9,MB,,,,,,,HAC low-rate / high-rate are two points of the lambda_e rate-distortion sweep
hac_chen_eccv2024,2403.14530,Table 1,11,main,Lee et al. (Compact 3DGS),3DGS,Mip-NeRF 360,average,27.08,0.798,0.247,48.8,MB,,,,,,,HAC low-rate / high-rate are two points of the lambda_e rate-distortion sweep
hac_chen_eccv2024,2403.14530,Table 1,11,main,Compressed3D,3DGS,Mip-NeRF 360,average,26.98,0.801,0.238,28.8,MB,,,,,,,HAC low-rate / high-rate are two points of the lambda_e rate-distortion sweep
hac_chen_eccv2024,2403.14530,Table 1,11,main,EAGLES,3DGS,Mip-NeRF 360,average,27.15,0.808,0.238,68.89,MB,,,,,,,HAC low-rate / high-rate are two points of the lambda_e rate-distortion sweep
hac_chen_eccv2024,2403.14530,Table 1,11,main,LightGaussian,3DGS,Mip-NeRF 360,average,27.0,0.799,0.249,44.54,MB,,,,,,,HAC low-rate / high-rate are two points of the lambda_e rate-distortion sweep
hac_chen_eccv2024,2403.14530,Table 1,11,main,Morgenstern et al. (Self-Organizing Gaussians),3DGS,Mip-NeRF 360,average,26.01,0.772,0.259,23.9,MB,,,,,,,HAC low-rate / high-rate are two points of the lambda_e rate-distortion sweep
hac_chen_eccv2024,2403.14530,Table 1,11,main,Navaneet et al. (Compact3D),3DGS,Mip-NeRF 360,average,27.16,0.808,0.228,50.3,MB,,,,,,,HAC low-rate / high-rate are two points of the lambda_e rate-distortion sweep
hac_chen_eccv2024,2403.14530,Table 1,11,main,HAC-lowrate,Scaffold-GS,Mip-NeRF 360,average,27.53,0.807,0.238,15.26,MB,,,,,,,"HAC low-rate / high-rate are two points of the lambda_e rate-distortion sweep; low-rate is lambda_e=0.004, high-rate is lambda_e=0.001"
hac_chen_eccv2024,2403.14530,Table 1,11,main,HAC-highrate,Scaffold-GS,Mip-NeRF 360,average,27.77,0.811,0.23,21.87,MB,,,,,,,"HAC low-rate / high-rate are two points of the lambda_e rate-distortion sweep; low-rate is lambda_e=0.004, high-rate is lambda_e=0.001"
hac_chen_eccv2024,2403.14530,Table 1,11,main,3DGS,3DGS,Tanks and Temples,average,23.69,0.844,0.178,431.0,MB,,,,,,,HAC low-rate / high-rate are two points of the lambda_e rate-distortion sweep
hac_chen_eccv2024,2403.14530,Table 1,11,main,Scaffold-GS,Scaffold-GS,Tanks and Temples,average,23.96,0.853,0.177,86.5,MB,,,,,,,HAC low-rate / high-rate are two points of the lambda_e rate-distortion sweep
hac_chen_eccv2024,2403.14530,Table 1,11,main,Lee et al. (Compact 3DGS),3DGS,Tanks and Temples,average,23.32,0.831,0.201,39.43,MB,,,,,,,HAC low-rate / high-rate are two points of the lambda_e rate-distortion sweep
hac_chen_eccv2024,2403.14530,Table 1,11,main,Compressed3D,3DGS,Tanks and Temples,average,23.32,0.832,0.194,17.28,MB,,,,,,,HAC low-rate / high-rate are two points of the lambda_e rate-distortion sweep
hac_chen_eccv2024,2403.14530,Table 1,11,main,EAGLES,3DGS,Tanks and Temples,average,23.41,0.84,0.2,34.0,MB,,,,,,,HAC low-rate / high-rate are two points of the lambda_e rate-distortion sweep
hac_chen_eccv2024,2403.14530,Table 1,11,main,LightGaussian,3DGS,Tanks and Temples,average,22.83,0.822,0.242,22.43,MB,,,,,,,HAC low-rate / high-rate are two points of the lambda_e rate-distortion sweep
hac_chen_eccv2024,2403.14530,Table 1,11,main,Morgenstern et al. (Self-Organizing Gaussians),3DGS,Tanks and Temples,average,22.78,0.817,0.211,13.05,MB,,,,,,,HAC low-rate / high-rate are two points of the lambda_e rate-distortion sweep
hac_chen_eccv2024,2403.14530,Table 1,11,main,Navaneet et al. (Compact3D),3DGS,Tanks and Temples,average,23.47,0.84,0.188,27.97,MB,,,,,,,HAC low-rate / high-rate are two points of the lambda_e rate-distortion sweep
hac_chen_eccv2024,2403.14530,Table 1,11,main,HAC-lowrate,Scaffold-GS,Tanks and Temples,average,24.04,0.846,0.187,8.1,MB,,,,,,,"HAC low-rate / high-rate are two points of the lambda_e rate-distortion sweep; low-rate is lambda_e=0.004, high-rate is lambda_e=0.001"
hac_chen_eccv2024,2403.14530,Table 1,11,main,HAC-highrate,Scaffold-GS,Tanks and Temples,average,24.4,0.853,0.177,11.24,MB,,,,,,,"HAC low-rate / high-rate are two points of the lambda_e rate-distortion sweep; low-rate is lambda_e=0.004, high-rate is lambda_e=0.001"
hac_chen_eccv2024,2403.14530,Table 1,11,main,3DGS,3DGS,Deep Blending,average,29.42,0.899,0.247,663.9,MB,,,,,,,HAC low-rate / high-rate are two points of the lambda_e rate-distortion sweep
hac_chen_eccv2024,2403.14530,Table 1,11,main,Scaffold-GS,Scaffold-GS,Deep Blending,average,30.21,0.906,0.254,66.0,MB,,,,,,,HAC low-rate / high-rate are two points of the lambda_e rate-distortion sweep
hac_chen_eccv2024,2403.14530,Table 1,11,main,Lee et al. (Compact 3DGS),3DGS,Deep Blending,average,29.79,0.901,0.258,43.21,MB,,,,,,,HAC low-rate / high-rate are two points of the lambda_e rate-distortion sweep
hac_chen_eccv2024,2403.14530,Table 1,11,main,Compressed3D,3DGS,Deep Blending,average,29.38,0.898,0.253,25.3,MB,,,,,,,HAC low-rate / high-rate are two points of the lambda_e rate-distortion sweep
hac_chen_eccv2024,2403.14530,Table 1,11,main,EAGLES,3DGS,Deep Blending,average,29.91,0.91,0.25,62.0,MB,,,,,,,HAC low-rate / high-rate are two points of the lambda_e rate-distortion sweep
hac_chen_eccv2024,2403.14530,Table 1,11,main,LightGaussian,3DGS,Deep Blending,average,27.01,0.872,0.308,33.94,MB,,,,,,,HAC low-rate / high-rate are two points of the lambda_e rate-distortion sweep
hac_chen_eccv2024,2403.14530,Table 1,11,main,Morgenstern et al. (Self-Organizing Gaussians),3DGS,Deep Blending,average,28.92,0.891,0.276,8.4,MB,,,,,,,HAC low-rate / high-rate are two points of the lambda_e rate-distortion sweep
hac_chen_eccv2024,2403.14530,Table 1,11,main,Navaneet et al. (Compact3D),3DGS,Deep Blending,average,29.75,0.903,0.247,42.77,MB,,,,,,,HAC low-rate / high-rate are two points of the lambda_e rate-distortion sweep
hac_chen_eccv2024,2403.14530,Table 1,11,main,HAC-lowrate,Scaffold-GS,Deep Blending,average,29.98,0.902,0.269,4.35,MB,,,,,,,"HAC low-rate / high-rate are two points of the lambda_e rate-distortion sweep; low-rate is lambda_e=0.004, high-rate is lambda_e=0.001"
hac_chen_eccv2024,2403.14530,Table 1,11,main,HAC-highrate,Scaffold-GS,Deep Blending,average,30.34,0.906,0.258,6.35,MB,,,,,,,"HAC low-rate / high-rate are two points of the lambda_e rate-distortion sweep; low-rate is lambda_e=0.004, high-rate is lambda_e=0.001"
hac_chen_eccv2024,2403.14530,Table 1,11,main,3DGS,3DGS,BungeeNeRF,average,24.87,0.841,0.205,1616,MB,,,,,,,HAC low-rate / high-rate are two points of the lambda_e rate-distortion sweep
hac_chen_eccv2024,2403.14530,Table 1,11,main,Scaffold-GS,Scaffold-GS,BungeeNeRF,average,26.62,0.865,0.241,183.0,MB,,,,,,,HAC low-rate / high-rate are two points of the lambda_e rate-distortion sweep
hac_chen_eccv2024,2403.14530,Table 1,11,main,Lee et al. (Compact 3DGS),3DGS,BungeeNeRF,average,23.36,0.788,0.251,82.6,MB,,,,,,,HAC low-rate / high-rate are two points of the lambda_e rate-distortion sweep
hac_chen_eccv2024,2403.14530,Table 1,11,main,Compressed3D,3DGS,BungeeNeRF,average,24.13,0.802,0.245,55.79,MB,,,,,,,HAC low-rate / high-rate are two points of the lambda_e rate-distortion sweep
hac_chen_eccv2024,2403.14530,Table 1,11,main,EAGLES,3DGS,BungeeNeRF,average,25.24,0.843,0.221,117.1,MB,,,,,,,HAC low-rate / high-rate are two points of the lambda_e rate-distortion sweep
hac_chen_eccv2024,2403.14530,Table 1,11,main,LightGaussian,3DGS,BungeeNeRF,average,24.52,0.825,0.255,87.28,MB,,,,,,,HAC low-rate / high-rate are two points of the lambda_e rate-distortion sweep
hac_chen_eccv2024,2403.14530,Table 1,11,main,Navaneet et al. (Compact3D),3DGS,BungeeNeRF,average,24.63,0.823,0.239,104.3,MB,,,,,,,HAC low-rate / high-rate are two points of the lambda_e rate-distortion sweep
hac_chen_eccv2024,2403.14530,Table 1,11,main,HAC-lowrate,Scaffold-GS,BungeeNeRF,average,26.48,0.845,0.25,18.49,MB,,,,,,,"HAC low-rate / high-rate are two points of the lambda_e rate-distortion sweep; low-rate is lambda_e=0.004, high-rate is lambda_e=0.001"
hac_chen_eccv2024,2403.14530,Table 1,11,main,HAC-highrate,Scaffold-GS,BungeeNeRF,average,27.08,0.872,0.209,29.72,MB,,,,,,,"HAC low-rate / high-rate are two points of the lambda_e rate-distortion sweep; low-rate is lambda_e=0.004, high-rate is lambda_e=0.001"
hac_chen_eccv2024,2403.14530,Table B,20,supplement,HAC,Scaffold-GS,NeRF Synthetic,chair,34.02,0.981,0.018,0.82,MB,,,,,,,rate-distortion sweep point lambda_e=0.004
hac_chen_eccv2024,2403.14530,Table B,20,supplement,HAC,Scaffold-GS,NeRF Synthetic,drums,26.2,0.95,0.044,1.23,MB,,,,,,,rate-distortion sweep point lambda_e=0.004
hac_chen_eccv2024,2403.14530,Table B,20,supplement,HAC,Scaffold-GS,NeRF Synthetic,ficus,34.27,0.983,0.016,0.71,MB,,,,,,,rate-distortion sweep point lambda_e=0.004
hac_chen_eccv2024,2403.14530,Table B,20,supplement,HAC,Scaffold-GS,NeRF Synthetic,hotdog,36.44,0.979,0.033,0.51,MB,,,,,,,rate-distortion sweep point lambda_e=0.004
hac_chen_eccv2024,2403.14530,Table B,20,supplement,HAC,Scaffold-GS,NeRF Synthetic,lego,34.25,0.976,0.027,0.97,MB,,,,,,,rate-distortion sweep point lambda_e=0.004
hac_chen_eccv2024,2403.14530,Table B,20,supplement,HAC,Scaffold-GS,NeRF Synthetic,materials,30.2,0.959,0.045,1.07,MB,,,,,,,rate-distortion sweep point lambda_e=0.004
hac_chen_eccv2024,2403.14530,Table B,20,supplement,HAC,Scaffold-GS,NeRF Synthetic,mic,35.39,0.989,0.011,0.55,MB,,,,,,,rate-distortion sweep point lambda_e=0.004
hac_chen_eccv2024,2403.14530,Table B,20,supplement,HAC,Scaffold-GS,NeRF Synthetic,ship,31.24,0.902,0.124,1.82,MB,,,,,,,rate-distortion sweep point lambda_e=0.004
hac_chen_eccv2024,2403.14530,Table B,20,supplement,HAC,Scaffold-GS,NeRF Synthetic,average,32.75,0.965,0.04,0.96,MB,,,,,,,rate-distortion sweep point lambda_e=0.004
hac_chen_eccv2024,2403.14530,Table B,20,supplement,HAC,Scaffold-GS,NeRF Synthetic,chair,34.33,0.982,0.017,0.89,MB,,,,,,,rate-distortion sweep point lambda_e=0.003
hac_chen_eccv2024,2403.14530,Table B,20,supplement,HAC,Scaffold-GS,NeRF Synthetic,drums,26.26,0.951,0.043,1.42,MB,,,,,,,rate-distortion sweep point lambda_e=0.003
hac_chen_eccv2024,2403.14530,Table B,20,supplement,HAC,Scaffold-GS,NeRF Synthetic,ficus,34.57,0.984,0.015,0.82,MB,,,,,,,rate-distortion sweep point lambda_e=0.003
hac_chen_eccv2024,2403.14530,Table B,20,supplement,HAC,Scaffold-GS,NeRF Synthetic,hotdog,36.7,0.98,0.031,0.54,MB,,,,,,,rate-distortion sweep point lambda_e=0.003
hac_chen_eccv2024,2403.14530,Table B,20,supplement,HAC,Scaffold-GS,NeRF Synthetic,lego,34.65,0.977,0.024,1.07,MB,,,,,,,rate-distortion sweep point lambda_e=0.003
hac_chen_eccv2024,2403.14530,Table B,20,supplement,HAC,Scaffold-GS,NeRF Synthetic,materials,30.29,0.96,0.043,1.2,MB,,,,,,,rate-distortion sweep point lambda_e=0.003
hac_chen_eccv2024,2403.14530,Table B,20,supplement,HAC,Scaffold-GS,NeRF Synthetic,mic,35.62,0.99,0.01,0.62,MB,,,,,,,rate-distortion sweep point lambda_e=0.003
hac_chen_eccv2024,2403.14530,Table B,20,supplement,HAC,Scaffold-GS,NeRF Synthetic,ship,31.32,0.903,0.121,1.86,MB,,,,,,,rate-distortion sweep point lambda_e=0.003
hac_chen_eccv2024,2403.14530,Table B,20,supplement,HAC,Scaffold-GS,NeRF Synthetic,average,32.97,0.966,0.038,1.05,MB,,,,,,,rate-distortion sweep point lambda_e=0.003
hac_chen_eccv2024,2403.14530,Table B,20,supplement,HAC,Scaffold-GS,NeRF Synthetic,chair,34.73,0.984,0.016,1.03,MB,,,,,,,rate-distortion sweep point lambda_e=0.002
hac_chen_eccv2024,2403.14530,Table B,20,supplement,HAC,Scaffold-GS,NeRF Synthetic,drums,26.32,0.952,0.043,1.45,MB,,,,,,,rate-distortion sweep point lambda_e=0.002
hac_chen_eccv2024,2403.14530,Table B,20,supplement,HAC,Scaffold-GS,NeRF Synthetic,ficus,34.9,0.985,0.014,0.94,MB,,,,,,,rate-distortion sweep point lambda_e=0.002
hac_chen_eccv2024,2403.14530,Table B,20,supplement,HAC,Scaffold-GS,NeRF Synthetic,hotdog,37.11,0.981,0.029,0.64,MB,,,,,,,rate-distortion sweep point lambda_e=0.002
hac_chen_eccv2024,2403.14530,Table B,20,supplement,HAC,Scaffold-GS,NeRF Synthetic,lego,35.04,0.979,0.022,1.25,MB,,,,,,,rate-distortion sweep point lambda_e=0.002
hac_chen_eccv2024,2403.14530,Table B,20,supplement,HAC,Scaffold-GS,NeRF Synthetic,materials,30.53,0.961,0.041,1.45,MB,,,,,,,rate-distortion sweep point lambda_e=0.002
hac_chen_eccv2024,2403.14530,Table B,20,supplement,HAC,Scaffold-GS,NeRF Synthetic,mic,35.92,0.99,0.01,0.67,MB,,,,,,,rate-distortion sweep point lambda_e=0.002
hac_chen_eccv2024,2403.14530,Table B,20,supplement,HAC,Scaffold-GS,NeRF Synthetic,ship,31.38,0.903,0.119,1.99,MB,,,,,,,rate-distortion sweep point lambda_e=0.002
hac_chen_eccv2024,2403.14530,Table B,20,supplement,HAC,Scaffold-GS,NeRF Synthetic,average,33.24,0.967,0.037,1.18,MB,,,,,,,rate-distortion sweep point lambda_e=0.002
hac_chen_eccv2024,2403.14530,Table B,20,supplement,HAC,Scaffold-GS,NeRF Synthetic,chair,35.21,0.985,0.014,1.32,MB,,,,,,,rate-distortion sweep point lambda_e=0.001
hac_chen_eccv2024,2403.14530,Table B,20,supplement,HAC,Scaffold-GS,NeRF Synthetic,drums,26.38,0.952,0.041,1.95,MB,,,,,,,rate-distortion sweep point lambda_e=0.001
hac_chen_eccv2024,2403.14530,Table B,20,supplement,HAC,Scaffold-GS,NeRF Synthetic,ficus,35.37,0.986,0.013,1.2,MB,,,,,,,rate-distortion sweep point lambda_e=0.001
hac_chen_eccv2024,2403.14530,Table B,20,supplement,HAC,Scaffold-GS,NeRF Synthetic,hotdog,37.47,0.983,0.026,0.79,MB,,,,,,,rate-distortion sweep point lambda_e=0.001
hac_chen_eccv2024,2403.14530,Table B,20,supplement,HAC,Scaffold-GS,NeRF Synthetic,lego,35.51,0.981,0.019,1.61,MB,,,,,,,rate-distortion sweep point lambda_e=0.001
hac_chen_eccv2024,2403.14530,Table B,20,supplement,HAC,Scaffold-GS,NeRF Synthetic,materials,30.58,0.961,0.04,1.62,MB,,,,,,,rate-distortion sweep point lambda_e=0.001
hac_chen_eccv2024,2403.14530,Table B,20,supplement,HAC,Scaffold-GS,NeRF Synthetic,mic,36.25,0.991,0.009,0.81,MB,,,,,,,rate-distortion sweep point lambda_e=0.001
hac_chen_eccv2024,2403.14530,Table B,20,supplement,HAC,Scaffold-GS,NeRF Synthetic,ship,31.48,0.904,0.116,2.5,MB,,,,,,,rate-distortion sweep point lambda_e=0.001
hac_chen_eccv2024,2403.14530,Table B,20,supplement,HAC,Scaffold-GS,NeRF Synthetic,average,33.53,0.968,0.035,1.47,MB,,,,,,,rate-distortion sweep point lambda_e=0.001
hac_chen_eccv2024,2403.14530,Table B,20,supplement,HAC,Scaffold-GS,NeRF Synthetic,chair,35.49,0.986,0.013,1.67,MB,,,,,,,rate-distortion sweep point lambda_e=0.0005
hac_chen_eccv2024,2403.14530,Table B,20,supplement,HAC,Scaffold-GS,NeRF Synthetic,drums,26.45,0.952,0.041,2.32,MB,,,,,,,rate-distortion sweep point lambda_e=0.0005
hac_chen_eccv2024,2403.14530,Table B,20,supplement,HAC,Scaffold-GS,NeRF Synthetic,ficus,35.3,0.986,0.013,1.53,MB,,,,,,,rate-distortion sweep point lambda_e=0.0005
hac_chen_eccv2024,2403.14530,Table B,20,supplement,HAC,Scaffold-GS,NeRF Synthetic,hotdog,37.87,0.984,0.024,0.97,MB,,,,,,,rate-distortion sweep point lambda_e=0.0005
hac_chen_eccv2024,2403.14530,Table B,20,supplement,HAC,Scaffold-GS,NeRF Synthetic,lego,35.67,0.981,0.019,1.9,MB,,,,,,,rate-distortion sweep point lambda_e=0.0005
hac_chen_eccv2024,2403.14530,Table B,20,supplement,HAC,Scaffold-GS,NeRF Synthetic,materials,30.7,0.962,0.039,2.07,MB,,,,,,,rate-distortion sweep point lambda_e=0.0005
hac_chen_eccv2024,2403.14530,Table B,20,supplement,HAC,Scaffold-GS,NeRF Synthetic,mic,36.71,0.992,0.008,1.01,MB,,,,,,,rate-distortion sweep point lambda_e=0.0005
hac_chen_eccv2024,2403.14530,Table B,20,supplement,HAC,Scaffold-GS,NeRF Synthetic,ship,31.52,0.904,0.115,3.39,MB,,,,,,,rate-distortion sweep point lambda_e=0.0005
hac_chen_eccv2024,2403.14530,Table B,20,supplement,HAC,Scaffold-GS,NeRF Synthetic,average,33.71,0.968,0.034,1.86,MB,,,,,,,rate-distortion sweep point lambda_e=0.0005
hac_chen_eccv2024,2403.14530,Table C,22,supplement,HAC,Scaffold-GS,Mip-NeRF 360,bicycle,25.05,0.742,0.264,27.54,MB,,,,,,,rate-distortion sweep point lambda_e=0.004
hac_chen_eccv2024,2403.14530,Table C,22,supplement,HAC,Scaffold-GS,Mip-NeRF 360,garden,27.28,0.842,0.151,22.69,MB,,,,,,,rate-distortion sweep point lambda_e=0.004
hac_chen_eccv2024,2403.14530,Table C,22,supplement,HAC,Scaffold-GS,Mip-NeRF 360,stump,26.58,0.762,0.269,18.11,MB,,,,,,,rate-distortion sweep point lambda_e=0.004
hac_chen_eccv2024,2403.14530,Table C,22,supplement,HAC,Scaffold-GS,Mip-NeRF 360,room,31.55,0.921,0.208,5.53,MB,,,,,,,rate-distortion sweep point lambda_e=0.004
hac_chen_eccv2024,2403.14530,Table C,22,supplement,HAC,Scaffold-GS,Mip-NeRF 360,counter,29.35,0.911,0.195,7.26,MB,,,,,,,rate-distortion sweep point lambda_e=0.004
hac_chen_eccv2024,2403.14530,Table C,22,supplement,HAC,Scaffold-GS,Mip-NeRF 360,kitchen,31.16,0.923,0.131,8.05,MB,,,,,,,rate-distortion sweep point lambda_e=0.004
hac_chen_eccv2024,2403.14530,Table C,22,supplement,HAC,Scaffold-GS,Mip-NeRF 360,bonsai,32.28,0.942,0.189,8.56,MB,,,,,,,rate-distortion sweep point lambda_e=0.004
hac_chen_eccv2024,2403.14530,Table C,22,supplement,HAC,Scaffold-GS,Mip-NeRF 360,flowers,21.26,0.572,0.381,19.59,MB,,,,,,,rate-distortion sweep point lambda_e=0.004
hac_chen_eccv2024,2403.14530,Table C,22,supplement,HAC,Scaffold-GS,Mip-NeRF 360,treehill,23.3,0.645,0.356,20.04,MB,,,,,,,rate-distortion sweep point lambda_e=0.004
hac_chen_eccv2024,2403.14530,Table C,22,supplement,HAC,Scaffold-GS,Mip-NeRF 360,average,27.53,0.807,0.238,15.26,MB,,,,,,,rate-distortion sweep point lambda_e=0.004
hac_chen_eccv2024,2403.14530,Table C,22,supplement,HAC,Scaffold-GS,Mip-NeRF 360,bicycle,25.05,0.742,0.261,30.02,MB,,,,,,,rate-distortion sweep point lambda_e=0.003
hac_chen_eccv2024,2403.14530,Table C,22,supplement,HAC,Scaffold-GS,Mip-NeRF 360,garden,27.36,0.844,0.148,24.62,MB,,,,,,,rate-distortion sweep point lambda_e=0.003
hac_chen_eccv2024,2403.14530,Table C,22,supplement,HAC,Scaffold-GS,Mip-NeRF 360,stump,26.64,0.763,0.265,19.85,MB,,,,,,,rate-distortion sweep point lambda_e=0.003
hac_chen_eccv2024,2403.14530,Table C,22,supplement,HAC,Scaffold-GS,Mip-NeRF 360,room,31.71,0.922,0.206,5.72,MB,,,,,,,rate-distortion sweep point lambda_e=0.003
hac_chen_eccv2024,2403.14530,Table C,22,supplement,HAC,Scaffold-GS,Mip-NeRF 360,counter,29.54,0.913,0.191,7.93,MB,,,,,,,rate-distortion sweep point lambda_e=0.003
hac_chen_eccv2024,2403.14530,Table C,22,supplement,HAC,Scaffold-GS,Mip-NeRF 360,kitchen,31.22,0.925,0.128,8.84,MB,,,,,,,rate-distortion sweep point lambda_e=0.003
hac_chen_eccv2024,2403.14530,Table C,22,supplement,HAC,Scaffold-GS,Mip-NeRF 360,bonsai,32.5,0.944,0.186,9.4,MB,,,,,,,rate-distortion sweep point lambda_e=0.003
hac_chen_eccv2024,2403.14530,Table C,22,supplement,HAC,Scaffold-GS,Mip-NeRF 360,flowers,21.26,0.571,0.383,20.67,MB,,,,,,,rate-distortion sweep point lambda_e=0.003
hac_chen_eccv2024,2403.14530,Table C,22,supplement,HAC,Scaffold-GS,Mip-NeRF 360,treehill,23.26,0.645,0.356,22.08,MB,,,,,,,rate-distortion sweep point lambda_e=0.003
hac_chen_eccv2024,2403.14530,Table C,22,supplement,HAC,Scaffold-GS,Mip-NeRF 360,average,27.62,0.808,0.236,16.57,MB,,,,,,,rate-distortion sweep point lambda_e=0.003
hac_chen_eccv2024,2403.14530,Table C,22,supplement,HAC,Scaffold-GS,Mip-NeRF 360,bicycle,25.1,0.742,0.262,33.14,MB,,,,,,,rate-distortion sweep point lambda_e=0.002
hac_chen_eccv2024,2403.14530,Table C,22,supplement,HAC,Scaffold-GS,Mip-NeRF 360,garden,27.43,0.847,0.143,27.52,MB,,,,,,,rate-distortion sweep point lambda_e=0.002
hac_chen_eccv2024,2403.14530,Table C,22,supplement,HAC,Scaffold-GS,Mip-NeRF 360,stump,26.59,0.761,0.268,21.75,MB,,,,,,,rate-distortion sweep point lambda_e=0.002
hac_chen_eccv2024,2403.14530,Table C,22,supplement,HAC,Scaffold-GS,Mip-NeRF 360,room,31.87,0.925,0.201,6.47,MB,,,,,,,rate-distortion sweep point lambda_e=0.002
hac_chen_eccv2024,2403.14530,Table C,22,supplement,HAC,Scaffold-GS,Mip-NeRF 360,counter,29.65,0.915,0.189,8.88,MB,,,,,,,rate-distortion sweep point lambda_e=0.002
hac_chen_eccv2024,2403.14530,Table C,22,supplement,HAC,Scaffold-GS,Mip-NeRF 360,kitchen,31.46,0.928,0.125,10.05,MB,,,,,,,rate-distortion sweep point lambda_e=0.002
hac_chen_eccv2024,2403.14530,Table C,22,supplement,HAC,Scaffold-GS,Mip-NeRF 360,bonsai,32.7,0.945,0.184,10.51,MB,,,,,,,rate-distortion sweep point lambda_e=0.002
hac_chen_eccv2024,2403.14530,Table C,22,supplement,HAC,Scaffold-GS,Mip-NeRF 360,flowers,21.32,0.576,0.377,23.73,MB,,,,,,,rate-distortion sweep point lambda_e=0.002
hac_chen_eccv2024,2403.14530,Table C,22,supplement,HAC,Scaffold-GS,Mip-NeRF 360,treehill,23.34,0.647,0.35,24.83,MB,,,,,,,rate-distortion sweep point lambda_e=0.002
hac_chen_eccv2024,2403.14530,Table C,22,supplement,HAC,Scaffold-GS,Mip-NeRF 360,average,27.72,0.809,0.233,18.54,MB,,,,,,,rate-distortion sweep point lambda_e=0.002
hac_chen_eccv2024,2403.14530,Table C,22,supplement,HAC,Scaffold-GS,Mip-NeRF 360,bicycle,25.11,0.742,0.259,39.15,MB,,,,,,,rate-distortion sweep point lambda_e=0.001
hac_chen_eccv2024,2403.14530,Table C,22,supplement,HAC,Scaffold-GS,Mip-NeRF 360,garden,27.46,0.849,0.139,32.17,MB,,,,,,,rate-distortion sweep point lambda_e=0.001
hac_chen_eccv2024,2403.14530,Table C,22,supplement,HAC,Scaffold-GS,Mip-NeRF 360,stump,26.59,0.763,0.264,25.26,MB,,,,,,,rate-distortion sweep point lambda_e=0.001
hac_chen_eccv2024,2403.14530,Table C,22,supplement,HAC,Scaffold-GS,Mip-NeRF 360,room,31.9,0.926,0.198,7.85,MB,,,,,,,rate-distortion sweep point lambda_e=0.001
hac_chen_eccv2024,2403.14530,Table C,22,supplement,HAC,Scaffold-GS,Mip-NeRF 360,counter,29.74,0.918,0.184,10.44,MB,,,,,,,rate-distortion sweep point lambda_e=0.001
hac_chen_eccv2024,2403.14530,Table C,22,supplement,HAC,Scaffold-GS,Mip-NeRF 360,kitchen,31.63,0.93,0.122,12.07,MB,,,,,,,rate-distortion sweep point lambda_e=0.001
hac_chen_eccv2024,2403.14530,Table C,22,supplement,HAC,Scaffold-GS,Mip-NeRF 360,bonsai,32.97,0.948,0.18,12.72,MB,,,,,,,rate-distortion sweep point lambda_e=0.001
hac_chen_eccv2024,2403.14530,Table C,22,supplement,HAC,Scaffold-GS,Mip-NeRF 360,flowers,21.27,0.575,0.377,27.55,MB,,,,,,,rate-distortion sweep point lambda_e=0.001
hac_chen_eccv2024,2403.14530,Table C,22,supplement,HAC,Scaffold-GS,Mip-NeRF 360,treehill,23.26,0.648,0.345,29.65,MB,,,,,,,rate-distortion sweep point lambda_e=0.001
hac_chen_eccv2024,2403.14530,Table C,22,supplement,HAC,Scaffold-GS,Mip-NeRF 360,average,27.77,0.811,0.23,21.87,MB,,,,,,,rate-distortion sweep point lambda_e=0.001
hac_chen_eccv2024,2403.14530,Table C,22,supplement,HAC,Scaffold-GS,Mip-NeRF 360,bicycle,25.05,0.742,0.258,44.01,MB,,,,,,,rate-distortion sweep point lambda_e=0.0005
hac_chen_eccv2024,2403.14530,Table C,22,supplement,HAC,Scaffold-GS,Mip-NeRF 360,garden,27.5,0.85,0.139,36.27,MB,,,,,,,rate-distortion sweep point lambda_e=0.0005
hac_chen_eccv2024,2403.14530,Table C,22,supplement,HAC,Scaffold-GS,Mip-NeRF 360,stump,26.57,0.762,0.264,28.93,MB,,,,,,,rate-distortion sweep point lambda_e=0.0005
hac_chen_eccv2024,2403.14530,Table C,22,supplement,HAC,Scaffold-GS,Mip-NeRF 360,room,32.19,0.929,0.194,9.16,MB,,,,,,,rate-distortion sweep point lambda_e=0.0005
hac_chen_eccv2024,2403.14530,Table C,22,supplement,HAC,Scaffold-GS,Mip-NeRF 360,counter,29.75,0.918,0.185,12.22,MB,,,,,,,rate-distortion sweep point lambda_e=0.0005
hac_chen_eccv2024,2403.14530,Table C,22,supplement,HAC,Scaffold-GS,Mip-NeRF 360,kitchen,31.81,0.931,0.12,13.96,MB,,,,,,,rate-distortion sweep point lambda_e=0.0005
hac_chen_eccv2024,2403.14530,Table C,22,supplement,HAC,Scaffold-GS,Mip-NeRF 360,bonsai,33.16,0.949,0.178,14.9,MB,,,,,,,rate-distortion sweep point lambda_e=0.0005
hac_chen_eccv2024,2403.14530,Table C,22,supplement,HAC,Scaffold-GS,Mip-NeRF 360,flowers,21.28,0.575,0.376,31.24,MB,,,,,,,rate-distortion sweep point lambda_e=0.0005
hac_chen_eccv2024,2403.14530,Table C,22,supplement,HAC,Scaffold-GS,Mip-NeRF 360,treehill,23.22,0.646,0.346,34.42,MB,,,,,,,rate-distortion sweep point lambda_e=0.0005
hac_chen_eccv2024,2403.14530,Table C,22,supplement,HAC,Scaffold-GS,Mip-NeRF 360,average,27.83,0.811,0.229,25.01,MB,,,,,,,rate-distortion sweep point lambda_e=0.0005
hac_chen_eccv2024,2403.14530,Table D,23,supplement,HAC,Scaffold-GS,Tanks and Temples,truck,25.88,0.878,0.158,9.26,MB,,,,,,,rate-distortion sweep point lambda_e=0.004
hac_chen_eccv2024,2403.14530,Table D,23,supplement,HAC,Scaffold-GS,Tanks and Temples,train,22.19,0.815,0.216,6.94,MB,,,,,,,rate-distortion sweep point lambda_e=0.004
hac_chen_eccv2024,2403.14530,Table D,23,supplement,HAC,Scaffold-GS,Tanks and Temples,average,24.04,0.846,0.187,8.1,MB,,,,,,,rate-distortion sweep point lambda_e=0.004
hac_chen_eccv2024,2403.14530,Table D,23,supplement,HAC,Scaffold-GS,Tanks and Temples,truck,25.99,0.88,0.153,9.8,MB,,,,,,,rate-distortion sweep point lambda_e=0.003
hac_chen_eccv2024,2403.14530,Table D,23,supplement,HAC,Scaffold-GS,Tanks and Temples,train,22.49,0.817,0.213,7.59,MB,,,,,,,rate-distortion sweep point lambda_e=0.003
hac_chen_eccv2024,2403.14530,Table D,23,supplement,HAC,Scaffold-GS,Tanks and Temples,average,24.24,0.849,0.183,8.7,MB,,,,,,,rate-distortion sweep point lambda_e=0.003
hac_chen_eccv2024,2403.14530,Table D,23,supplement,HAC,Scaffold-GS,Tanks and Temples,truck,25.99,0.881,0.153,11.15,MB,,,,,,,rate-distortion sweep point lambda_e=0.002
hac_chen_eccv2024,2403.14530,Table D,23,supplement,HAC,Scaffold-GS,Tanks and Temples,train,22.66,0.819,0.21,8.64,MB,,,,,,,rate-distortion sweep point lambda_e=0.002
hac_chen_eccv2024,2403.14530,Table D,23,supplement,HAC,Scaffold-GS,Tanks and Temples,average,24.33,0.85,0.181,9.9,MB,,,,,,,rate-distortion sweep point lambda_e=0.002
hac_chen_eccv2024,2403.14530,Table D,23,supplement,HAC,Scaffold-GS,Tanks and Temples,truck,26.02,0.883,0.147,12.42,MB,,,,,,,rate-distortion sweep point lambda_e=0.001
hac_chen_eccv2024,2403.14530,Table D,23,supplement,HAC,Scaffold-GS,Tanks and Temples,train,22.78,0.823,0.207,10.07,MB,,,,,,,rate-distortion sweep point lambda_e=0.001
hac_chen_eccv2024,2403.14530,Table D,23,supplement,HAC,Scaffold-GS,Tanks and Temples,average,24.4,0.853,0.177,11.24,MB,,,,,,,rate-distortion sweep point lambda_e=0.001
hac_chen_eccv2024,2403.14530,Table D,23,supplement,HAC,Scaffold-GS,Tanks and Temples,truck,26.0,0.883,0.146,15.12,MB,,,,,,,rate-distortion sweep point lambda_e=0.0005
hac_chen_eccv2024,2403.14530,Table D,23,supplement,HAC,Scaffold-GS,Tanks and Temples,train,22.49,0.823,0.206,11.19,MB,,,,,,,rate-distortion sweep point lambda_e=0.0005
hac_chen_eccv2024,2403.14530,Table D,23,supplement,HAC,Scaffold-GS,Tanks and Temples,average,24.25,0.853,0.176,13.16,MB,,,,,,,rate-distortion sweep point lambda_e=0.0005
hac_chen_eccv2024,2403.14530,Table E,23,supplement,HAC,Scaffold-GS,Deep Blending,playroom,30.44,0.902,0.272,3.15,MB,,,,,,,rate-distortion sweep point lambda_e=0.004
hac_chen_eccv2024,2403.14530,Table E,23,supplement,HAC,Scaffold-GS,Deep Blending,drjohnson,29.53,0.903,0.265,5.55,MB,,,,,,,rate-distortion sweep point lambda_e=0.004
hac_chen_eccv2024,2403.14530,Table E,23,supplement,HAC,Scaffold-GS,Deep Blending,average,29.98,0.902,0.269,4.35,MB,,,,,,,rate-distortion sweep point lambda_e=0.004
hac_chen_eccv2024,2403.14530,Table E,23,supplement,HAC,Scaffold-GS,Deep Blending,playroom,30.61,0.903,0.269,3.66,MB,,,,,,,rate-distortion sweep point lambda_e=0.003
hac_chen_eccv2024,2403.14530,Table E,23,supplement,HAC,Scaffold-GS,Deep Blending,drjohnson,29.67,0.904,0.261,5.71,MB,,,,,,,rate-distortion sweep point lambda_e=0.003
hac_chen_eccv2024,2403.14530,Table E,23,supplement,HAC,Scaffold-GS,Deep Blending,average,30.14,0.903,0.265,4.69,MB,,,,,,,rate-distortion sweep point lambda_e=0.003
hac_chen_eccv2024,2403.14530,Table E,23,supplement,HAC,Scaffold-GS,Deep Blending,playroom,30.66,0.905,0.265,4.12,MB,,,,,,,rate-distortion sweep point lambda_e=0.002
hac_chen_eccv2024,2403.14530,Table E,23,supplement,HAC,Scaffold-GS,Deep Blending,drjohnson,29.69,0.905,0.258,6.51,MB,,,,,,,rate-distortion sweep point lambda_e=0.002
hac_chen_eccv2024,2403.14530,Table E,23,supplement,HAC,Scaffold-GS,Deep Blending,average,30.17,0.905,0.262,5.32,MB,,,,,,,rate-distortion sweep point lambda_e=0.002
hac_chen_eccv2024,2403.14530,Table E,23,supplement,HAC,Scaffold-GS,Deep Blending,playroom,30.84,0.906,0.262,5.03,MB,,,,,,,rate-distortion sweep point lambda_e=0.001
hac_chen_eccv2024,2403.14530,Table E,23,supplement,HAC,Scaffold-GS,Deep Blending,drjohnson,29.85,0.906,0.255,7.67,MB,,,,,,,rate-distortion sweep point lambda_e=0.001
hac_chen_eccv2024,2403.14530,Table E,23,supplement,HAC,Scaffold-GS,Deep Blending,average,30.34,0.906,0.258,6.35,MB,,,,,,,rate-distortion sweep point lambda_e=0.001
hac_chen_eccv2024,2403.14530,Table E,23,supplement,HAC,Scaffold-GS,Deep Blending,playroom,30.66,0.906,0.259,6.08,MB,,,,,,,rate-distortion sweep point lambda_e=0.0005
hac_chen_eccv2024,2403.14530,Table E,23,supplement,HAC,Scaffold-GS,Deep Blending,drjohnson,29.76,0.906,0.255,9.09,MB,,,,,,,rate-distortion sweep point lambda_e=0.0005
hac_chen_eccv2024,2403.14530,Table E,23,supplement,HAC,Scaffold-GS,Deep Blending,average,30.21,0.906,0.257,7.58,MB,,,,,,,rate-distortion sweep point lambda_e=0.0005
hac_chen_eccv2024,2403.14530,Table F,24,supplement,HAC,Scaffold-GS,BungeeNeRF,amsterdam,26.8,0.865,0.224,22.49,MB,,,,,,,rate-distortion sweep point lambda_e=0.004
hac_chen_eccv2024,2403.14530,Table F,24,supplement,HAC,Scaffold-GS,BungeeNeRF,bilbao,27.65,0.864,0.231,17.14,MB,,,,,,,rate-distortion sweep point lambda_e=0.004
hac_chen_eccv2024,2403.14530,Table F,24,supplement,HAC,Scaffold-GS,BungeeNeRF,hollywood,24.25,0.748,0.347,16.55,MB,,,,,,,rate-distortion sweep point lambda_e=0.004
hac_chen_eccv2024,2403.14530,Table F,24,supplement,HAC,Scaffold-GS,BungeeNeRF,pompidou,25.16,0.829,0.266,20.4,MB,,,,,,,rate-distortion sweep point lambda_e=0.004
hac_chen_eccv2024,2403.14530,Table F,24,supplement,HAC,Scaffold-GS,BungeeNeRF,quebec,29.33,0.918,0.192,15.06,MB,,,,,,,rate-distortion sweep point lambda_e=0.004
hac_chen_eccv2024,2403.14530,Table F,24,supplement,HAC,Scaffold-GS,BungeeNeRF,rome,25.68,0.845,0.243,19.3,MB,,,,,,,rate-distortion sweep point lambda_e=0.004
hac_chen_eccv2024,2403.14530,Table F,24,supplement,HAC,Scaffold-GS,BungeeNeRF,average,26.48,0.845,0.25,18.49,MB,,,,,,,rate-distortion sweep point lambda_e=0.004
hac_chen_eccv2024,2403.14530,Table F,24,supplement,HAC,Scaffold-GS,BungeeNeRF,amsterdam,26.95,0.873,0.214,24.41,MB,,,,,,,rate-distortion sweep point lambda_e=0.003
hac_chen_eccv2024,2403.14530,Table F,24,supplement,HAC,Scaffold-GS,BungeeNeRF,bilbao,27.82,0.872,0.218,18.76,MB,,,,,,,rate-distortion sweep point lambda_e=0.003
hac_chen_eccv2024,2403.14530,Table F,24,supplement,HAC,Scaffold-GS,BungeeNeRF,hollywood,24.27,0.753,0.342,17.87,MB,,,,,,,rate-distortion sweep point lambda_e=0.003
hac_chen_eccv2024,2403.14530,Table F,24,supplement,HAC,Scaffold-GS,BungeeNeRF,pompidou,25.34,0.837,0.255,22.49,MB,,,,,,,rate-distortion sweep point lambda_e=0.003
hac_chen_eccv2024,2403.14530,Table F,24,supplement,HAC,Scaffold-GS,BungeeNeRF,quebec,29.67,0.924,0.185,16.15,MB,,,,,,,rate-distortion sweep point lambda_e=0.003
hac_chen_eccv2024,2403.14530,Table F,24,supplement,HAC,Scaffold-GS,BungeeNeRF,rome,25.98,0.855,0.231,20.83,MB,,,,,,,rate-distortion sweep point lambda_e=0.003
hac_chen_eccv2024,2403.14530,Table F,24,supplement,HAC,Scaffold-GS,BungeeNeRF,average,26.67,0.852,0.241,20.08,MB,,,,,,,rate-distortion sweep point lambda_e=0.003
hac_chen_eccv2024,2403.14530,Table F,24,supplement,HAC,Scaffold-GS,BungeeNeRF,amsterdam,27.13,0.88,0.202,27.14,MB,,,,,,,rate-distortion sweep point lambda_e=0.002
hac_chen_eccv2024,2403.14530,Table F,24,supplement,HAC,Scaffold-GS,BungeeNeRF,bilbao,28.02,0.88,0.205,20.91,MB,,,,,,,rate-distortion sweep point lambda_e=0.002
hac_chen_eccv2024,2403.14530,Table F,24,supplement,HAC,Scaffold-GS,BungeeNeRF,hollywood,24.43,0.763,0.33,20.09,MB,,,,,,,rate-distortion sweep point lambda_e=0.002
hac_chen_eccv2024,2403.14530,Table F,24,supplement,HAC,Scaffold-GS,BungeeNeRF,pompidou,25.27,0.842,0.249,24.85,MB,,,,,,,rate-distortion sweep point lambda_e=0.002
hac_chen_eccv2024,2403.14530,Table F,24,supplement,HAC,Scaffold-GS,BungeeNeRF,quebec,29.98,0.929,0.175,17.9,MB,,,,,,,rate-distortion sweep point lambda_e=0.002
hac_chen_eccv2024,2403.14530,Table F,24,supplement,HAC,Scaffold-GS,BungeeNeRF,rome,26.28,0.866,0.219,23.07,MB,,,,,,,rate-distortion sweep point lambda_e=0.002
hac_chen_eccv2024,2403.14530,Table F,24,supplement,HAC,Scaffold-GS,BungeeNeRF,average,26.85,0.86,0.23,22.33,MB,,,,,,,rate-distortion sweep point lambda_e=0.002
hac_chen_eccv2024,2403.14530,Table F,24,supplement,HAC,Scaffold-GS,BungeeNeRF,amsterdam,27.25,0.886,0.19,31.84,MB,,,,,,,rate-distortion sweep point lambda_e=0.001
hac_chen_eccv2024,2403.14530,Table F,24,supplement,HAC,Scaffold-GS,BungeeNeRF,bilbao,27.98,0.886,0.19,24.38,MB,,,,,,,rate-distortion sweep point lambda_e=0.001
hac_chen_eccv2024,2403.14530,Table F,24,supplement,HAC,Scaffold-GS,BungeeNeRF,hollywood,24.59,0.772,0.319,23.41,MB,,,,,,,rate-distortion sweep point lambda_e=0.001
hac_chen_eccv2024,2403.14530,Table F,24,supplement,HAC,Scaffold-GS,BungeeNeRF,pompidou,25.58,0.851,0.236,29.19,MB,,,,,,,rate-distortion sweep point lambda_e=0.001
hac_chen_eccv2024,2403.14530,Table F,24,supplement,HAC,Scaffold-GS,BungeeNeRF,quebec,30.3,0.934,0.163,21.23,MB,,,,,,,rate-distortion sweep point lambda_e=0.001
hac_chen_eccv2024,2403.14530,Table F,24,supplement,HAC,Scaffold-GS,BungeeNeRF,rome,26.61,0.876,0.203,26.91,MB,,,,,,,rate-distortion sweep point lambda_e=0.001
hac_chen_eccv2024,2403.14530,Table F,24,supplement,HAC,Scaffold-GS,BungeeNeRF,average,27.05,0.868,0.217,26.16,MB,,,,,,,rate-distortion sweep point lambda_e=0.001
hac_chen_eccv2024,2403.14530,Table F,24,supplement,HAC,Scaffold-GS,BungeeNeRF,amsterdam,27.24,0.891,0.18,36.31,MB,,,,,,,rate-distortion sweep point lambda_e=0.0005
hac_chen_eccv2024,2403.14530,Table F,24,supplement,HAC,Scaffold-GS,BungeeNeRF,bilbao,28.09,0.891,0.181,27.72,MB,,,,,,,rate-distortion sweep point lambda_e=0.0005
hac_chen_eccv2024,2403.14530,Table F,24,supplement,HAC,Scaffold-GS,BungeeNeRF,hollywood,24.6,0.778,0.313,26.0,MB,,,,,,,rate-distortion sweep point lambda_e=0.0005
hac_chen_eccv2024,2403.14530,Table F,24,supplement,HAC,Scaffold-GS,BungeeNeRF,pompidou,25.6,0.853,0.231,33.55,MB,,,,,,,rate-distortion sweep point lambda_e=0.0005
hac_chen_eccv2024,2403.14530,Table F,24,supplement,HAC,Scaffold-GS,BungeeNeRF,quebec,30.19,0.936,0.155,24.56,MB,,,,,,,rate-distortion sweep point lambda_e=0.0005
hac_chen_eccv2024,2403.14530,Table F,24,supplement,HAC,Scaffold-GS,BungeeNeRF,rome,26.73,0.881,0.194,30.21,MB,,,,,,,rate-distortion sweep point lambda_e=0.0005
hac_chen_eccv2024,2403.14530,Table F,24,supplement,HAC,Scaffold-GS,BungeeNeRF,average,27.08,0.872,0.209,29.72,MB,,,,,,,rate-distortion sweep point lambda_e=0.0005
hac_chen_eccv2024,2403.14530,Table G,25,supplement,3DGS,3DGS,NeRF Synthetic,chair,35.65,0.988,0.01,115.77,MB,,,,,,,baseline re-run by the HAC authors
hac_chen_eccv2024,2403.14530,Table G,25,supplement,3DGS,3DGS,NeRF Synthetic,drums,26.28,0.955,0.037,92.87,MB,,,,,,,baseline re-run by the HAC authors
hac_chen_eccv2024,2403.14530,Table G,25,supplement,3DGS,3DGS,NeRF Synthetic,ficus,35.48,0.987,0.012,64.53,MB,,,,,,,baseline re-run by the HAC authors
hac_chen_eccv2024,2403.14530,Table G,25,supplement,3DGS,3DGS,NeRF Synthetic,hotdog,38.05,0.985,0.02,43.37,MB,,,,,,,baseline re-run by the HAC authors
hac_chen_eccv2024,2403.14530,Table G,25,supplement,3DGS,3DGS,NeRF Synthetic,lego,35.98,0.982,0.017,80.53,MB,,,,,,,baseline re-run by the HAC authors
hac_chen_eccv2024,2403.14530,Table G,25,supplement,3DGS,3DGS,NeRF Synthetic,materials,30.48,0.96,0.037,38.5,MB,,,,,,,baseline re-run by the HAC authors
hac_chen_eccv2024,2403.14530,Table G,25,supplement,3DGS,3DGS,NeRF Synthetic,mic,36.76,0.993,0.006,48.31,MB,,,,,,,baseline re-run by the HAC authors
hac_chen_eccv2024,2403.14530,Table G,25,supplement,3DGS,3DGS,NeRF Synthetic,ship,31.73,0.907,0.107,63.82,MB,,,,,,,baseline re-run by the HAC authors
hac_chen_eccv2024,2403.14530,Table G,25,supplement,3DGS,3DGS,NeRF Synthetic,average,33.8,0.97,0.031,68.46,MB,,,,,,,baseline re-run by the HAC authors
hac_chen_eccv2024,2403.14530,Table G,25,supplement,3DGS,3DGS,Mip-NeRF 360,bicycle,25.11,0.746,0.245,1336.45,MB,,,,,,,baseline re-run by the HAC authors
hac_chen_eccv2024,2403.14530,Table G,25,supplement,3DGS,3DGS,Mip-NeRF 360,garden,27.3,0.856,0.122,1327.99,MB,,,,,,,baseline re-run by the HAC authors
hac_chen_eccv2024,2403.14530,Table G,25,supplement,3DGS,3DGS,Mip-NeRF 360,stump,26.66,0.77,0.242,1070.92,MB,,,,,,,baseline re-run by the HAC authors
hac_chen_eccv2024,2403.14530,Table G,25,supplement,3DGS,3DGS,Mip-NeRF 360,room,31.74,0.926,0.197,353.1,MB,,,,,,,baseline re-run by the HAC authors
hac_chen_eccv2024,2403.14530,Table G,25,supplement,3DGS,3DGS,Mip-NeRF 360,counter,29.07,0.914,0.184,277.39,MB,,,,,,,baseline re-run by the HAC authors
hac_chen_eccv2024,2403.14530,Table G,25,supplement,3DGS,3DGS,Mip-NeRF 360,kitchen,31.47,0.931,0.117,414.33,MB,,,,,,,baseline re-run by the HAC authors
hac_chen_eccv2024,2403.14530,Table G,25,supplement,3DGS,3DGS,Mip-NeRF 360,bonsai,32.12,0.946,0.181,295.33,MB,,,,,,,baseline re-run by the HAC authors
hac_chen_eccv2024,2403.14530,Table G,25,supplement,3DGS,3DGS,Mip-NeRF 360,flowers,21.36,0.588,0.36,814.24,MB,,,,,,,baseline re-run by the HAC authors
hac_chen_eccv2024,2403.14530,Table G,25,supplement,3DGS,3DGS,Mip-NeRF 360,treehill,22.62,0.636,0.347,812.63,MB,,,,,,,baseline re-run by the HAC authors
hac_chen_eccv2024,2403.14530,Table G,25,supplement,3DGS,3DGS,Mip-NeRF 360,average,27.49,0.813,0.222,744.71,MB,,,,,,,baseline re-run by the HAC authors
hac_chen_eccv2024,2403.14530,Table G,25,supplement,3DGS,3DGS,Tanks and Temples,truck,25.38,0.877,0.148,606.99,MB,,,,,,,baseline re-run by the HAC authors
hac_chen_eccv2024,2403.14530,Table G,25,supplement,3DGS,3DGS,Tanks and Temples,train,22.0,0.811,0.208,254.91,MB,,,,,,,baseline re-run by the HAC authors
hac_chen_eccv2024,2403.14530,Table G,25,supplement,3DGS,3DGS,Tanks and Temples,average,23.69,0.844,0.178,430.95,MB,,,,,,,baseline re-run by the HAC authors
hac_chen_eccv2024,2403.14530,Table G,25,supplement,3DGS,3DGS,Deep Blending,playroom,29.83,0.9,0.247,551.93,MB,,,,,,,baseline re-run by the HAC authors
hac_chen_eccv2024,2403.14530,Table G,25,supplement,3DGS,3DGS,Deep Blending,drjohnson,29.02,0.898,0.247,775.91,MB,,,,,,,baseline re-run by the HAC authors
hac_chen_eccv2024,2403.14530,Table G,25,supplement,3DGS,3DGS,Deep Blending,average,29.42,0.899,0.247,663.92,MB,,,,,,,baseline re-run by the HAC authors
hac_chen_eccv2024,2403.14530,Table G,25,supplement,3DGS,3DGS,BungeeNeRF,amsterdam,26.03,0.874,0.17,1458.14,MB,,,,,,,baseline re-run by the HAC authors
hac_chen_eccv2024,2403.14530,Table G,25,supplement,3DGS,3DGS,BungeeNeRF,bilbao,26.35,0.864,0.191,1350.37,MB,,,,,,,baseline re-run by the HAC authors
hac_chen_eccv2024,2403.14530,Table G,25,supplement,3DGS,3DGS,BungeeNeRF,hollywood,23.44,0.767,0.241,1601.76,MB,,,,,,,baseline re-run by the HAC authors
hac_chen_eccv2024,2403.14530,Table G,25,supplement,3DGS,3DGS,BungeeNeRF,pompidou,21.2,0.772,0.266,2169.21,MB,,,,,,,baseline re-run by the HAC authors
hac_chen_eccv2024,2403.14530,Table G,25,supplement,3DGS,3DGS,BungeeNeRF,quebec,28.83,0.923,0.156,1468.76,MB,,,,,,,baseline re-run by the HAC authors
hac_chen_eccv2024,2403.14530,Table G,25,supplement,3DGS,3DGS,BungeeNeRF,rome,23.34,0.848,0.206,1649.12,MB,,,,,,,baseline re-run by the HAC authors
hac_chen_eccv2024,2403.14530,Table G,25,supplement,3DGS,3DGS,BungeeNeRF,average,24.87,0.841,0.205,1616.23,MB,,,,,,,baseline re-run by the HAC authors
hac_chen_eccv2024,2403.14530,Table H,26,supplement,Scaffold-GS,Scaffold-GS,NeRF Synthetic,chair,34.96,0.985,0.013,15.5,MB,,,,,,,baseline re-run by the HAC authors
hac_chen_eccv2024,2403.14530,Table H,26,supplement,Scaffold-GS,Scaffold-GS,NeRF Synthetic,drums,26.36,0.949,0.045,26.93,MB,,,,,,,baseline re-run by the HAC authors
hac_chen_eccv2024,2403.14530,Table H,26,supplement,Scaffold-GS,Scaffold-GS,NeRF Synthetic,ficus,34.66,0.984,0.015,16.46,MB,,,,,,,baseline re-run by the HAC authors
hac_chen_eccv2024,2403.14530,Table H,26,supplement,Scaffold-GS,Scaffold-GS,NeRF Synthetic,hotdog,37.82,0.984,0.022,11.31,MB,,,,,,,baseline re-run by the HAC authors
hac_chen_eccv2024,2403.14530,Table H,26,supplement,Scaffold-GS,Scaffold-GS,NeRF Synthetic,lego,35.48,0.981,0.018,19.84,MB,,,,,,,baseline re-run by the HAC authors
hac_chen_eccv2024,2403.14530,Table H,26,supplement,Scaffold-GS,Scaffold-GS,NeRF Synthetic,materials,30.37,0.958,0.043,23.12,MB,,,,,,,baseline re-run by the HAC authors
hac_chen_eccv2024,2403.14530,Table H,26,supplement,Scaffold-GS,Scaffold-GS,NeRF Synthetic,mic,36.37,0.991,0.008,14.83,MB,,,,,,,baseline re-run by the HAC authors
hac_chen_eccv2024,2403.14530,Table H,26,supplement,Scaffold-GS,Scaffold-GS,NeRF Synthetic,ship,31.27,0.896,0.119,26.9,MB,,,,,,,baseline re-run by the HAC authors
hac_chen_eccv2024,2403.14530,Table H,26,supplement,Scaffold-GS,Scaffold-GS,NeRF Synthetic,average,33.41,0.966,0.035,19.36,MB,,,,,,,baseline re-run by the HAC authors
hac_chen_eccv2024,2403.14530,Table H,26,supplement,Scaffold-GS,Scaffold-GS,Mip-NeRF 360,bicycle,24.5,0.705,0.306,248.0,MB,,,,,,,baseline re-run by the HAC authors
hac_chen_eccv2024,2403.14530,Table H,26,supplement,Scaffold-GS,Scaffold-GS,Mip-NeRF 360,garden,27.17,0.842,0.146,271.0,MB,,,,,,,baseline re-run by the HAC authors
hac_chen_eccv2024,2403.14530,Table H,26,supplement,Scaffold-GS,Scaffold-GS,Mip-NeRF 360,stump,26.27,0.784,0.284,493.0,MB,,,,,,,baseline re-run by the HAC authors
hac_chen_eccv2024,2403.14530,Table H,26,supplement,Scaffold-GS,Scaffold-GS,Mip-NeRF 360,room,31.93,0.925,0.202,133.0,MB,,,,,,,baseline re-run by the HAC authors
hac_chen_eccv2024,2403.14530,Table H,26,supplement,Scaffold-GS,Scaffold-GS,Mip-NeRF 360,counter,29.34,0.914,0.191,194.0,MB,,,,,,,baseline re-run by the HAC authors
hac_chen_eccv2024,2403.14530,Table H,26,supplement,Scaffold-GS,Scaffold-GS,Mip-NeRF 360,kitchen,31.3,0.928,0.126,173.0,MB,,,,,,,baseline re-run by the HAC authors
hac_chen_eccv2024,2403.14530,Table H,26,supplement,Scaffold-GS,Scaffold-GS,Mip-NeRF 360,bonsai,32.7,0.946,0.185,258.0,MB,,,,,,,baseline re-run by the HAC authors
hac_chen_eccv2024,2403.14530,Table H,26,supplement,Scaffold-GS,Scaffold-GS,Mip-NeRF 360,flowers,21.14,0.566,0.417,253.0,MB,,,,,,,baseline re-run by the HAC authors
hac_chen_eccv2024,2403.14530,Table H,26,supplement,Scaffold-GS,Scaffold-GS,Mip-NeRF 360,treehill,23.19,0.642,0.41,262.0,MB,,,,,,,baseline re-run by the HAC authors
hac_chen_eccv2024,2403.14530,Table H,26,supplement,Scaffold-GS,Scaffold-GS,Mip-NeRF 360,average,27.5,0.806,0.252,253.89,MB,,,,,,,baseline re-run by the HAC authors
hac_chen_eccv2024,2403.14530,Table H,26,supplement,Scaffold-GS,Scaffold-GS,Tanks and Temples,truck,25.77,0.883,0.147,107.0,MB,,,,,,,baseline re-run by the HAC authors
hac_chen_eccv2024,2403.14530,Table H,26,supplement,Scaffold-GS,Scaffold-GS,Tanks and Temples,train,22.15,0.822,0.206,66.0,MB,,,,,,,baseline re-run by the HAC authors
hac_chen_eccv2024,2403.14530,Table H,26,supplement,Scaffold-GS,Scaffold-GS,Tanks and Temples,average,23.96,0.853,0.177,86.5,MB,,,,,,,baseline re-run by the HAC authors
hac_chen_eccv2024,2403.14530,Table H,26,supplement,Scaffold-GS,Scaffold-GS,Deep Blending,playroom,30.62,0.904,0.258,63.0,MB,,,,,,,baseline re-run by the HAC authors
hac_chen_eccv2024,2403.14530,Table H,26,supplement,Scaffold-GS,Scaffold-GS,Deep Blending,drjohnson,29.8,0.907,0.25,69.0,MB,,,,,,,baseline re-run by the HAC authors
hac_chen_eccv2024,2403.14530,Table H,26,supplement,Scaffold-GS,Scaffold-GS,Deep Blending,average,30.21,0.906,0.254,66.0,MB,,,,,,,baseline re-run by the HAC authors
hac_chen_eccv2024,2403.14530,Table H,26,supplement,Scaffold-GS,Scaffold-GS,BungeeNeRF,amsterdam,27.16,0.898,0.188,223.0,MB,,,,,,,baseline re-run by the HAC authors
hac_chen_eccv2024,2403.14530,Table H,26,supplement,Scaffold-GS,Scaffold-GS,BungeeNeRF,bilbao,26.6,0.857,0.257,178.0,MB,,,,,,,baseline re-run by the HAC authors
hac_chen_eccv2024,2403.14530,Table H,26,supplement,Scaffold-GS,Scaffold-GS,BungeeNeRF,hollywood,24.49,0.787,0.318,155.0,MB,,,,,,,baseline re-run by the HAC authors
hac_chen_eccv2024,2403.14530,Table H,26,supplement,Scaffold-GS,Scaffold-GS,BungeeNeRF,pompidou,24.94,0.839,0.271,209.0,MB,,,,,,,baseline re-run by the HAC authors
hac_chen_eccv2024,2403.14530,Table H,26,supplement,Scaffold-GS,Scaffold-GS,BungeeNeRF,quebec,30.28,0.936,0.19,159.0,MB,,,,,,,baseline re-run by the HAC authors
hac_chen_eccv2024,2403.14530,Table H,26,supplement,Scaffold-GS,Scaffold-GS,BungeeNeRF,rome,26.23,0.873,0.225,174.0,MB,,,,,,,baseline re-run by the HAC authors
hac_chen_eccv2024,2403.14530,Table H,26,supplement,Scaffold-GS,Scaffold-GS,BungeeNeRF,average,26.62,0.865,0.241,183.0,MB,,,,,,,baseline re-run by the HAC authors
hac_plusplus_chen_tpami2025,2501.12255,Table II,9,main,3DGS,3DGS,NeRF Synthetic,average,33.8,0.97,0.031,68.46,MB,,,,,,,
hac_plusplus_chen_tpami2025,2501.12255,Table II,9,main,Scaffold-GS,Scaffold-GS,NeRF Synthetic,average,33.41,0.966,0.035,19.36,MB,,,,,,,
hac_plusplus_chen_tpami2025,2501.12255,Table II,9,main,Lee et al. (Compact 3DGS),3DGS,NeRF Synthetic,average,33.33,0.968,0.034,5.54,MB,,,,,,,
hac_plusplus_chen_tpami2025,2501.12255,Table II,9,main,Compressed3D,3DGS,NeRF Synthetic,average,32.94,0.967,0.033,3.68,MB,,,,,,,
hac_plusplus_chen_tpami2025,2501.12255,Table II,9,main,EAGLES,3DGS,NeRF Synthetic,average,32.51,0.964,0.039,4.26,MB,,,,,,,
hac_plusplus_chen_tpami2025,2501.12255,Table II,9,main,LightGaussian,3DGS,NeRF Synthetic,average,32.73,0.965,0.037,7.84,MB,,,,,,,
hac_plusplus_chen_tpami2025,2501.12255,Table II,9,main,SOG (Self-Organizing Gaussians),3DGS,NeRF Synthetic,average,31.37,0.959,0.043,2.0,MB,,,,,,,
hac_plusplus_chen_tpami2025,2501.12255,Table II,9,main,Navaneet et al. (Compact3D),3DGS,NeRF Synthetic,average,32.99,0.966,0.037,3.1,MB,,,,,,,
hac_plusplus_chen_tpami2025,2501.12255,Table II,9,main,Reduced3DGS,3DGS,NeRF Synthetic,average,33.02,0.967,0.035,2.11,MB,,,,,,,
hac_plusplus_chen_tpami2025,2501.12255,Table II,9,main,RDO-Gaussian,3DGS,NeRF Synthetic,average,33.12,0.967,0.035,2.31,MB,,,,,,,
hac_plusplus_chen_tpami2025,2501.12255,Table II,9,main,MesonGS-FT,3DGS,NeRF Synthetic,average,32.92,0.968,0.033,3.66,MB,,,,,,,
hac_plusplus_chen_tpami2025,2501.12255,Table II,9,main,HAC (lowrate),Scaffold-GS,NeRF Synthetic,average,33.24,0.967,0.037,1.18,MB,,,,,,,
hac_plusplus_chen_tpami2025,2501.12255,Table II,9,main,HAC (highrate),Scaffold-GS,NeRF Synthetic,average,33.71,0.968,0.034,1.86,MB,,,,,,,
hac_plusplus_chen_tpami2025,2501.12255,Table II,9,main,ContextGS (lowrate),Scaffold-GS,NeRF Synthetic,average,32.79,0.965,0.04,1.01,MB,,,,,,,
hac_plusplus_chen_tpami2025,2501.12255,Table II,9,main,ContextGS (highrate),Scaffold-GS,NeRF Synthetic,average,33.51,0.968,0.035,1.56,MB,,,,,,,
hac_plusplus_chen_tpami2025,2501.12255,Table II,9,main,HAC++ (lowrate),Scaffold-GS,NeRF Synthetic,average,33.03,0.966,0.039,0.88,MB,,,,,,,lambda = 3e-3 on this dataset (see appendix Tables A-E)
hac_plusplus_chen_tpami2025,2501.12255,Table II,9,main,HAC++ (highrate),Scaffold-GS,NeRF Synthetic,average,33.76,0.969,0.033,1.84,MB,,,,,,,lambda = 0.5e-3 on this dataset (see appendix Tables A-E)
hac_plusplus_chen_tpami2025,2501.12255,Table II,9,main,3DGS,3DGS,Mip-NeRF 360,average,27.46,0.812,0.222,750.9,MB,,,,,,,
hac_plusplus_chen_tpami2025,2501.12255,Table II,9,main,Scaffold-GS,Scaffold-GS,Mip-NeRF 360,average,27.5,0.806,0.252,253.9,MB,,,,,,,
hac_plusplus_chen_tpami2025,2501.12255,Table II,9,main,Lee et al. (Compact 3DGS),3DGS,Mip-NeRF 360,average,27.08,0.798,0.247,48.8,MB,,,,,,,
hac_plusplus_chen_tpami2025,2501.12255,Table II,9,main,Compressed3D,3DGS,Mip-NeRF 360,average,26.98,0.801,0.238,28.8,MB,,,,,,,
hac_plusplus_chen_tpami2025,2501.12255,Table II,9,main,EAGLES,3DGS,Mip-NeRF 360,average,27.14,0.809,0.231,58.91,MB,,,,,,,
hac_plusplus_chen_tpami2025,2501.12255,Table II,9,main,LightGaussian,3DGS,Mip-NeRF 360,average,27.0,0.799,0.249,44.54,MB,,,,,,,
hac_plusplus_chen_tpami2025,2501.12255,Table II,9,main,SOG (Self-Organizing Gaussians),3DGS,Mip-NeRF 360,average,26.56,0.791,0.241,16.7,MB,,,,,,,
hac_plusplus_chen_tpami2025,2501.12255,Table II,9,main,Navaneet et al. (Compact3D),3DGS,Mip-NeRF 360,average,27.12,0.806,0.24,19.33,MB,,,,,,,
hac_plusplus_chen_tpami2025,2501.12255,Table II,9,main,Reduced3DGS,3DGS,Mip-NeRF 360,average,27.19,0.807,0.23,29.54,MB,,,,,,,
hac_plusplus_chen_tpami2025,2501.12255,Table II,9,main,RDO-Gaussian,3DGS,Mip-NeRF 360,average,27.05,0.802,0.239,23.46,MB,,,,,,,
hac_plusplus_chen_tpami2025,2501.12255,Table II,9,main,MesonGS-FT,3DGS,Mip-NeRF 360,average,26.99,0.796,0.247,27.16,MB,,,,,,,
hac_plusplus_chen_tpami2025,2501.12255,Table II,9,main,HAC (lowrate),Scaffold-GS,Mip-NeRF 360,average,27.53,0.807,0.238,15.26,MB,,,,,,,
hac_plusplus_chen_tpami2025,2501.12255,Table II,9,main,HAC (highrate),Scaffold-GS,Mip-NeRF 360,average,27.77,0.811,0.23,21.87,MB,,,,,,,
hac_plusplus_chen_tpami2025,2501.12255,Table II,9,main,ContextGS (lowrate),Scaffold-GS,Mip-NeRF 360,average,27.62,0.808,0.237,12.68,MB,,,,,,,
hac_plusplus_chen_tpami2025,2501.12255,Table II,9,main,ContextGS (highrate),Scaffold-GS,Mip-NeRF 360,average,27.75,0.811,0.231,18.41,MB,,,,,,,
hac_plusplus_chen_tpami2025,2501.12255,Table II,9,main,CompGS (lowrate),3DGS,Mip-NeRF 360,average,26.37,0.778,0.276,8.83,MB,,,,,,,
hac_plusplus_chen_tpami2025,2501.12255,Table II,9,main,CompGS (highrate),3DGS,Mip-NeRF 360,average,27.26,0.803,0.239,16.5,MB,,,,,,,
hac_plusplus_chen_tpami2025,2501.12255,Table II,9,main,HAC++ (lowrate),Scaffold-GS,Mip-NeRF 360,average,27.6,0.803,0.253,8.34,MB,,,,,,,lambda = 4e-3 on this dataset (see appendix Tables A-E)
hac_plusplus_chen_tpami2025,2501.12255,Table II,9,main,HAC++ (highrate),Scaffold-GS,Mip-NeRF 360,average,27.82,0.811,0.231,18.48,MB,,,,,,,lambda = 0.5e-3 on this dataset (see appendix Tables A-E)
hac_plusplus_chen_tpami2025,2501.12255,Table II,9,main,3DGS,3DGS,Tanks and Temples,average,23.69,0.844,0.178,431.0,MB,,,,,,,
hac_plusplus_chen_tpami2025,2501.12255,Table II,9,main,Scaffold-GS,Scaffold-GS,Tanks and Temples,average,23.96,0.853,0.177,86.5,MB,,,,,,,
hac_plusplus_chen_tpami2025,2501.12255,Table II,9,main,Lee et al. (Compact 3DGS),3DGS,Tanks and Temples,average,23.32,0.831,0.201,39.43,MB,,,,,,,
hac_plusplus_chen_tpami2025,2501.12255,Table II,9,main,Compressed3D,3DGS,Tanks and Temples,average,23.32,0.832,0.194,17.28,MB,,,,,,,
hac_plusplus_chen_tpami2025,2501.12255,Table II,9,main,EAGLES,3DGS,Tanks and Temples,average,23.28,0.835,0.203,28.99,MB,,,,,,,
hac_plusplus_chen_tpami2025,2501.12255,Table II,9,main,LightGaussian,3DGS,Tanks and Temples,average,22.83,0.822,0.242,22.43,MB,,,,,,,
hac_plusplus_chen_tpami2025,2501.12255,Table II,9,main,SOG (Self-Organizing Gaussians),3DGS,Tanks and Temples,average,23.15,0.828,0.198,9.3,MB,,,,,,,
hac_plusplus_chen_tpami2025,2501.12255,Table II,9,main,Navaneet et al. (Compact3D),3DGS,Tanks and Temples,average,23.44,0.838,0.198,12.5,MB,,,,,,,
hac_plusplus_chen_tpami2025,2501.12255,Table II,9,main,Reduced3DGS,3DGS,Tanks and Temples,average,23.57,0.84,0.188,14.0,MB,,,,,,,
hac_plusplus_chen_tpami2025,2501.12255,Table II,9,main,RDO-Gaussian,3DGS,Tanks and Temples,average,23.34,0.835,0.195,12.03,MB,,,,,,,
hac_plusplus_chen_tpami2025,2501.12255,Table II,9,main,MesonGS-FT,3DGS,Tanks and Temples,average,23.32,0.837,0.193,16.99,MB,,,,,,,
hac_plusplus_chen_tpami2025,2501.12255,Table II,9,main,HAC (lowrate),Scaffold-GS,Tanks and Temples,average,24.04,0.846,0.187,8.1,MB,,,,,,,
hac_plusplus_chen_tpami2025,2501.12255,Table II,9,main,HAC (highrate),Scaffold-GS,Tanks and Temples,average,24.4,0.853,0.177,11.24,MB,,,,,,,
hac_plusplus_chen_tpami2025,2501.12255,Table II,9,main,ContextGS (lowrate),Scaffold-GS,Tanks and Temples,average,24.2,0.852,0.184,7.05,MB,,,,,,,
hac_plusplus_chen_tpami2025,2501.12255,Table II,9,main,ContextGS (highrate),Scaffold-GS,Tanks and Temples,average,24.29,0.855,0.176,11.8,MB,,,,,,,
hac_plusplus_chen_tpami2025,2501.12255,Table II,9,main,CompGS (lowrate),3DGS,Tanks and Temples,average,23.11,0.815,0.236,5.89,MB,,,,,,,
hac_plusplus_chen_tpami2025,2501.12255,Table II,9,main,CompGS (highrate),3DGS,Tanks and Temples,average,23.7,0.837,0.208,9.6,MB,,,,,,,
hac_plusplus_chen_tpami2025,2501.12255,Table II,9,main,HAC++ (lowrate),Scaffold-GS,Tanks and Temples,average,24.22,0.849,0.19,5.18,MB,,,,,,,lambda = 4e-3 on this dataset (see appendix Tables A-E)
hac_plusplus_chen_tpami2025,2501.12255,Table II,9,main,HAC++ (highrate),Scaffold-GS,Tanks and Temples,average,24.32,0.854,0.178,8.63,MB,,,,,,,lambda = 1e-3 on this dataset (see appendix Tables A-E)
hac_plusplus_chen_tpami2025,2501.12255,Table II,9,main,3DGS,3DGS,Deep Blending,average,29.42,0.899,0.247,663.9,MB,,,,,,,
hac_plusplus_chen_tpami2025,2501.12255,Table II,9,main,Scaffold-GS,Scaffold-GS,Deep Blending,average,30.21,0.906,0.254,66.0,MB,,,,,,,
hac_plusplus_chen_tpami2025,2501.12255,Table II,9,main,Lee et al. (Compact 3DGS),3DGS,Deep Blending,average,29.79,0.901,0.258,43.21,MB,,,,,,,
hac_plusplus_chen_tpami2025,2501.12255,Table II,9,main,Compressed3D,3DGS,Deep Blending,average,29.38,0.898,0.253,25.3,MB,,,,,,,
hac_plusplus_chen_tpami2025,2501.12255,Table II,9,main,EAGLES,3DGS,Deep Blending,average,29.72,0.906,0.249,52.34,MB,,,,,,,
hac_plusplus_chen_tpami2025,2501.12255,Table II,9,main,LightGaussian,3DGS,Deep Blending,average,27.01,0.872,0.308,33.94,MB,,,,,,,
hac_plusplus_chen_tpami2025,2501.12255,Table II,9,main,SOG (Self-Organizing Gaussians),3DGS,Deep Blending,average,29.12,0.892,0.27,5.7,MB,,,,,,,
hac_plusplus_chen_tpami2025,2501.12255,Table II,9,main,Navaneet et al. (Compact3D),3DGS,Deep Blending,average,29.9,0.907,0.251,13.5,MB,,,,,,,
hac_plusplus_chen_tpami2025,2501.12255,Table II,9,main,Reduced3DGS,3DGS,Deep Blending,average,29.63,0.902,0.249,18.0,MB,,,,,,,
hac_plusplus_chen_tpami2025,2501.12255,Table II,9,main,RDO-Gaussian,3DGS,Deep Blending,average,29.63,0.902,0.252,18.0,MB,,,,,,,
hac_plusplus_chen_tpami2025,2501.12255,Table II,9,main,MesonGS-FT,3DGS,Deep Blending,average,29.51,0.901,0.251,24.76,MB,,,,,,,
hac_plusplus_chen_tpami2025,2501.12255,Table II,9,main,HAC (lowrate),Scaffold-GS,Deep Blending,average,29.98,0.902,0.269,4.35,MB,,,,,,,
hac_plusplus_chen_tpami2025,2501.12255,Table II,9,main,HAC (highrate),Scaffold-GS,Deep Blending,average,30.34,0.906,0.258,6.35,MB,,,,,,,
hac_plusplus_chen_tpami2025,2501.12255,Table II,9,main,ContextGS (lowrate),Scaffold-GS,Deep Blending,average,30.11,0.907,0.265,3.45,MB,,,,,,,
hac_plusplus_chen_tpami2025,2501.12255,Table II,9,main,ContextGS (highrate),Scaffold-GS,Deep Blending,average,30.39,0.909,0.258,6.6,MB,,,,,,,
hac_plusplus_chen_tpami2025,2501.12255,Table II,9,main,CompGS (lowrate),3DGS,Deep Blending,average,29.3,0.895,0.293,6.03,MB,,,,,,,
hac_plusplus_chen_tpami2025,2501.12255,Table II,9,main,CompGS (highrate),3DGS,Deep Blending,average,29.69,0.901,0.279,8.77,MB,,,,,,,
hac_plusplus_chen_tpami2025,2501.12255,Table II,9,main,HAC++ (lowrate),Scaffold-GS,Deep Blending,average,30.16,0.907,0.266,2.91,MB,,,,,,,lambda = 4e-3 on this dataset (see appendix Tables A-E)
hac_plusplus_chen_tpami2025,2501.12255,Table II,9,main,HAC++ (highrate),Scaffold-GS,Deep Blending,average,30.34,0.911,0.254,5.28,MB,,,,,,,lambda = 1e-3 on this dataset (see appendix Tables A-E)
hac_plusplus_chen_tpami2025,2501.12255,Table II,9,main,3DGS,3DGS,BungeeNeRF,average,24.87,0.841,0.205,1616,MB,,,,,,,
hac_plusplus_chen_tpami2025,2501.12255,Table II,9,main,Scaffold-GS,Scaffold-GS,BungeeNeRF,average,26.62,0.865,0.241,183.0,MB,,,,,,,
hac_plusplus_chen_tpami2025,2501.12255,Table II,9,main,Lee et al. (Compact 3DGS),3DGS,BungeeNeRF,average,23.36,0.788,0.251,82.6,MB,,,,,,,
hac_plusplus_chen_tpami2025,2501.12255,Table II,9,main,Compressed3D,3DGS,BungeeNeRF,average,24.13,0.802,0.245,55.79,MB,,,,,,,
hac_plusplus_chen_tpami2025,2501.12255,Table II,9,main,EAGLES,3DGS,BungeeNeRF,average,25.89,0.865,0.197,115.2,MB,,,,,,,
hac_plusplus_chen_tpami2025,2501.12255,Table II,9,main,LightGaussian,3DGS,BungeeNeRF,average,24.52,0.825,0.255,87.28,MB,,,,,,,
hac_plusplus_chen_tpami2025,2501.12255,Table II,9,main,SOG (Self-Organizing Gaussians),3DGS,BungeeNeRF,average,22.43,0.708,0.339,48.25,MB,,,,,,,
hac_plusplus_chen_tpami2025,2501.12255,Table II,9,main,Navaneet et al. (Compact3D),3DGS,BungeeNeRF,average,24.7,0.815,0.266,33.39,MB,,,,,,,
hac_plusplus_chen_tpami2025,2501.12255,Table II,9,main,Reduced3DGS,3DGS,BungeeNeRF,average,24.57,0.812,0.228,65.39,MB,,,,,,,
hac_plusplus_chen_tpami2025,2501.12255,Table II,9,main,RDO-Gaussian,3DGS,BungeeNeRF,average,23.37,0.762,0.286,39.06,MB,,,,,,,
hac_plusplus_chen_tpami2025,2501.12255,Table II,9,main,MesonGS-FT,3DGS,BungeeNeRF,average,23.06,0.771,0.235,63.11,MB,,,,,,,
hac_plusplus_chen_tpami2025,2501.12255,Table II,9,main,HAC (lowrate),Scaffold-GS,BungeeNeRF,average,26.48,0.845,0.25,18.49,MB,,,,,,,
hac_plusplus_chen_tpami2025,2501.12255,Table II,9,main,HAC (highrate),Scaffold-GS,BungeeNeRF,average,27.08,0.872,0.209,29.72,MB,,,,,,,
hac_plusplus_chen_tpami2025,2501.12255,Table II,9,main,ContextGS (lowrate),Scaffold-GS,BungeeNeRF,average,26.9,0.866,0.222,14.0,MB,,,,,,,
hac_plusplus_chen_tpami2025,2501.12255,Table II,9,main,ContextGS (highrate),Scaffold-GS,BungeeNeRF,average,27.15,0.875,0.205,21.8,MB,,,,,,,
hac_plusplus_chen_tpami2025,2501.12255,Table II,9,main,HAC++ (lowrate),Scaffold-GS,BungeeNeRF,average,26.78,0.858,0.235,11.75,MB,,,,,,,lambda = 4e-3 on this dataset (see appendix Tables A-E)
hac_plusplus_chen_tpami2025,2501.12255,Table II,9,main,HAC++ (highrate),Scaffold-GS,BungeeNeRF,average,27.17,0.879,0.196,20.82,MB,,,,,,,lambda = 1e-3 on this dataset (see appendix Tables A-E)
hac_plusplus_chen_tpami2025,2501.12255,Table A,17,supplement,HAC++,Scaffold-GS,NeRF Synthetic,chair,33.9,0.98,0.021,0.65,MB,,,,,,,rate-distortion sweep point lambda=4e-3
hac_plusplus_chen_tpami2025,2501.12255,Table A,17,supplement,HAC++,Scaffold-GS,NeRF Synthetic,drums,26.17,0.95,0.045,0.9,MB,,,,,,,rate-distortion sweep point lambda=4e-3
hac_plusplus_chen_tpami2025,2501.12255,Table A,17,supplement,HAC++,Scaffold-GS,NeRF Synthetic,ficus,34.53,0.984,0.016,0.64,MB,,,,,,,rate-distortion sweep point lambda=4e-3
hac_plusplus_chen_tpami2025,2501.12255,Table A,17,supplement,HAC++,Scaffold-GS,NeRF Synthetic,hotdog,36.53,0.979,0.035,0.45,MB,,,,,,,rate-distortion sweep point lambda=4e-3
hac_plusplus_chen_tpami2025,2501.12255,Table A,17,supplement,HAC++,Scaffold-GS,NeRF Synthetic,lego,34.33,0.976,0.027,0.8,MB,,,,,,,rate-distortion sweep point lambda=4e-3
hac_plusplus_chen_tpami2025,2501.12255,Table A,17,supplement,HAC++,Scaffold-GS,NeRF Synthetic,materials,30.22,0.959,0.046,0.87,MB,,,,,,,rate-distortion sweep point lambda=4e-3
hac_plusplus_chen_tpami2025,2501.12255,Table A,17,supplement,HAC++,Scaffold-GS,NeRF Synthetic,mic,35.21,0.989,0.012,0.44,MB,,,,,,,rate-distortion sweep point lambda=4e-3
hac_plusplus_chen_tpami2025,2501.12255,Table A,17,supplement,HAC++,Scaffold-GS,NeRF Synthetic,ship,31.26,0.903,0.125,1.3,MB,,,,,,,rate-distortion sweep point lambda=4e-3
hac_plusplus_chen_tpami2025,2501.12255,Table A,17,supplement,HAC++,Scaffold-GS,NeRF Synthetic,average,32.77,0.965,0.041,0.76,MB,,,,,,,rate-distortion sweep point lambda=4e-3
hac_plusplus_chen_tpami2025,2501.12255,Table A,17,supplement,HAC++,Scaffold-GS,NeRF Synthetic,chair,34.4,0.982,0.018,0.76,MB,,,,,,,rate-distortion sweep point lambda=3e-3
hac_plusplus_chen_tpami2025,2501.12255,Table A,17,supplement,HAC++,Scaffold-GS,NeRF Synthetic,drums,26.27,0.951,0.043,1.2,MB,,,,,,,rate-distortion sweep point lambda=3e-3
hac_plusplus_chen_tpami2025,2501.12255,Table A,17,supplement,HAC++,Scaffold-GS,NeRF Synthetic,ficus,34.74,0.984,0.015,0.7,MB,,,,,,,rate-distortion sweep point lambda=3e-3
hac_plusplus_chen_tpami2025,2501.12255,Table A,17,supplement,HAC++,Scaffold-GS,NeRF Synthetic,hotdog,36.87,0.98,0.032,0.54,MB,,,,,,,rate-distortion sweep point lambda=3e-3
hac_plusplus_chen_tpami2025,2501.12255,Table A,17,supplement,HAC++,Scaffold-GS,NeRF Synthetic,lego,34.64,0.977,0.025,0.97,MB,,,,,,,rate-distortion sweep point lambda=3e-3
hac_plusplus_chen_tpami2025,2501.12255,Table A,17,supplement,HAC++,Scaffold-GS,NeRF Synthetic,materials,30.35,0.96,0.044,0.97,MB,,,,,,,rate-distortion sweep point lambda=3e-3
hac_plusplus_chen_tpami2025,2501.12255,Table A,17,supplement,HAC++,Scaffold-GS,NeRF Synthetic,mic,35.64,0.99,0.01,0.5,MB,,,,,,,rate-distortion sweep point lambda=3e-3
hac_plusplus_chen_tpami2025,2501.12255,Table A,17,supplement,HAC++,Scaffold-GS,NeRF Synthetic,ship,31.34,0.903,0.124,1.42,MB,,,,,,,rate-distortion sweep point lambda=3e-3
hac_plusplus_chen_tpami2025,2501.12255,Table A,17,supplement,HAC++,Scaffold-GS,NeRF Synthetic,average,33.03,0.966,0.039,0.88,MB,,,,,,,rate-distortion sweep point lambda=3e-3
hac_plusplus_chen_tpami2025,2501.12255,Table A,17,supplement,HAC++,Scaffold-GS,NeRF Synthetic,chair,34.79,0.984,0.016,0.94,MB,,,,,,,rate-distortion sweep point lambda=2e-3
hac_plusplus_chen_tpami2025,2501.12255,Table A,17,supplement,HAC++,Scaffold-GS,NeRF Synthetic,drums,26.25,0.951,0.043,1.25,MB,,,,,,,rate-distortion sweep point lambda=2e-3
hac_plusplus_chen_tpami2025,2501.12255,Table A,17,supplement,HAC++,Scaffold-GS,NeRF Synthetic,ficus,34.8,0.985,0.014,0.84,MB,,,,,,,rate-distortion sweep point lambda=2e-3
hac_plusplus_chen_tpami2025,2501.12255,Table A,17,supplement,HAC++,Scaffold-GS,NeRF Synthetic,hotdog,37.27,0.982,0.028,0.6,MB,,,,,,,rate-distortion sweep point lambda=2e-3
hac_plusplus_chen_tpami2025,2501.12255,Table A,17,supplement,HAC++,Scaffold-GS,NeRF Synthetic,lego,35.1,0.979,0.022,1.08,MB,,,,,,,rate-distortion sweep point lambda=2e-3
hac_plusplus_chen_tpami2025,2501.12255,Table A,17,supplement,HAC++,Scaffold-GS,NeRF Synthetic,materials,30.49,0.961,0.041,1.15,MB,,,,,,,rate-distortion sweep point lambda=2e-3
hac_plusplus_chen_tpami2025,2501.12255,Table A,17,supplement,HAC++,Scaffold-GS,NeRF Synthetic,mic,36.05,0.991,0.009,0.61,MB,,,,,,,rate-distortion sweep point lambda=2e-3
hac_plusplus_chen_tpami2025,2501.12255,Table A,17,supplement,HAC++,Scaffold-GS,NeRF Synthetic,ship,31.43,0.903,0.119,1.88,MB,,,,,,,rate-distortion sweep point lambda=2e-3
hac_plusplus_chen_tpami2025,2501.12255,Table A,17,supplement,HAC++,Scaffold-GS,NeRF Synthetic,average,33.27,0.967,0.037,1.04,MB,,,,,,,rate-distortion sweep point lambda=2e-3
hac_plusplus_chen_tpami2025,2501.12255,Table A,17,supplement,HAC++,Scaffold-GS,NeRF Synthetic,chair,35.34,0.986,0.014,1.21,MB,,,,,,,rate-distortion sweep point lambda=1e-3
hac_plusplus_chen_tpami2025,2501.12255,Table A,17,supplement,HAC++,Scaffold-GS,NeRF Synthetic,drums,26.41,0.952,0.041,1.79,MB,,,,,,,rate-distortion sweep point lambda=1e-3
hac_plusplus_chen_tpami2025,2501.12255,Table A,17,supplement,HAC++,Scaffold-GS,NeRF Synthetic,ficus,35.21,0.986,0.013,1.11,MB,,,,,,,rate-distortion sweep point lambda=1e-3
hac_plusplus_chen_tpami2025,2501.12255,Table A,17,supplement,HAC++,Scaffold-GS,NeRF Synthetic,hotdog,37.69,0.983,0.025,0.78,MB,,,,,,,rate-distortion sweep point lambda=1e-3
hac_plusplus_chen_tpami2025,2501.12255,Table A,17,supplement,HAC++,Scaffold-GS,NeRF Synthetic,lego,35.52,0.981,0.019,1.49,MB,,,,,,,rate-distortion sweep point lambda=1e-3
hac_plusplus_chen_tpami2025,2501.12255,Table A,17,supplement,HAC++,Scaffold-GS,NeRF Synthetic,materials,30.64,0.962,0.04,1.48,MB,,,,,,,rate-distortion sweep point lambda=1e-3
hac_plusplus_chen_tpami2025,2501.12255,Table A,17,supplement,HAC++,Scaffold-GS,NeRF Synthetic,mic,36.51,0.991,0.008,0.79,MB,,,,,,,rate-distortion sweep point lambda=1e-3
hac_plusplus_chen_tpami2025,2501.12255,Table A,17,supplement,HAC++,Scaffold-GS,NeRF Synthetic,ship,31.52,0.905,0.114,2.55,MB,,,,,,,rate-distortion sweep point lambda=1e-3
hac_plusplus_chen_tpami2025,2501.12255,Table A,17,supplement,HAC++,Scaffold-GS,NeRF Synthetic,average,33.6,0.968,0.034,1.4,MB,,,,,,,rate-distortion sweep point lambda=1e-3
hac_plusplus_chen_tpami2025,2501.12255,Table A,17,supplement,HAC++,Scaffold-GS,NeRF Synthetic,chair,35.6,0.986,0.012,1.64,MB,,,,,,,rate-distortion sweep point lambda=0.5e-3
hac_plusplus_chen_tpami2025,2501.12255,Table A,17,supplement,HAC++,Scaffold-GS,NeRF Synthetic,drums,26.48,0.952,0.041,2.47,MB,,,,,,,rate-distortion sweep point lambda=0.5e-3
hac_plusplus_chen_tpami2025,2501.12255,Table A,17,supplement,HAC++,Scaffold-GS,NeRF Synthetic,ficus,35.25,0.986,0.013,1.42,MB,,,,,,,rate-distortion sweep point lambda=0.5e-3
hac_plusplus_chen_tpami2025,2501.12255,Table A,17,supplement,HAC++,Scaffold-GS,NeRF Synthetic,hotdog,37.89,0.984,0.023,0.98,MB,,,,,,,rate-distortion sweep point lambda=0.5e-3
hac_plusplus_chen_tpami2025,2501.12255,Table A,17,supplement,HAC++,Scaffold-GS,NeRF Synthetic,lego,35.77,0.982,0.018,1.83,MB,,,,,,,rate-distortion sweep point lambda=0.5e-3
hac_plusplus_chen_tpami2025,2501.12255,Table A,17,supplement,HAC++,Scaffold-GS,NeRF Synthetic,materials,30.71,0.962,0.038,1.9,MB,,,,,,,rate-distortion sweep point lambda=0.5e-3
hac_plusplus_chen_tpami2025,2501.12255,Table A,17,supplement,HAC++,Scaffold-GS,NeRF Synthetic,mic,36.79,0.992,0.008,1.09,MB,,,,,,,rate-distortion sweep point lambda=0.5e-3
hac_plusplus_chen_tpami2025,2501.12255,Table A,17,supplement,HAC++,Scaffold-GS,NeRF Synthetic,ship,31.54,0.904,0.111,3.43,MB,,,,,,,rate-distortion sweep point lambda=0.5e-3
hac_plusplus_chen_tpami2025,2501.12255,Table A,17,supplement,HAC++,Scaffold-GS,NeRF Synthetic,average,33.76,0.969,0.033,1.84,MB,,,,,,,rate-distortion sweep point lambda=0.5e-3
hac_plusplus_chen_tpami2025,2501.12255,Table B,17,supplement,HAC++,Scaffold-GS,Deep Blending,playroom,30.69,0.909,0.268,2.42,MB,,,,,,,rate-distortion sweep point lambda=4e-3
hac_plusplus_chen_tpami2025,2501.12255,Table B,17,supplement,HAC++,Scaffold-GS,Deep Blending,drjohnson,29.63,0.905,0.264,3.4,MB,,,,,,,rate-distortion sweep point lambda=4e-3
hac_plusplus_chen_tpami2025,2501.12255,Table B,17,supplement,HAC++,Scaffold-GS,Deep Blending,average,30.16,0.907,0.266,2.91,MB,,,,,,,rate-distortion sweep point lambda=4e-3
hac_plusplus_chen_tpami2025,2501.12255,Table B,17,supplement,HAC++,Scaffold-GS,Deep Blending,playroom,30.82,0.911,0.263,2.78,MB,,,,,,,rate-distortion sweep point lambda=3e-3
hac_plusplus_chen_tpami2025,2501.12255,Table B,17,supplement,HAC++,Scaffold-GS,Deep Blending,drjohnson,29.75,0.906,0.26,3.91,MB,,,,,,,rate-distortion sweep point lambda=3e-3
hac_plusplus_chen_tpami2025,2501.12255,Table B,17,supplement,HAC++,Scaffold-GS,Deep Blending,average,30.28,0.909,0.262,3.34,MB,,,,,,,rate-distortion sweep point lambda=3e-3
hac_plusplus_chen_tpami2025,2501.12255,Table B,17,supplement,HAC++,Scaffold-GS,Deep Blending,playroom,30.79,0.911,0.262,3.29,MB,,,,,,,rate-distortion sweep point lambda=2e-3
hac_plusplus_chen_tpami2025,2501.12255,Table B,17,supplement,HAC++,Scaffold-GS,Deep Blending,drjohnson,29.73,0.907,0.257,4.61,MB,,,,,,,rate-distortion sweep point lambda=2e-3
hac_plusplus_chen_tpami2025,2501.12255,Table B,17,supplement,HAC++,Scaffold-GS,Deep Blending,average,30.26,0.909,0.26,3.95,MB,,,,,,,rate-distortion sweep point lambda=2e-3
hac_plusplus_chen_tpami2025,2501.12255,Table B,17,supplement,HAC++,Scaffold-GS,Deep Blending,playroom,30.93,0.913,0.255,4.35,MB,,,,,,,rate-distortion sweep point lambda=1e-3
hac_plusplus_chen_tpami2025,2501.12255,Table B,17,supplement,HAC++,Scaffold-GS,Deep Blending,drjohnson,29.76,0.908,0.253,6.21,MB,,,,,,,rate-distortion sweep point lambda=1e-3
hac_plusplus_chen_tpami2025,2501.12255,Table B,17,supplement,HAC++,Scaffold-GS,Deep Blending,average,30.34,0.911,0.254,5.28,MB,,,,,,,rate-distortion sweep point lambda=1e-3
hac_plusplus_chen_tpami2025,2501.12255,Table C,17,supplement,HAC++,Scaffold-GS,Tanks and Temples,truck,25.89,0.883,0.156,5.67,MB,,,,,,,rate-distortion sweep point lambda=4e-3
hac_plusplus_chen_tpami2025,2501.12255,Table C,17,supplement,HAC++,Scaffold-GS,Tanks and Temples,train,22.54,0.815,0.225,4.69,MB,,,,,,,rate-distortion sweep point lambda=4e-3
hac_plusplus_chen_tpami2025,2501.12255,Table C,17,supplement,HAC++,Scaffold-GS,Tanks and Temples,average,24.22,0.849,0.19,5.18,MB,,,,,,,rate-distortion sweep point lambda=4e-3
hac_plusplus_chen_tpami2025,2501.12255,Table C,17,supplement,HAC++,Scaffold-GS,Tanks and Temples,truck,25.98,0.884,0.153,6.53,MB,,,,,,,rate-distortion sweep point lambda=3e-3
hac_plusplus_chen_tpami2025,2501.12255,Table C,17,supplement,HAC++,Scaffold-GS,Tanks and Temples,train,22.57,0.818,0.219,5.25,MB,,,,,,,rate-distortion sweep point lambda=3e-3
hac_plusplus_chen_tpami2025,2501.12255,Table C,17,supplement,HAC++,Scaffold-GS,Tanks and Temples,average,24.28,0.851,0.186,5.89,MB,,,,,,,rate-distortion sweep point lambda=3e-3
hac_plusplus_chen_tpami2025,2501.12255,Table C,17,supplement,HAC++,Scaffold-GS,Tanks and Temples,truck,26.06,0.886,0.148,7.64,MB,,,,,,,rate-distortion sweep point lambda=2e-3
hac_plusplus_chen_tpami2025,2501.12255,Table C,17,supplement,HAC++,Scaffold-GS,Tanks and Temples,train,22.6,0.821,0.213,6.21,MB,,,,,,,rate-distortion sweep point lambda=2e-3
hac_plusplus_chen_tpami2025,2501.12255,Table C,17,supplement,HAC++,Scaffold-GS,Tanks and Temples,average,24.33,0.853,0.181,6.92,MB,,,,,,,rate-distortion sweep point lambda=2e-3
hac_plusplus_chen_tpami2025,2501.12255,Table C,17,supplement,HAC++,Scaffold-GS,Tanks and Temples,truck,26.05,0.887,0.147,9.71,MB,,,,,,,rate-distortion sweep point lambda=1e-3
hac_plusplus_chen_tpami2025,2501.12255,Table C,17,supplement,HAC++,Scaffold-GS,Tanks and Temples,train,22.58,0.821,0.21,7.55,MB,,,,,,,rate-distortion sweep point lambda=1e-3
hac_plusplus_chen_tpami2025,2501.12255,Table C,17,supplement,HAC++,Scaffold-GS,Tanks and Temples,average,24.32,0.854,0.178,8.63,MB,,,,,,,rate-distortion sweep point lambda=1e-3
hac_plusplus_chen_tpami2025,2501.12255,Table D,18,supplement,HAC++,Scaffold-GS,Mip-NeRF 360,bicycle,25.08,0.732,0.289,12.84,MB,,,,,,,rate-distortion sweep point lambda=4e-3
hac_plusplus_chen_tpami2025,2501.12255,Table D,18,supplement,HAC++,Scaffold-GS,Mip-NeRF 360,garden,27.19,0.832,0.179,12.83,MB,,,,,,,rate-distortion sweep point lambda=4e-3
hac_plusplus_chen_tpami2025,2501.12255,Table D,18,supplement,HAC++,Scaffold-GS,Mip-NeRF 360,stump,26.56,0.757,0.289,9.4,MB,,,,,,,rate-distortion sweep point lambda=4e-3
hac_plusplus_chen_tpami2025,2501.12255,Table D,18,supplement,HAC++,Scaffold-GS,Mip-NeRF 360,room,31.75,0.92,0.217,3.41,MB,,,,,,,rate-distortion sweep point lambda=4e-3
hac_plusplus_chen_tpami2025,2501.12255,Table D,18,supplement,HAC++,Scaffold-GS,Mip-NeRF 360,counter,29.37,0.91,0.203,4.69,MB,,,,,,,rate-distortion sweep point lambda=4e-3
hac_plusplus_chen_tpami2025,2501.12255,Table D,18,supplement,HAC++,Scaffold-GS,Mip-NeRF 360,kitchen,31.2,0.923,0.137,5.26,MB,,,,,,,rate-distortion sweep point lambda=4e-3
hac_plusplus_chen_tpami2025,2501.12255,Table D,18,supplement,HAC++,Scaffold-GS,Mip-NeRF 360,bonsai,32.66,0.944,0.19,5.35,MB,,,,,,,rate-distortion sweep point lambda=4e-3
hac_plusplus_chen_tpami2025,2501.12255,Table D,18,supplement,HAC++,Scaffold-GS,Mip-NeRF 360,flowers,21.26,0.569,0.393,10.68,MB,,,,,,,rate-distortion sweep point lambda=4e-3
hac_plusplus_chen_tpami2025,2501.12255,Table D,18,supplement,HAC++,Scaffold-GS,Mip-NeRF 360,treehill,23.31,0.638,0.379,10.57,MB,,,,,,,rate-distortion sweep point lambda=4e-3
hac_plusplus_chen_tpami2025,2501.12255,Table D,18,supplement,HAC++,Scaffold-GS,Mip-NeRF 360,average,27.6,0.803,0.253,8.34,MB,,,,,,,rate-distortion sweep point lambda=4e-3
hac_plusplus_chen_tpami2025,2501.12255,Table D,18,supplement,HAC++,Scaffold-GS,Mip-NeRF 360,bicycle,25.09,0.734,0.285,14.36,MB,,,,,,,rate-distortion sweep point lambda=3e-3
hac_plusplus_chen_tpami2025,2501.12255,Table D,18,supplement,HAC++,Scaffold-GS,Mip-NeRF 360,garden,27.21,0.835,0.172,14.37,MB,,,,,,,rate-distortion sweep point lambda=3e-3
hac_plusplus_chen_tpami2025,2501.12255,Table D,18,supplement,HAC++,Scaffold-GS,Mip-NeRF 360,stump,26.61,0.758,0.283,10.47,MB,,,,,,,rate-distortion sweep point lambda=3e-3
hac_plusplus_chen_tpami2025,2501.12255,Table D,18,supplement,HAC++,Scaffold-GS,Mip-NeRF 360,room,31.83,0.921,0.213,3.84,MB,,,,,,,rate-distortion sweep point lambda=3e-3
hac_plusplus_chen_tpami2025,2501.12255,Table D,18,supplement,HAC++,Scaffold-GS,Mip-NeRF 360,counter,29.48,0.912,0.199,5.28,MB,,,,,,,rate-distortion sweep point lambda=3e-3
hac_plusplus_chen_tpami2025,2501.12255,Table D,18,supplement,HAC++,Scaffold-GS,Mip-NeRF 360,kitchen,31.34,0.924,0.134,6.01,MB,,,,,,,rate-distortion sweep point lambda=3e-3
hac_plusplus_chen_tpami2025,2501.12255,Table D,18,supplement,HAC++,Scaffold-GS,Mip-NeRF 360,bonsai,32.73,0.946,0.188,5.86,MB,,,,,,,rate-distortion sweep point lambda=3e-3
hac_plusplus_chen_tpami2025,2501.12255,Table D,18,supplement,HAC++,Scaffold-GS,Mip-NeRF 360,flowers,21.28,0.57,0.39,11.99,MB,,,,,,,rate-distortion sweep point lambda=3e-3
hac_plusplus_chen_tpami2025,2501.12255,Table D,18,supplement,HAC++,Scaffold-GS,Mip-NeRF 360,treehill,23.32,0.64,0.375,11.96,MB,,,,,,,rate-distortion sweep point lambda=3e-3
hac_plusplus_chen_tpami2025,2501.12255,Table D,18,supplement,HAC++,Scaffold-GS,Mip-NeRF 360,average,27.65,0.805,0.249,9.35,MB,,,,,,,rate-distortion sweep point lambda=3e-3
hac_plusplus_chen_tpami2025,2501.12255,Table D,18,supplement,HAC++,Scaffold-GS,Mip-NeRF 360,bicycle,25.22,0.738,0.276,17.24,MB,,,,,,,rate-distortion sweep point lambda=2e-3
hac_plusplus_chen_tpami2025,2501.12255,Table D,18,supplement,HAC++,Scaffold-GS,Mip-NeRF 360,garden,27.36,0.842,0.159,17.22,MB,,,,,,,rate-distortion sweep point lambda=2e-3
hac_plusplus_chen_tpami2025,2501.12255,Table D,18,supplement,HAC++,Scaffold-GS,Mip-NeRF 360,stump,26.62,0.761,0.277,12.29,MB,,,,,,,rate-distortion sweep point lambda=2e-3
hac_plusplus_chen_tpami2025,2501.12255,Table D,18,supplement,HAC++,Scaffold-GS,Mip-NeRF 360,room,32.0,0.924,0.206,4.54,MB,,,,,,,rate-distortion sweep point lambda=2e-3
hac_plusplus_chen_tpami2025,2501.12255,Table D,18,supplement,HAC++,Scaffold-GS,Mip-NeRF 360,counter,29.64,0.915,0.193,6.26,MB,,,,,,,rate-distortion sweep point lambda=2e-3
hac_plusplus_chen_tpami2025,2501.12255,Table D,18,supplement,HAC++,Scaffold-GS,Mip-NeRF 360,kitchen,31.51,0.927,0.129,7.14,MB,,,,,,,rate-distortion sweep point lambda=2e-3
hac_plusplus_chen_tpami2025,2501.12255,Table D,18,supplement,HAC++,Scaffold-GS,Mip-NeRF 360,bonsai,32.88,0.947,0.185,6.83,MB,,,,,,,rate-distortion sweep point lambda=2e-3
hac_plusplus_chen_tpami2025,2501.12255,Table D,18,supplement,HAC++,Scaffold-GS,Mip-NeRF 360,flowers,21.22,0.571,0.385,14.42,MB,,,,,,,rate-distortion sweep point lambda=2e-3
hac_plusplus_chen_tpami2025,2501.12255,Table D,18,supplement,HAC++,Scaffold-GS,Mip-NeRF 360,treehill,23.26,0.642,0.366,14.65,MB,,,,,,,rate-distortion sweep point lambda=2e-3
hac_plusplus_chen_tpami2025,2501.12255,Table D,18,supplement,HAC++,Scaffold-GS,Mip-NeRF 360,average,27.74,0.808,0.242,11.18,MB,,,,,,,rate-distortion sweep point lambda=2e-3
hac_plusplus_chen_tpami2025,2501.12255,Table D,18,supplement,HAC++,Scaffold-GS,Mip-NeRF 360,bicycle,25.04,0.74,0.268,23.09,MB,,,,,,,rate-distortion sweep point lambda=1e-3
hac_plusplus_chen_tpami2025,2501.12255,Table D,18,supplement,HAC++,Scaffold-GS,Mip-NeRF 360,garden,27.44,0.847,0.147,22.14,MB,,,,,,,rate-distortion sweep point lambda=1e-3
hac_plusplus_chen_tpami2025,2501.12255,Table D,18,supplement,HAC++,Scaffold-GS,Mip-NeRF 360,stump,26.6,0.762,0.269,16.47,MB,,,,,,,rate-distortion sweep point lambda=1e-3
hac_plusplus_chen_tpami2025,2501.12255,Table D,18,supplement,HAC++,Scaffold-GS,Mip-NeRF 360,room,32.04,0.927,0.199,5.99,MB,,,,,,,rate-distortion sweep point lambda=1e-3
hac_plusplus_chen_tpami2025,2501.12255,Table D,18,supplement,HAC++,Scaffold-GS,Mip-NeRF 360,counter,29.71,0.917,0.188,8.06,MB,,,,,,,rate-distortion sweep point lambda=1e-3
hac_plusplus_chen_tpami2025,2501.12255,Table D,18,supplement,HAC++,Scaffold-GS,Mip-NeRF 360,kitchen,31.7,0.93,0.125,9.23,MB,,,,,,,rate-distortion sweep point lambda=1e-3
hac_plusplus_chen_tpami2025,2501.12255,Table D,18,supplement,HAC++,Scaffold-GS,Mip-NeRF 360,bonsai,33.06,0.949,0.181,8.84,MB,,,,,,,rate-distortion sweep point lambda=1e-3
hac_plusplus_chen_tpami2025,2501.12255,Table D,18,supplement,HAC++,Scaffold-GS,Mip-NeRF 360,flowers,21.31,0.575,0.378,19.03,MB,,,,,,,rate-distortion sweep point lambda=1e-3
hac_plusplus_chen_tpami2025,2501.12255,Table D,18,supplement,HAC++,Scaffold-GS,Mip-NeRF 360,treehill,23.3,0.646,0.352,19.72,MB,,,,,,,rate-distortion sweep point lambda=1e-3
hac_plusplus_chen_tpami2025,2501.12255,Table D,18,supplement,HAC++,Scaffold-GS,Mip-NeRF 360,average,27.8,0.81,0.234,14.73,MB,,,,,,,rate-distortion sweep point lambda=1e-3
hac_plusplus_chen_tpami2025,2501.12255,Table D,18,supplement,HAC++,Scaffold-GS,Mip-NeRF 360,bicycle,25.05,0.738,0.268,29.25,MB,,,,,,,rate-distortion sweep point lambda=0.5e-3
hac_plusplus_chen_tpami2025,2501.12255,Table D,18,supplement,HAC++,Scaffold-GS,Mip-NeRF 360,garden,27.49,0.85,0.14,27.22,MB,,,,,,,rate-distortion sweep point lambda=0.5e-3
hac_plusplus_chen_tpami2025,2501.12255,Table D,18,supplement,HAC++,Scaffold-GS,Mip-NeRF 360,stump,26.52,0.761,0.265,21.02,MB,,,,,,,rate-distortion sweep point lambda=0.5e-3
hac_plusplus_chen_tpami2025,2501.12255,Table D,18,supplement,HAC++,Scaffold-GS,Mip-NeRF 360,room,32.05,0.928,0.196,7.55,MB,,,,,,,rate-distortion sweep point lambda=0.5e-3
hac_plusplus_chen_tpami2025,2501.12255,Table D,18,supplement,HAC++,Scaffold-GS,Mip-NeRF 360,counter,29.81,0.919,0.183,9.73,MB,,,,,,,rate-distortion sweep point lambda=0.5e-3
hac_plusplus_chen_tpami2025,2501.12255,Table D,18,supplement,HAC++,Scaffold-GS,Mip-NeRF 360,kitchen,31.81,0.931,0.122,11.37,MB,,,,,,,rate-distortion sweep point lambda=0.5e-3
hac_plusplus_chen_tpami2025,2501.12255,Table D,18,supplement,HAC++,Scaffold-GS,Mip-NeRF 360,bonsai,33.17,0.95,0.179,11.15,MB,,,,,,,rate-distortion sweep point lambda=0.5e-3
hac_plusplus_chen_tpami2025,2501.12255,Table D,18,supplement,HAC++,Scaffold-GS,Mip-NeRF 360,flowers,21.28,0.576,0.375,24.19,MB,,,,,,,rate-distortion sweep point lambda=0.5e-3
hac_plusplus_chen_tpami2025,2501.12255,Table D,18,supplement,HAC++,Scaffold-GS,Mip-NeRF 360,treehill,23.2,0.645,0.349,24.85,MB,,,,,,,rate-distortion sweep point lambda=0.5e-3
hac_plusplus_chen_tpami2025,2501.12255,Table D,18,supplement,HAC++,Scaffold-GS,Mip-NeRF 360,average,27.82,0.811,0.231,18.48,MB,,,,,,,rate-distortion sweep point lambda=0.5e-3
hac_plusplus_chen_tpami2025,2501.12255,Table E,18,supplement,HAC++,Scaffold-GS,BungeeNeRF,amsterdam,26.85,0.871,0.22,14.05,MB,,,,,,,rate-distortion sweep point lambda=4e-3
hac_plusplus_chen_tpami2025,2501.12255,Table E,18,supplement,HAC++,Scaffold-GS,BungeeNeRF,bilbao,27.92,0.881,0.206,11.02,MB,,,,,,,rate-distortion sweep point lambda=4e-3
hac_plusplus_chen_tpami2025,2501.12255,Table E,18,supplement,HAC++,Scaffold-GS,BungeeNeRF,hollywood,24.3,0.753,0.348,11.22,MB,,,,,,,rate-distortion sweep point lambda=4e-3
hac_plusplus_chen_tpami2025,2501.12255,Table E,18,supplement,HAC++,Scaffold-GS,BungeeNeRF,pompidou,25.35,0.846,0.244,12.49,MB,,,,,,,rate-distortion sweep point lambda=4e-3
hac_plusplus_chen_tpami2025,2501.12255,Table E,18,supplement,HAC++,Scaffold-GS,BungeeNeRF,quebec,30.0,0.93,0.172,9.84,MB,,,,,,,rate-distortion sweep point lambda=4e-3
hac_plusplus_chen_tpami2025,2501.12255,Table E,18,supplement,HAC++,Scaffold-GS,BungeeNeRF,rome,26.25,0.865,0.222,11.91,MB,,,,,,,rate-distortion sweep point lambda=4e-3
hac_plusplus_chen_tpami2025,2501.12255,Table E,18,supplement,HAC++,Scaffold-GS,BungeeNeRF,average,26.78,0.858,0.235,11.75,MB,,,,,,,rate-distortion sweep point lambda=4e-3
hac_plusplus_chen_tpami2025,2501.12255,Table E,18,supplement,HAC++,Scaffold-GS,BungeeNeRF,amsterdam,27.03,0.879,0.206,16.01,MB,,,,,,,rate-distortion sweep point lambda=3e-3
hac_plusplus_chen_tpami2025,2501.12255,Table E,18,supplement,HAC++,Scaffold-GS,BungeeNeRF,bilbao,28.09,0.887,0.191,12.59,MB,,,,,,,rate-distortion sweep point lambda=3e-3
hac_plusplus_chen_tpami2025,2501.12255,Table E,18,supplement,HAC++,Scaffold-GS,BungeeNeRF,hollywood,24.51,0.766,0.334,12.76,MB,,,,,,,rate-distortion sweep point lambda=3e-3
hac_plusplus_chen_tpami2025,2501.12255,Table E,18,supplement,HAC++,Scaffold-GS,BungeeNeRF,pompidou,25.55,0.852,0.235,14.81,MB,,,,,,,rate-distortion sweep point lambda=3e-3
hac_plusplus_chen_tpami2025,2501.12255,Table E,18,supplement,HAC++,Scaffold-GS,BungeeNeRF,quebec,30.19,0.934,0.164,11.39,MB,,,,,,,rate-distortion sweep point lambda=3e-3
hac_plusplus_chen_tpami2025,2501.12255,Table E,18,supplement,HAC++,Scaffold-GS,BungeeNeRF,rome,26.39,0.872,0.21,13.61,MB,,,,,,,rate-distortion sweep point lambda=3e-3
hac_plusplus_chen_tpami2025,2501.12255,Table E,18,supplement,HAC++,Scaffold-GS,BungeeNeRF,average,26.96,0.865,0.223,13.53,MB,,,,,,,rate-distortion sweep point lambda=3e-3
hac_plusplus_chen_tpami2025,2501.12255,Table E,18,supplement,HAC++,Scaffold-GS,BungeeNeRF,amsterdam,27.22,0.888,0.189,19.35,MB,,,,,,,rate-distortion sweep point lambda=2e-3
hac_plusplus_chen_tpami2025,2501.12255,Table E,18,supplement,HAC++,Scaffold-GS,BungeeNeRF,bilbao,28.12,0.893,0.179,15.14,MB,,,,,,,rate-distortion sweep point lambda=2e-3
hac_plusplus_chen_tpami2025,2501.12255,Table E,18,supplement,HAC++,Scaffold-GS,BungeeNeRF,hollywood,24.71,0.784,0.312,15.37,MB,,,,,,,rate-distortion sweep point lambda=2e-3
hac_plusplus_chen_tpami2025,2501.12255,Table E,18,supplement,HAC++,Scaffold-GS,BungeeNeRF,pompidou,25.7,0.858,0.227,17.39,MB,,,,,,,rate-distortion sweep point lambda=2e-3
hac_plusplus_chen_tpami2025,2501.12255,Table E,18,supplement,HAC++,Scaffold-GS,BungeeNeRF,quebec,30.35,0.937,0.155,13.47,MB,,,,,,,rate-distortion sweep point lambda=2e-3
hac_plusplus_chen_tpami2025,2501.12255,Table E,18,supplement,HAC++,Scaffold-GS,BungeeNeRF,rome,26.67,0.881,0.199,16.07,MB,,,,,,,rate-distortion sweep point lambda=2e-3
hac_plusplus_chen_tpami2025,2501.12255,Table E,18,supplement,HAC++,Scaffold-GS,BungeeNeRF,average,27.13,0.873,0.21,16.13,MB,,,,,,,rate-distortion sweep point lambda=2e-3
hac_plusplus_chen_tpami2025,2501.12255,Table E,18,supplement,HAC++,Scaffold-GS,BungeeNeRF,amsterdam,27.29,0.896,0.169,25.2,MB,,,,,,,rate-distortion sweep point lambda=1e-3
hac_plusplus_chen_tpami2025,2501.12255,Table E,18,supplement,HAC++,Scaffold-GS,BungeeNeRF,bilbao,27.89,0.894,0.169,19.58,MB,,,,,,,rate-distortion sweep point lambda=1e-3
hac_plusplus_chen_tpami2025,2501.12255,Table E,18,supplement,HAC++,Scaffold-GS,BungeeNeRF,hollywood,24.84,0.797,0.29,19.48,MB,,,,,,,rate-distortion sweep point lambda=1e-3
hac_plusplus_chen_tpami2025,2501.12255,Table E,18,supplement,HAC++,Scaffold-GS,BungeeNeRF,pompidou,25.73,0.86,0.219,22.57,MB,,,,,,,rate-distortion sweep point lambda=1e-3
hac_plusplus_chen_tpami2025,2501.12255,Table E,18,supplement,HAC++,Scaffold-GS,BungeeNeRF,quebec,30.51,0.941,0.146,17.49,MB,,,,,,,rate-distortion sweep point lambda=1e-3
hac_plusplus_chen_tpami2025,2501.12255,Table E,18,supplement,HAC++,Scaffold-GS,BungeeNeRF,rome,26.78,0.887,0.184,20.58,MB,,,,,,,rate-distortion sweep point lambda=1e-3
hac_plusplus_chen_tpami2025,2501.12255,Table E,18,supplement,HAC++,Scaffold-GS,BungeeNeRF,average,27.17,0.879,0.196,20.82,MB,,,,,,,rate-distortion sweep point lambda=1e-3
hac_plusplus_chen_tpami2025,2501.12255,"Tables IV, V, VI, VIII",12,main,HAC++,Scaffold-GS,Mip-NeRF 360,average,,,,18.48,MB,491852,,,18.1,30.86,,"lambda=0.5e-3; num_gaussians is the valid ANCHOR count, not Gaussians; total anchors 560425, valid-anchor ratio 0.865, valid-Gaussian ratio 0.314; each anchor carries K=10 Gaussians"
hac_plusplus_chen_tpami2025,2501.12255,"Tables IV, V, VI, VIII",12,main,HAC++,Scaffold-GS,Mip-NeRF 360,average,,,,14.73,MB,449658,,,15.19,25.62,,"lambda=1e-3; num_gaussians is the valid ANCHOR count, not Gaussians; total anchors 561429, valid-anchor ratio 0.79, valid-Gaussian ratio 0.24; each anchor carries K=10 Gaussians"
hac_plusplus_chen_tpami2025,2501.12255,"Tables IV, V, VI, VIII",12,main,HAC++,Scaffold-GS,Mip-NeRF 360,average,,,,11.18,MB,396485,,,12.17,20.05,,"lambda=2e-3; num_gaussians is the valid ANCHOR count, not Gaussians; total anchors 564852, valid-anchor ratio 0.695, valid-Gaussian ratio 0.168; each anchor carries K=10 Gaussians"
hac_plusplus_chen_tpami2025,2501.12255,"Tables IV, V, VI, VIII",12,main,HAC++,Scaffold-GS,Mip-NeRF 360,average,,,,9.35,MB,359629,,,10.59,17.22,,"lambda=3e-3; num_gaussians is the valid ANCHOR count, not Gaussians; total anchors 570567, valid-anchor ratio 0.628, valid-Gaussian ratio 0.132; each anchor carries K=10 Gaussians"
hac_plusplus_chen_tpami2025,2501.12255,"Tables IV, V, VI, VIII",12,main,HAC++,Scaffold-GS,Mip-NeRF 360,average,,,,8.34,MB,342049,,,9.8,15.77,,"lambda=4e-3; num_gaussians is the valid ANCHOR count, not Gaussians; total anchors 571923, valid-anchor ratio 0.596, valid-Gaussian ratio 0.118; each anchor carries K=10 Gaussians"
hac_plusplus_chen_tpami2025,2501.12255,Table IX,13,main,HAC++ (lowrate),Scaffold-GS,NeRF Synthetic,average,,,,,,38467,,,0.8,1.18,,"num_gaussians is the averaged number of valid ANCHORS, not Gaussians"
hac_plusplus_chen_tpami2025,2501.12255,Table IX,13,main,HAC++ (highrate),Scaffold-GS,NeRF Synthetic,average,,,,,,38467,,,1.57,2.36,,"num_gaussians is the averaged number of valid ANCHORS, not Gaussians"
hac_plusplus_chen_tpami2025,2501.12255,Table IX,13,main,HAC++ (lowrate),Scaffold-GS,Mip-NeRF 360,average,,,,,,407934,,,9.8,15.77,,"num_gaussians is the averaged number of valid ANCHORS, not Gaussians"
hac_plusplus_chen_tpami2025,2501.12255,Table IX,13,main,HAC++ (highrate),Scaffold-GS,Mip-NeRF 360,average,,,,,,407934,,,18.1,30.86,,"num_gaussians is the averaged number of valid ANCHORS, not Gaussians"
hac_plusplus_chen_tpami2025,2501.12255,Table IX,13,main,HAC++ (lowrate),Scaffold-GS,Tanks and Temples,average,,,,,,240915,,,6.01,9.58,,"num_gaussians is the averaged number of valid ANCHORS, not Gaussians"
hac_plusplus_chen_tpami2025,2501.12255,Table IX,13,main,HAC++ (highrate),Scaffold-GS,Tanks and Temples,average,,,,,,240915,,,9.01,14.2,,"num_gaussians is the averaged number of valid ANCHORS, not Gaussians"
hac_plusplus_chen_tpami2025,2501.12255,Table IX,13,main,HAC++ (lowrate),Scaffold-GS,Deep Blending,average,,,,,,145773,,,3.35,4.92,,"num_gaussians is the averaged number of valid ANCHORS, not Gaussians"
hac_plusplus_chen_tpami2025,2501.12255,Table IX,13,main,HAC++ (highrate),Scaffold-GS,Deep Blending,average,,,,,,145773,,,5.17,7.86,,"num_gaussians is the averaged number of valid ANCHORS, not Gaussians"
hac_plusplus_chen_tpami2025,2501.12255,Table IX,13,main,HAC++ (lowrate),Scaffold-GS,BungeeNeRF,average,,,,,,460713,,,12.44,18.67,,"num_gaussians is the averaged number of valid ANCHORS, not Gaussians"
hac_plusplus_chen_tpami2025,2501.12255,Table IX,13,main,HAC++ (highrate),Scaffold-GS,BungeeNeRF,average,,,,,,460713,,,18.62,28.58,,"num_gaussians is the averaged number of valid ANCHORS, not Gaussians"
hac_plusplus_chen_tpami2025,2501.12255,Table X / XI,13,main,3DGS,3DGS,Mip-NeRF 360,average,,,,,,3175000,99,1590,,,,peak GPU memory 12.00 GB
hac_plusplus_chen_tpami2025,2501.12255,Table X / XI,13,main,Scaffold-GS,Scaffold-GS,Mip-NeRF 360,average,,,,,,5674000,135,1286,,,,peak GPU memory 9.69 GB
hac_plusplus_chen_tpami2025,2501.12255,Table X / XI,13,main,HAC++ (lowrate),Scaffold-GS,Mip-NeRF 360,average,,,,,,682000,151,2384,,,,peak GPU memory 10.87 GB; valid Gaussian count
hac_plusplus_chen_tpami2025,2501.12255,Table X / XI,13,main,HAC++ (highrate),Scaffold-GS,Mip-NeRF 360,average,,,,,,1853000,130,2278,,,,peak GPU memory 11.66 GB; valid Gaussian count
hemgs_liu_2024,2411.18473,Table 1,6,main,3DGS,3DGS,Mip-NeRF 360,average,27.49,0.813,0.222,744.7,MB,,,,,,,
hemgs_liu_2024,2411.18473,Table 1,6,main,Scaffold-GS,Scaffold-GS,Mip-NeRF 360,average,27.5,0.806,0.252,253.9,MB,,,,,,,
hemgs_liu_2024,2411.18473,Table 1,6,main,EAGLES,3DGS,Mip-NeRF 360,average,27.15,0.808,0.238,68.89,MB,,,,,,,
hemgs_liu_2024,2411.18473,Table 1,6,main,LightGaussian,3DGS,Mip-NeRF 360,average,27.0,0.799,0.249,44.54,MB,,,,,,,
hemgs_liu_2024,2411.18473,Table 1,6,main,Compact3DGS (Lee et al.),3DGS,Mip-NeRF 360,average,27.08,0.798,0.247,48.8,MB,,,,,,,
hemgs_liu_2024,2411.18473,Table 1,6,main,Compressed3D,3DGS,Mip-NeRF 360,average,26.98,0.801,0.238,28.8,MB,,,,,,,
hemgs_liu_2024,2411.18473,Table 1,6,main,Morgenstern et al. (Self-Organizing Gaussians),3DGS,Mip-NeRF 360,average,26.01,0.772,0.259,23.9,MB,,,,,,,
hemgs_liu_2024,2411.18473,Table 1,6,main,Navaneet et al. (Compact3D),3DGS,Mip-NeRF 360,average,27.16,0.808,0.228,50.3,MB,,,,,,,
hemgs_liu_2024,2411.18473,Table 1,6,main,CompGS,3DGS,Mip-NeRF 360,average,27.26,0.803,0.239,16.5,MB,,,,,,,
hemgs_liu_2024,2411.18473,Table 1,6,main,HAC,Scaffold-GS,Mip-NeRF 360,average,27.77,0.811,0.23,21.87,MB,,,,,,,
hemgs_liu_2024,2411.18473,Table 1,6,main,ContextGS,Scaffold-GS,Mip-NeRF 360,average,27.72,0.811,0.231,21.58,MB,,,,,,,"HEMGS quotes ContextGS at 21.58 MB, the value from ContextGS appendix Table 9, not the 18.41 MB of ContextGS Table 1"
hemgs_liu_2024,2411.18473,Table 1,6,main,HEMGS (low-rate),Scaffold-GS,Mip-NeRF 360,average,27.68,0.809,0.239,12.52,MB,,,,,,,"HEMGS reaches 16 rate points from a single model via its variable-rate predictor; four lambdas (1e-3, 2e-3, 3e-3, 4e-3) are used during training"
hemgs_liu_2024,2411.18473,Table 1,6,main,HEMGS (high-rate),Scaffold-GS,Mip-NeRF 360,average,27.89,0.815,0.226,17.56,MB,,,,,,,"HEMGS reaches 16 rate points from a single model via its variable-rate predictor; four lambdas (1e-3, 2e-3, 3e-3, 4e-3) are used during training"
hemgs_liu_2024,2411.18473,Table 1,6,main,3DGS,3DGS,Tanks and Temples,average,23.69,0.844,0.178,431.0,MB,,,,,,,
hemgs_liu_2024,2411.18473,Table 1,6,main,Scaffold-GS,Scaffold-GS,Tanks and Temples,average,23.96,0.853,0.177,86.5,MB,,,,,,,
hemgs_liu_2024,2411.18473,Table 1,6,main,EAGLES,3DGS,Tanks and Temples,average,23.41,0.84,0.2,34.0,MB,,,,,,,
hemgs_liu_2024,2411.18473,Table 1,6,main,LightGaussian,3DGS,Tanks and Temples,average,22.83,0.822,0.242,22.43,MB,,,,,,,
hemgs_liu_2024,2411.18473,Table 1,6,main,Compact3DGS (Lee et al.),3DGS,Tanks and Temples,average,23.32,0.831,0.201,39.43,MB,,,,,,,
hemgs_liu_2024,2411.18473,Table 1,6,main,Compressed3D,3DGS,Tanks and Temples,average,23.32,0.832,0.194,17.28,MB,,,,,,,
hemgs_liu_2024,2411.18473,Table 1,6,main,Morgenstern et al. (Self-Organizing Gaussians),3DGS,Tanks and Temples,average,22.78,0.817,0.211,13.05,MB,,,,,,,
hemgs_liu_2024,2411.18473,Table 1,6,main,Navaneet et al. (Compact3D),3DGS,Tanks and Temples,average,23.47,0.84,0.188,27.97,MB,,,,,,,
hemgs_liu_2024,2411.18473,Table 1,6,main,CompGS,3DGS,Tanks and Temples,average,23.7,0.837,0.208,9.6,MB,,,,,,,
hemgs_liu_2024,2411.18473,Table 1,6,main,HAC,Scaffold-GS,Tanks and Temples,average,24.4,0.853,0.177,11.24,MB,,,,,,,
hemgs_liu_2024,2411.18473,Table 1,6,main,ContextGS,Scaffold-GS,Tanks and Temples,average,24.29,0.855,0.176,11.8,MB,,,,,,,
hemgs_liu_2024,2411.18473,Table 1,6,main,HEMGS (low-rate),Scaffold-GS,Tanks and Temples,average,24.41,0.854,0.183,6.13,MB,,,,,,,"HEMGS reaches 16 rate points from a single model via its variable-rate predictor; four lambdas (1e-3, 2e-3, 3e-3, 4e-3) are used during training"
hemgs_liu_2024,2411.18473,Table 1,6,main,HEMGS (high-rate),Scaffold-GS,Tanks and Temples,average,24.62,0.857,0.18,7.46,MB,,,,,,,"HEMGS reaches 16 rate points from a single model via its variable-rate predictor; four lambdas (1e-3, 2e-3, 3e-3, 4e-3) are used during training"
hemgs_liu_2024,2411.18473,Table 1,6,main,3DGS,3DGS,Deep Blending,average,29.42,0.899,0.247,663.9,MB,,,,,,,
hemgs_liu_2024,2411.18473,Table 1,6,main,Scaffold-GS,Scaffold-GS,Deep Blending,average,30.21,0.906,0.254,66.0,MB,,,,,,,
hemgs_liu_2024,2411.18473,Table 1,6,main,EAGLES,3DGS,Deep Blending,average,29.91,0.91,0.25,62.0,MB,,,,,,,
hemgs_liu_2024,2411.18473,Table 1,6,main,LightGaussian,3DGS,Deep Blending,average,27.01,0.872,0.308,33.94,MB,,,,,,,
hemgs_liu_2024,2411.18473,Table 1,6,main,Compact3DGS (Lee et al.),3DGS,Deep Blending,average,29.79,0.901,0.258,43.21,MB,,,,,,,
hemgs_liu_2024,2411.18473,Table 1,6,main,Compressed3D,3DGS,Deep Blending,average,29.38,0.898,0.253,25.3,MB,,,,,,,
hemgs_liu_2024,2411.18473,Table 1,6,main,Morgenstern et al. (Self-Organizing Gaussians),3DGS,Deep Blending,average,28.92,0.891,0.276,8.4,MB,,,,,,,
hemgs_liu_2024,2411.18473,Table 1,6,main,Navaneet et al. (Compact3D),3DGS,Deep Blending,average,29.75,0.903,0.247,42.77,MB,,,,,,,
hemgs_liu_2024,2411.18473,Table 1,6,main,CompGS,3DGS,Deep Blending,average,29.69,0.901,0.279,8.77,MB,,,,,,,
hemgs_liu_2024,2411.18473,Table 1,6,main,HAC,Scaffold-GS,Deep Blending,average,30.34,0.906,0.258,6.35,MB,,,,,,,
hemgs_liu_2024,2411.18473,Table 1,6,main,ContextGS,Scaffold-GS,Deep Blending,average,30.39,0.909,0.258,6.6,MB,,,,,,,
hemgs_liu_2024,2411.18473,Table 1,6,main,HEMGS (low-rate),Scaffold-GS,Deep Blending,average,30.24,0.909,0.258,3.67,MB,,,,,,,"HEMGS reaches 16 rate points from a single model via its variable-rate predictor; four lambdas (1e-3, 2e-3, 3e-3, 4e-3) are used during training"
hemgs_liu_2024,2411.18473,Table 1,6,main,HEMGS (high-rate),Scaffold-GS,Deep Blending,average,30.4,0.911,0.255,4.25,MB,,,,,,,"HEMGS reaches 16 rate points from a single model via its variable-rate predictor; four lambdas (1e-3, 2e-3, 3e-3, 4e-3) are used during training"
hemgs_liu_2024,2411.18473,Table 1,6,main,3DGS,3DGS,NeRF Synthetic,average,33.8,0.97,0.031,68.46,MB,,,,,,,
hemgs_liu_2024,2411.18473,Table 1,6,main,Scaffold-GS,Scaffold-GS,NeRF Synthetic,average,33.41,0.966,0.035,19.36,MB,,,,,,,
hemgs_liu_2024,2411.18473,Table 1,6,main,EAGLES,3DGS,NeRF Synthetic,average,32.54,0.965,0.039,5.74,MB,,,,,,,
hemgs_liu_2024,2411.18473,Table 1,6,main,LightGaussian,3DGS,NeRF Synthetic,average,32.73,0.965,0.037,7.84,MB,,,,,,,
hemgs_liu_2024,2411.18473,Table 1,6,main,Compact3DGS (Lee et al.),3DGS,NeRF Synthetic,average,33.33,0.968,0.034,5.54,MB,,,,,,,
hemgs_liu_2024,2411.18473,Table 1,6,main,Compressed3D,3DGS,NeRF Synthetic,average,32.94,0.967,0.033,3.68,MB,,,,,,,
hemgs_liu_2024,2411.18473,Table 1,6,main,Morgenstern et al. (Self-Organizing Gaussians),3DGS,NeRF Synthetic,average,31.05,0.955,0.047,2.2,MB,,,,,,,
hemgs_liu_2024,2411.18473,Table 1,6,main,Navaneet et al. (Compact3D),3DGS,NeRF Synthetic,average,33.09,0.967,0.036,4.42,MB,,,,,,,
hemgs_liu_2024,2411.18473,Table 1,6,main,HAC,Scaffold-GS,NeRF Synthetic,average,33.71,0.968,0.034,1.86,MB,,,,,,,
hemgs_liu_2024,2411.18473,Table 1,6,main,HEMGS (low-rate),Scaffold-GS,NeRF Synthetic,average,33.33,0.967,0.038,1.18,MB,,,,,,,"HEMGS reaches 16 rate points from a single model via its variable-rate predictor; four lambdas (1e-3, 2e-3, 3e-3, 4e-3) are used during training"
hemgs_liu_2024,2411.18473,Table 1,6,main,HEMGS (high-rate),Scaffold-GS,NeRF Synthetic,average,33.82,0.968,0.034,1.62,MB,,,,,,,"HEMGS reaches 16 rate points from a single model via its variable-rate predictor; four lambdas (1e-3, 2e-3, 3e-3, 4e-3) are used during training"
hemgs_liu_2024,2411.18473,Table 3,7,ablation,HEMGS,Scaffold-GS,Deep Blending,playroom,30.75,,,3.31,MB,,,,,,,
hemgs_liu_2024,2411.18473,Table 3,7,ablation,HEMGS w/o scene-agnostic network,Scaffold-GS,Deep Blending,playroom,30.67,,,3.54,MB,,,,,,,
hemgs_liu_2024,2411.18473,Table 3,7,ablation,HEMGS w/o scene-agnostic and autoregressive network,Scaffold-GS,Deep Blending,playroom,30.62,,,4.11,MB,,,,,,,
hemgs_liu_2024,2411.18473,Table 4,7,ablation,HEMGS,Scaffold-GS,Deep Blending,playroom,30.67,,,3.54,MB,,,,,,,"average anchors in the receptive field 5.76, maximum 20; the receptive field is 25x25x25 at voxel level unless stated"
hemgs_liu_2024,2411.18473,Table 4,7,ablation,HEMGS w/o adaptive context selection,Scaffold-GS,Deep Blending,playroom,30.67,,,3.75,MB,,,,,,,"average anchors in the receptive field 6.15, maximum 80; the receptive field is 25x25x25 at voxel level unless stated"
hemgs_liu_2024,2411.18473,Table 4,7,ablation,HEMGS with small receptive field (5x5x5),Scaffold-GS,Deep Blending,playroom,30.65,,,4.01,MB,,,,,,,"average anchors in the receptive field 0.43, maximum 30; the receptive field is 25x25x25 at voxel level unless stated"
hemgs_liu_2024,2411.18473,Table 5,8,ablation,HAC,Scaffold-GS,Deep Blending,average,30.22,0.908,,4.318,MB,,,,,,,"per-component storage in MB: location 0.897, feature 1.366, scaling 0.716, offsets 0.974, others 0.362"
hemgs_liu_2024,2411.18473,Table 5,8,ablation,HEMGS,Scaffold-GS,Deep Blending,average,30.24,0.909,,3.67,MB,,,,,,,"per-component storage in MB: location 0.736, feature 1.244, scaling 0.648, offsets 0.64, others 0.402"
hemgs_liu_2024,2411.18473,Table 6,8,main,ContextGS,Scaffold-GS,Deep Blending,average,,,,,,,,,,,,"training time 5 x N hours, model size 0.316 x N MB; N is the number of rate points; ContextGS needs one model per rate point; entries are formulas, not scalars, so they are left out of the numeric columns"
hemgs_liu_2024,2411.18473,Table 6,8,main,HAC,Scaffold-GS,Deep Blending,average,,,,,,,,,,,,"training time 0.5 x N hours, model size 0.157 x N MB; N is the number of rate points; HAC needs one model per rate point; entries are formulas, not scalars, so they are left out of the numeric columns"
hemgs_liu_2024,2411.18473,Table 6,8,main,HEMGS,Scaffold-GS,Deep Blending,average,,,,,,,,,,,,"training time 1 x 1 hours, model size 0.236 x 1 MB; a single model covers every rate point; entries are formulas, not scalars, so they are left out of the numeric columns"
mesongs_xie_eccv2024,2409.09756,Table 1,10,main,3DGS,3DGS,Mip-NeRF 360,average,28.98,0.865,0.193,641.7,MB,,,,,,,"sizes are after a standard zip compression; the Mip-NeRF 360 numbers use a different scene subset from HAC/Scaffold-GS papers, so 3DGS reads 28.98 dB here rather than 27.49 dB"
mesongs_xie_eccv2024,2409.09756,Table 1,10,main,C3DGS (Niedermayr et al.),3DGS,Mip-NeRF 360,average,28.49,0.858,0.205,27.82,MB,,,,,,,"sizes are after a standard zip compression; the Mip-NeRF 360 numbers use a different scene subset from HAC/Scaffold-GS papers, so 3DGS reads 28.98 dB here rather than 27.49 dB"
mesongs_xie_eccv2024,2409.09756,Table 1,10,main,Compact 3DGS (Lee et al.),3DGS,Mip-NeRF 360,average,28.6,0.856,0.209,46.98,MB,,,,,,,"sizes are after a standard zip compression; the Mip-NeRF 360 numbers use a different scene subset from HAC/Scaffold-GS papers, so 3DGS reads 28.98 dB here rather than 27.49 dB"
mesongs_xie_eccv2024,2409.09756,Table 1,10,main,MesonGS,3DGS,Mip-NeRF 360,average,27.7,0.838,0.224,27.62,MB,,,,,,,"sizes are after a standard zip compression; the Mip-NeRF 360 numbers use a different scene subset from HAC/Scaffold-GS papers, so 3DGS reads 28.98 dB here rather than 27.49 dB"
mesongs_xie_eccv2024,2409.09756,Table 1,10,main,MesonGS-FT,3DGS,Mip-NeRF 360,average,28.61,0.856,0.206,27.62,MB,,,,,,,"sizes are after a standard zip compression; the Mip-NeRF 360 numbers use a different scene subset from HAC/Scaffold-GS papers, so 3DGS reads 28.98 dB here rather than 27.49 dB"
mesongs_xie_eccv2024,2409.09756,Table 1,10,main,3DGS,3DGS,Tanks and Temples,average,23.36,0.838,0.187,421.9,MB,,,,,,,"sizes are after a standard zip compression; the Mip-NeRF 360 numbers use a different scene subset from HAC/Scaffold-GS papers, so 3DGS reads 28.98 dB here rather than 27.49 dB"
mesongs_xie_eccv2024,2409.09756,Table 1,10,main,C3DGS (Niedermayr et al.),3DGS,Tanks and Temples,average,23.32,0.832,0.194,17.28,MB,,,,,,,"sizes are after a standard zip compression; the Mip-NeRF 360 numbers use a different scene subset from HAC/Scaffold-GS papers, so 3DGS reads 28.98 dB here rather than 27.49 dB"
mesongs_xie_eccv2024,2409.09756,Table 1,10,main,Compact 3DGS (Lee et al.),3DGS,Tanks and Temples,average,23.32,0.831,0.201,39.4,MB,,,,,,,"sizes are after a standard zip compression; the Mip-NeRF 360 numbers use a different scene subset from HAC/Scaffold-GS papers, so 3DGS reads 28.98 dB here rather than 27.49 dB"
mesongs_xie_eccv2024,2409.09756,Table 1,10,main,MesonGS,3DGS,Tanks and Temples,average,22.85,0.822,0.208,16.99,MB,,,,,,,"sizes are after a standard zip compression; the Mip-NeRF 360 numbers use a different scene subset from HAC/Scaffold-GS papers, so 3DGS reads 28.98 dB here rather than 27.49 dB"
mesongs_xie_eccv2024,2409.09756,Table 1,10,main,MesonGS-FT,3DGS,Tanks and Temples,average,23.32,0.837,0.193,16.99,MB,,,,,,,"sizes are after a standard zip compression; the Mip-NeRF 360 numbers use a different scene subset from HAC/Scaffold-GS papers, so 3DGS reads 28.98 dB here rather than 27.49 dB"
mesongs_xie_eccv2024,2409.09756,Table 1,10,main,3DGS,3DGS,Deep Blending,average,29.56,0.898,0.25,703.77,MB,,,,,,,"sizes are after a standard zip compression; the Mip-NeRF 360 numbers use a different scene subset from HAC/Scaffold-GS papers, so 3DGS reads 28.98 dB here rather than 27.49 dB"
mesongs_xie_eccv2024,2409.09756,Table 1,10,main,C3DGS (Niedermayr et al.),3DGS,Deep Blending,average,29.38,0.898,0.238,25.3,MB,,,,,,,"sizes are after a standard zip compression; the Mip-NeRF 360 numbers use a different scene subset from HAC/Scaffold-GS papers, so 3DGS reads 28.98 dB here rather than 27.49 dB"
mesongs_xie_eccv2024,2409.09756,Table 1,10,main,Compact 3DGS (Lee et al.),3DGS,Deep Blending,average,29.79,0.901,0.258,43.2,MB,,,,,,,"sizes are after a standard zip compression; the Mip-NeRF 360 numbers use a different scene subset from HAC/Scaffold-GS papers, so 3DGS reads 28.98 dB here rather than 27.49 dB"
mesongs_xie_eccv2024,2409.09756,Table 1,10,main,MesonGS,3DGS,Deep Blending,average,29.08,0.895,0.26,24.76,MB,,,,,,,"sizes are after a standard zip compression; the Mip-NeRF 360 numbers use a different scene subset from HAC/Scaffold-GS papers, so 3DGS reads 28.98 dB here rather than 27.49 dB"
mesongs_xie_eccv2024,2409.09756,Table 1,10,main,MesonGS-FT,3DGS,Deep Blending,average,29.51,0.901,0.251,24.76,MB,,,,,,,"sizes are after a standard zip compression; the Mip-NeRF 360 numbers use a different scene subset from HAC/Scaffold-GS papers, so 3DGS reads 28.98 dB here rather than 27.49 dB"
mesongs_xie_eccv2024,2409.09756,Table 2,10,main,3DGS,3DGS,NeRF Synthetic,average,33.37,0.97,0.031,68.55,MB,,,,,,,right half of the table compares NeRF compression methods built on DVGO
mesongs_xie_eccv2024,2409.09756,Table 2,10,main,C3DGS (Niedermayr et al.),3DGS,NeRF Synthetic,average,32.94,0.967,0.033,3.68,MB,,,,,,,right half of the table compares NeRF compression methods built on DVGO
mesongs_xie_eccv2024,2409.09756,Table 2,10,main,Compact 3DGS (Lee et al.),3DGS,NeRF Synthetic,average,33.33,0.968,0.034,8.61,MB,,,,,,,right half of the table compares NeRF compression methods built on DVGO
mesongs_xie_eccv2024,2409.09756,Table 2,10,main,MesonGS,3DGS,NeRF Synthetic,average,32.25,0.963,0.038,3.65,MB,,,,,,,right half of the table compares NeRF compression methods built on DVGO
mesongs_xie_eccv2024,2409.09756,Table 2,10,main,MesonGS-FT,3DGS,NeRF Synthetic,average,32.92,0.968,0.033,3.66,MB,,,,,,,right half of the table compares NeRF compression methods built on DVGO
mesongs_xie_eccv2024,2409.09756,Table 2,10,main,DVGO,DVGO,NeRF Synthetic,average,31.9,0.956,0.035,105.92,MB,,,,,,,right half of the table compares NeRF compression methods built on DVGO
mesongs_xie_eccv2024,2409.09756,Table 2,10,main,VQRF,DVGO,NeRF Synthetic,average,31.77,0.954,0.036,1.43,MB,,,,,,,right half of the table compares NeRF compression methods built on DVGO
mesongs_xie_eccv2024,2409.09756,Table 2,10,main,ACRF,DVGO,NeRF Synthetic,average,31.79,0.954,0.037,1.15,MB,,,,,,,right half of the table compares NeRF compression methods built on DVGO
mesongs_xie_eccv2024,2409.09756,Table 2,10,main,MesonGS (on DVGO),DVGO,NeRF Synthetic,average,29.37,0.947,0.051,1.03,MB,,,,,,,right half of the table compares NeRF compression methods built on DVGO
mesongs_xie_eccv2024,2409.09756,Table 2,10,main,MesonGS-FT (on DVGO),DVGO,NeRF Synthetic,average,31.75,0.962,0.042,1.03,MB,,,,,,,right half of the table compares NeRF compression methods built on DVGO
mesongs_xie_eccv2024,2409.09756,Table 3,12,ablation,C3DGS-color,3DGS,NeRF Synthetic,average,30.79,0.9606,0.0375,,,,,,,,,"pruning-strategy ablation at an equal pruning percentage, so output sizes match across rows; two-dataset average PSNR 26.84 dB"
mesongs_xie_eccv2024,2409.09756,Table 3,12,ablation,C3DGS-color,3DGS,Mip-NeRF 360,average,22.89,0.7852,0.2471,,,,,,,,,"pruning-strategy ablation at an equal pruning percentage, so output sizes match across rows; two-dataset average PSNR 26.84 dB"
mesongs_xie_eccv2024,2409.09756,Table 3,12,ablation,C3DGS-cov,3DGS,NeRF Synthetic,average,24.37,0.9104,0.0738,,,,,,,,,"pruning-strategy ablation at an equal pruning percentage, so output sizes match across rows; two-dataset average PSNR 19.71 dB"
mesongs_xie_eccv2024,2409.09756,Table 3,12,ablation,C3DGS-cov,3DGS,Mip-NeRF 360,average,15.04,0.6992,0.3044,,,,,,,,,"pruning-strategy ablation at an equal pruning percentage, so output sizes match across rows; two-dataset average PSNR 19.71 dB"
mesongs_xie_eccv2024,2409.09756,Table 3,12,ablation,LightGaussian,3DGS,NeRF Synthetic,average,26.75,0.9372,0.0568,,,,,,,,,"pruning-strategy ablation at an equal pruning percentage, so output sizes match across rows; two-dataset average PSNR 26.84 dB"
mesongs_xie_eccv2024,2409.09756,Table 3,12,ablation,LightGaussian,3DGS,Mip-NeRF 360,average,26.93,0.8327,0.229,,,,,,,,,"pruning-strategy ablation at an equal pruning percentage, so output sizes match across rows; two-dataset average PSNR 26.84 dB"
mesongs_xie_eccv2024,2409.09756,Table 3,12,ablation,MesonGS score I_i,3DGS,NeRF Synthetic,average,30.39,0.9591,0.0389,,,,,,,,,"pruning-strategy ablation at an equal pruning percentage, so output sizes match across rows; two-dataset average PSNR 28.7 dB"
mesongs_xie_eccv2024,2409.09756,Table 3,12,ablation,MesonGS score I_i,3DGS,Mip-NeRF 360,average,27.01,0.8411,0.2164,,,,,,,,,"pruning-strategy ablation at an equal pruning percentage, so output sizes match across rows; two-dataset average PSNR 28.7 dB"
mesongs_xie_eccv2024,2409.09756,Table 3,12,ablation,MesonGS score I_i I_d,3DGS,NeRF Synthetic,average,30.52,0.9597,0.0383,,,,,,,,,"pruning-strategy ablation at an equal pruning percentage, so output sizes match across rows; two-dataset average PSNR 29.02 dB"
mesongs_xie_eccv2024,2409.09756,Table 3,12,ablation,MesonGS score I_i I_d,3DGS,Mip-NeRF 360,average,27.52,0.8441,0.2139,,,,,,,,,"pruning-strategy ablation at an equal pruning percentage, so output sizes match across rows; two-dataset average PSNR 29.02 dB"
mesongs_xie_eccv2024,2409.09756,Table 4,12,main,C3DGS (Niedermayr et al.),3DGS,NeRF Synthetic,average,,,,,,,,,30,,,Mip-NeRF 360 values printed as 5 min / 33 min / 1 min
mesongs_xie_eccv2024,2409.09756,Table 4,12,main,Compact 3DGS (Lee et al.),3DGS,NeRF Synthetic,average,,,,,,,,,480,,,Mip-NeRF 360 values printed as 5 min / 33 min / 1 min
mesongs_xie_eccv2024,2409.09756,Table 4,12,main,MesonGS,3DGS,NeRF Synthetic,average,,,,,,,,,4,,,Mip-NeRF 360 values printed as 5 min / 33 min / 1 min
mesongs_xie_eccv2024,2409.09756,Table 4,12,main,C3DGS (Niedermayr et al.),3DGS,Mip-NeRF 360,average,,,,,,,,,300,,,Mip-NeRF 360 values printed as 5 min / 33 min / 1 min
mesongs_xie_eccv2024,2409.09756,Table 4,12,main,Compact 3DGS (Lee et al.),3DGS,Mip-NeRF 360,average,,,,,,,,,1980,,,Mip-NeRF 360 values printed as 5 min / 33 min / 1 min
mesongs_xie_eccv2024,2409.09756,Table 4,12,main,MesonGS,3DGS,Mip-NeRF 360,average,,,,,,,,,60,,,Mip-NeRF 360 values printed as 5 min / 33 min / 1 min
mesongs_xie_eccv2024,2409.09756,Table 5,14,ablation,MesonGS with channel quantization,3DGS,NeRF Synthetic,average,29.47,0.9476,0.0511,1.14,MB,,,,,,,importance threshold tau=66%; bit width 8
mesongs_xie_eccv2024,2409.09756,Table 5,14,ablation,MesonGS with channel quantization,3DGS,Mip-NeRF 360,average,25.3,0.7533,0.3074,11.64,MB,,,,,,,importance threshold tau=66%; bit width 8
mesongs_xie_eccv2024,2409.09756,Table 5,14,ablation,MesonGS with channel quantization,3DGS,NeRF Synthetic,average,30.65,0.9529,0.0475,1.59,MB,,,,,,,importance threshold tau=50%; bit width 8
mesongs_xie_eccv2024,2409.09756,Table 5,14,ablation,MesonGS with channel quantization,3DGS,Mip-NeRF 360,average,25.35,0.7461,0.3147,16.47,MB,,,,,,,importance threshold tau=50%; bit width 8
mesongs_xie_eccv2024,2409.09756,Table 5,14,ablation,MesonGS with block quantization,3DGS,NeRF Synthetic,average,29.6,0.9494,0.049,1.21,MB,,,,,,,importance threshold tau=66%; bit width 8
mesongs_xie_eccv2024,2409.09756,Table 5,14,ablation,MesonGS with block quantization,3DGS,Mip-NeRF 360,average,26.28,0.8035,0.2598,12.46,MB,,,,,,,importance threshold tau=66%; bit width 8
mesongs_xie_eccv2024,2409.09756,Table 5,14,ablation,MesonGS with block quantization,3DGS,NeRF Synthetic,average,30.97,0.956,0.0441,1.73,MB,,,,,,,importance threshold tau=50%; bit width 8
mesongs_xie_eccv2024,2409.09756,Table 5,14,ablation,MesonGS with block quantization,3DGS,Mip-NeRF 360,average,27.2,0.8238,0.2402,18.42,MB,,,,,,,importance threshold tau=50%; bit width 8
mesongs_xie_eccv2024,2409.09756,Table 6,14,ablation,3DGS,3DGS,NeRF Synthetic,average,33.37,0.9696,0.0305,68.55,MB,,,,,,,cumulative stage ablation
mesongs_xie_eccv2024,2409.09756,Table 6,14,ablation,3DGS,3DGS,Mip-NeRF 360,average,28.98,0.8647,0.1931,641.73,MB,,,,,,,cumulative stage ablation
mesongs_xie_eccv2024,2409.09756,Table 6,14,ablation,+ prune,3DGS,NeRF Synthetic,average,30.52,0.9597,0.0383,20.99,MB,,,,,,,cumulative stage ablation
mesongs_xie_eccv2024,2409.09756,Table 6,14,ablation,+ prune,3DGS,Mip-NeRF 360,average,28.69,0.8612,0.197,265.94,MB,,,,,,,cumulative stage ablation
mesongs_xie_eccv2024,2409.09756,Table 6,14,ablation,+ voxel,3DGS,NeRF Synthetic,average,30.44,0.9592,0.0388,20.72,MB,,,,,,,cumulative stage ablation
mesongs_xie_eccv2024,2409.09756,Table 6,14,ablation,+ voxel,3DGS,Mip-NeRF 360,average,28.68,0.861,0.1971,260.58,MB,,,,,,,cumulative stage ablation
mesongs_xie_eccv2024,2409.09756,Table 6,14,ablation,+ replace,3DGS,NeRF Synthetic,average,30.44,0.9592,0.0388,20.36,MB,,,,,,,cumulative stage ablation
mesongs_xie_eccv2024,2409.09756,Table 6,14,ablation,+ replace,3DGS,Mip-NeRF 360,average,28.68,0.861,0.1971,255.61,MB,,,,,,,cumulative stage ablation
mesongs_xie_eccv2024,2409.09756,Table 6,14,ablation,+ cluster,3DGS,NeRF Synthetic,average,29.71,0.9513,0.0469,5.63,MB,,,,,,,cumulative stage ablation
mesongs_xie_eccv2024,2409.09756,Table 6,14,ablation,+ cluster,3DGS,Mip-NeRF 360,average,27.74,0.8427,0.2187,79.35,MB,,,,,,,cumulative stage ablation
mesongs_xie_eccv2024,2409.09756,Table 6,14,ablation,+ TQ (RAHT and quantization),3DGS,NeRF Synthetic,average,29.37,0.9476,0.051,1.95,MB,,,,,,,cumulative stage ablation
mesongs_xie_eccv2024,2409.09756,Table 6,14,ablation,+ TQ (RAHT and quantization),3DGS,Mip-NeRF 360,average,27.2,0.8239,0.2401,30.68,MB,,,,,,,cumulative stage ablation
mesongs_xie_eccv2024,2409.09756,Table 6,14,ablation,+ Q-scales,3DGS,NeRF Synthetic,average,29.37,0.9474,0.0511,1.03,MB,,,,,,,cumulative stage ablation
mesongs_xie_eccv2024,2409.09756,Table 6,14,ablation,+ Q-scales,3DGS,Mip-NeRF 360,average,27.2,0.8238,0.2402,18.43,MB,,,,,,,cumulative stage ablation
mesongs_xie_eccv2024,2409.09756,Table 6,14,ablation,+ fine-tune (full MesonGS-FT),3DGS,NeRF Synthetic,average,31.75,0.9618,0.0416,1.03,MB,,,,,,,cumulative stage ablation
mesongs_xie_eccv2024,2409.09756,Table 6,14,ablation,+ fine-tune (full MesonGS-FT),3DGS,Mip-NeRF 360,average,27.45,0.8273,0.2357,18.4,MB,,,,,,,cumulative stage ablation
pcgs_chen_2025,2503.08511,Table I,11,supplement,PCGS,Scaffold-GS,Tanks and Temples,train,22.88,0.8191,0.2195,5.14,MB,,,2386,5.5,8.2,,"progressive level lambda_s=8ee-4, trained 40k iterations; incremental size of this level 5.14 MB; encode and decode times for levels after the first are incremental; train_time_s is per scene, printed once per block"
pcgs_chen_2025,2503.08511,Table I,11,supplement,PCGS,Scaffold-GS,Tanks and Temples,train,22.95,0.8230,0.2155,6.82,MB,,,,1.1,1.2,,"progressive level lambda_s=4ee-4, trained 40k iterations; incremental size of this level 1.68 MB; encode and decode times for levels after the first are incremental; train_time_s is per scene, printed once per block"
pcgs_chen_2025,2503.08511,Table I,11,supplement,PCGS,Scaffold-GS,Tanks and Temples,train,22.97,0.8239,0.2143,8.84,MB,,,,1.2,1.4,,"progressive level lambda_s=0.5ee-4, trained 40k iterations; incremental size of this level 2.02 MB; encode and decode times for levels after the first are incremental; train_time_s is per scene, printed once per block"
pcgs_chen_2025,2503.08511,Table I,11,supplement,PCGS,Scaffold-GS,Tanks and Temples,truck,26.12,0.8850,0.1520,6.20,MB,,,2508,7.3,10.9,,"progressive level lambda_s=8ee-4, trained 40k iterations; incremental size of this level 6.20 MB; encode and decode times for levels after the first are incremental; train_time_s is per scene, printed once per block"
pcgs_chen_2025,2503.08511,Table I,11,supplement,PCGS,Scaffold-GS,Tanks and Temples,truck,26.20,0.8877,0.1491,8.23,MB,,,,1.5,1.6,,"progressive level lambda_s=4ee-4, trained 40k iterations; incremental size of this level 2.03 MB; encode and decode times for levels after the first are incremental; train_time_s is per scene, printed once per block"
pcgs_chen_2025,2503.08511,Table I,11,supplement,PCGS,Scaffold-GS,Tanks and Temples,truck,26.22,0.8883,0.1482,10.90,MB,,,,1.7,2.0,,"progressive level lambda_s=0.5ee-4, trained 40k iterations; incremental size of this level 2.67 MB; encode and decode times for levels after the first are incremental; train_time_s is per scene, printed once per block"
pcgs_chen_2025,2503.08511,Table I,11,supplement,PCGS,Scaffold-GS,Tanks and Temples,average,24.50,0.8521,0.1857,5.67,MB,,,2447,6.4,9.6,,"progressive level lambda_s=8ee-4, trained 40k iterations; incremental size of this level 5.67 MB; encode and decode times for levels after the first are incremental; train_time_s is per scene, printed once per block"
pcgs_chen_2025,2503.08511,Table I,11,supplement,PCGS,Scaffold-GS,Tanks and Temples,average,24.58,0.8554,0.1823,7.52,MB,,,,1.3,1.4,,"progressive level lambda_s=4ee-4, trained 40k iterations; incremental size of this level 1.85 MB; encode and decode times for levels after the first are incremental; train_time_s is per scene, printed once per block"
pcgs_chen_2025,2503.08511,Table I,11,supplement,PCGS,Scaffold-GS,Tanks and Temples,average,24.59,0.8561,0.1813,9.87,MB,,,,1.5,1.7,,"progressive level lambda_s=0.5ee-4, trained 40k iterations; incremental size of this level 2.34 MB; encode and decode times for levels after the first are incremental; train_time_s is per scene, printed once per block"
pcgs_chen_2025,2503.08511,Table II,12,supplement,PCGS,Scaffold-GS,Deep Blending,drjohnson,29.70,0.9045,0.2620,3.73,MB,,,2218,4.0,5.6,,"progressive level lambda_s=8ee-4, trained 40k iterations; incremental size of this level 3.73 MB; encode and decode times for levels after the first are incremental; train_time_s is per scene, printed once per block"
pcgs_chen_2025,2503.08511,Table II,12,supplement,PCGS,Scaffold-GS,Deep Blending,drjohnson,29.83,0.9069,0.2584,5.02,MB,,,,0.9,1.0,,"progressive level lambda_s=4ee-4, trained 40k iterations; incremental size of this level 1.29 MB; encode and decode times for levels after the first are incremental; train_time_s is per scene, printed once per block"
pcgs_chen_2025,2503.08511,Table II,12,supplement,PCGS,Scaffold-GS,Deep Blending,drjohnson,29.85,0.9074,0.2576,6.70,MB,,,,1.0,1.2,,"progressive level lambda_s=0.5ee-4, trained 40k iterations; incremental size of this level 1.68 MB; encode and decode times for levels after the first are incremental; train_time_s is per scene, printed once per block"
pcgs_chen_2025,2503.08511,Table II,12,supplement,PCGS,Scaffold-GS,Deep Blending,playroom,30.69,0.9091,0.2657,2.80,MB,,,2209,2.9,4.2,,"progressive level lambda_s=8ee-4, trained 40k iterations; incremental size of this level 2.80 MB; encode and decode times for levels after the first are incremental; train_time_s is per scene, printed once per block"
pcgs_chen_2025,2503.08511,Table II,12,supplement,PCGS,Scaffold-GS,Deep Blending,playroom,30.85,0.9113,0.2620,3.68,MB,,,,0.6,0.7,,"progressive level lambda_s=4ee-4, trained 40k iterations; incremental size of this level 0.88 MB; encode and decode times for levels after the first are incremental; train_time_s is per scene, printed once per block"
pcgs_chen_2025,2503.08511,Table II,12,supplement,PCGS,Scaffold-GS,Deep Blending,playroom,30.91,0.9119,0.2609,4.92,MB,,,,0.8,1.0,,"progressive level lambda_s=0.5ee-4, trained 40k iterations; incremental size of this level 1.24 MB; encode and decode times for levels after the first are incremental; train_time_s is per scene, printed once per block"
pcgs_chen_2025,2503.08511,Table II,12,supplement,PCGS,Scaffold-GS,Deep Blending,average,30.19,0.9068,0.2639,3.26,MB,,,2214,3.5,4.9,,"progressive level lambda_s=8ee-4, trained 40k iterations; incremental size of this level 3.26 MB; encode and decode times for levels after the first are incremental; train_time_s is per scene, printed once per block"
pcgs_chen_2025,2503.08511,Table II,12,supplement,PCGS,Scaffold-GS,Deep Blending,average,30.34,0.9091,0.2602,4.35,MB,,,,0.7,0.8,,"progressive level lambda_s=4ee-4, trained 40k iterations; incremental size of this level 1.09 MB; encode and decode times for levels after the first are incremental; train_time_s is per scene, printed once per block"
pcgs_chen_2025,2503.08511,Table II,12,supplement,PCGS,Scaffold-GS,Deep Blending,average,30.38,0.9097,0.2593,5.81,MB,,,,0.9,1.1,,"progressive level lambda_s=0.5ee-4, trained 40k iterations; incremental size of this level 1.45 MB; encode and decode times for levels after the first are incremental; train_time_s is per scene, printed once per block"
pcgs_chen_2025,2503.08511,Table III,12,supplement,PCGS,Scaffold-GS,BungeeNeRF,amsterdam,27.03,0.8793,0.2028,15.49,MB,,,4862,16.3,23.9,,"progressive level lambda_s=8ee-4, trained 40k iterations; incremental size of this level 15.49 MB; encode and decode times for levels after the first are incremental; train_time_s is per scene, printed once per block"
pcgs_chen_2025,2503.08511,Table III,12,supplement,PCGS,Scaffold-GS,BungeeNeRF,amsterdam,27.23,0.8861,0.1942,21.08,MB,,,,3.3,3.7,,"progressive level lambda_s=4ee-4, trained 40k iterations; incremental size of this level 5.59 MB; encode and decode times for levels after the first are incremental; train_time_s is per scene, printed once per block"
pcgs_chen_2025,2503.08511,Table III,12,supplement,PCGS,Scaffold-GS,BungeeNeRF,amsterdam,27.28,0.8888,0.1891,27.74,MB,,,,4.0,5.0,,"progressive level lambda_s=0.5ee-4, trained 40k iterations; incremental size of this level 6.66 MB; encode and decode times for levels after the first are incremental; train_time_s is per scene, printed once per block"
pcgs_chen_2025,2503.08511,Table III,12,supplement,PCGS,Scaffold-GS,BungeeNeRF,bilbao,27.91,0.8818,0.1988,12.18,MB,,,3684,12.5,17.9,,"progressive level lambda_s=8ee-4, trained 40k iterations; incremental size of this level 12.18 MB; encode and decode times for levels after the first are incremental; train_time_s is per scene, printed once per block"
pcgs_chen_2025,2503.08511,Table III,12,supplement,PCGS,Scaffold-GS,BungeeNeRF,bilbao,28.09,0.8872,0.1903,16.53,MB,,,,2.5,2.9,,"progressive level lambda_s=4ee-4, trained 40k iterations; incremental size of this level 4.35 MB; encode and decode times for levels after the first are incremental; train_time_s is per scene, printed once per block"
pcgs_chen_2025,2503.08511,Table III,12,supplement,PCGS,Scaffold-GS,BungeeNeRF,bilbao,28.11,0.8891,0.1856,21.77,MB,,,,3.1,4.0,,"progressive level lambda_s=0.5ee-4, trained 40k iterations; incremental size of this level 5.24 MB; encode and decode times for levels after the first are incremental; train_time_s is per scene, printed once per block"
pcgs_chen_2025,2503.08511,Table III,12,supplement,PCGS,Scaffold-GS,BungeeNeRF,hollywood,24.43,0.7657,0.3319,12.35,MB,,,3208,12.3,16.9,,"progressive level lambda_s=8ee-4, trained 40k iterations; incremental size of this level 12.35 MB; encode and decode times for levels after the first are incremental; train_time_s is per scene, printed once per block"
pcgs_chen_2025,2503.08511,Table III,12,supplement,PCGS,Scaffold-GS,BungeeNeRF,hollywood,24.58,0.7736,0.3254,16.33,MB,,,,2.3,2.5,,"progressive level lambda_s=4ee-4, trained 40k iterations; incremental size of this level 3.98 MB; encode and decode times for levels after the first are incremental; train_time_s is per scene, printed once per block"
pcgs_chen_2025,2503.08511,Table III,12,supplement,PCGS,Scaffold-GS,BungeeNeRF,hollywood,24.64,0.7774,0.3210,20.95,MB,,,,2.7,3.3,,"progressive level lambda_s=0.5ee-4, trained 40k iterations; incremental size of this level 4.62 MB; encode and decode times for levels after the first are incremental; train_time_s is per scene, printed once per block"
pcgs_chen_2025,2503.08511,Table III,12,supplement,PCGS,Scaffold-GS,BungeeNeRF,pompidou,25.63,0.8517,0.2347,13.87,MB,,,4510,14.4,20.6,,"progressive level lambda_s=8ee-4, trained 40k iterations; incremental size of this level 13.87 MB; encode and decode times for levels after the first are incremental; train_time_s is per scene, printed once per block"
pcgs_chen_2025,2503.08511,Table III,12,supplement,PCGS,Scaffold-GS,BungeeNeRF,pompidou,25.81,0.8570,0.2293,18.72,MB,,,,2.9,3.2,,"progressive level lambda_s=4ee-4, trained 40k iterations; incremental size of this level 4.85 MB; encode and decode times for levels after the first are incremental; train_time_s is per scene, printed once per block"
pcgs_chen_2025,2503.08511,Table III,12,supplement,PCGS,Scaffold-GS,BungeeNeRF,pompidou,25.85,0.8585,0.2270,24.56,MB,,,,3.4,4.3,,"progressive level lambda_s=0.5ee-4, trained 40k iterations; incremental size of this level 5.84 MB; encode and decode times for levels after the first are incremental; train_time_s is per scene, printed once per block"
pcgs_chen_2025,2503.08511,Table III,12,supplement,PCGS,Scaffold-GS,BungeeNeRF,quebec,30.13,0.9338,0.1610,10.94,MB,,,3511,11.2,16.1,,"progressive level lambda_s=8ee-4, trained 40k iterations; incremental size of this level 10.94 MB; encode and decode times for levels after the first are incremental; train_time_s is per scene, printed once per block"
pcgs_chen_2025,2503.08511,Table III,12,supplement,PCGS,Scaffold-GS,BungeeNeRF,quebec,30.43,0.9380,0.1562,14.72,MB,,,,2.2,2.5,,"progressive level lambda_s=4ee-4, trained 40k iterations; incremental size of this level 3.78 MB; encode and decode times for levels after the first are incremental; train_time_s is per scene, printed once per block"
pcgs_chen_2025,2503.08511,Table III,12,supplement,PCGS,Scaffold-GS,BungeeNeRF,quebec,30.49,0.9388,0.1546,19.18,MB,,,,2.6,3.2,,"progressive level lambda_s=0.5ee-4, trained 40k iterations; incremental size of this level 4.47 MB; encode and decode times for levels after the first are incremental; train_time_s is per scene, printed once per block"
pcgs_chen_2025,2503.08511,Table III,12,supplement,PCGS,Scaffold-GS,BungeeNeRF,rome,26.22,0.8694,0.2110,13.01,MB,,,3902,13.2,18.8,,"progressive level lambda_s=8ee-4, trained 40k iterations; incremental size of this level 13.01 MB; encode and decode times for levels after the first are incremental; train_time_s is per scene, printed once per block"
pcgs_chen_2025,2503.08511,Table III,12,supplement,PCGS,Scaffold-GS,BungeeNeRF,rome,26.47,0.8757,0.2049,17.42,MB,,,,2.6,2.9,,"progressive level lambda_s=4ee-4, trained 40k iterations; incremental size of this level 4.42 MB; encode and decode times for levels after the first are incremental; train_time_s is per scene, printed once per block"
pcgs_chen_2025,2503.08511,Table III,12,supplement,PCGS,Scaffold-GS,BungeeNeRF,rome,26.54,0.8778,0.2018,22.72,MB,,,,3.1,3.9,,"progressive level lambda_s=0.5ee-4, trained 40k iterations; incremental size of this level 5.30 MB; encode and decode times for levels after the first are incremental; train_time_s is per scene, printed once per block"
pcgs_chen_2025,2503.08511,Table III,12,supplement,PCGS,Scaffold-GS,BungeeNeRF,average,26.89,0.8636,0.2234,12.97,MB,,,3946,13.3,19.0,,"progressive level lambda_s=8ee-4, trained 40k iterations; incremental size of this level 12.97 MB; encode and decode times for levels after the first are incremental; train_time_s is per scene, printed once per block"
pcgs_chen_2025,2503.08511,Table III,12,supplement,PCGS,Scaffold-GS,BungeeNeRF,average,27.10,0.8696,0.2167,17.47,MB,,,,2.6,2.9,,"progressive level lambda_s=4ee-4, trained 40k iterations; incremental size of this level 4.50 MB; encode and decode times for levels after the first are incremental; train_time_s is per scene, printed once per block"
pcgs_chen_2025,2503.08511,Table III,12,supplement,PCGS,Scaffold-GS,BungeeNeRF,average,27.15,0.8717,0.2132,22.82,MB,,,,3.2,3.9,,"progressive level lambda_s=0.5ee-4, trained 40k iterations; incremental size of this level 5.35 MB; encode and decode times for levels after the first are incremental; train_time_s is per scene, printed once per block"
pcgs_chen_2025,2503.08511,Table IV,13,supplement,PCGS,Scaffold-GS,Mip-NeRF 360,bicycle,25.12,0.7387,0.2724,19.09,MB,,,5570,20.9,33.9,,"progressive level lambda_s=4ee-4, trained 40k iterations; incremental size of this level 19.09 MB; encode and decode times for levels after the first are incremental; train_time_s is per scene, printed once per block"
pcgs_chen_2025,2503.08511,Table IV,13,supplement,PCGS,Scaffold-GS,Mip-NeRF 360,bicycle,25.17,0.7409,0.2705,25.21,MB,,,,3.8,4.0,,"progressive level lambda_s=2.5ee-4, trained 40k iterations; incremental size of this level 6.12 MB; encode and decode times for levels after the first are incremental; train_time_s is per scene, printed once per block"
pcgs_chen_2025,2503.08511,Table IV,13,supplement,PCGS,Scaffold-GS,Mip-NeRF 360,bicycle,25.17,0.7415,0.2696,32.14,MB,,,,4.0,4.5,,"progressive level lambda_s=1ee-4, trained 40k iterations; incremental size of this level 6.93 MB; encode and decode times for levels after the first are incremental; train_time_s is per scene, printed once per block"
pcgs_chen_2025,2503.08511,Table IV,13,supplement,PCGS,Scaffold-GS,Mip-NeRF 360,bicycle,25.18,0.7419,0.2688,39.73,MB,,,,4.5,5.4,,"progressive level lambda_s=0.2ee-4, trained 40k iterations; incremental size of this level 7.59 MB; encode and decode times for levels after the first are incremental; train_time_s is per scene, printed once per block"
pcgs_chen_2025,2503.08511,Table IV,13,supplement,PCGS,Scaffold-GS,Mip-NeRF 360,garden,27.37,0.8416,0.1583,18.27,MB,,,5647,18.8,28.5,,"progressive level lambda_s=4ee-4, trained 40k iterations; incremental size of this level 18.27 MB; encode and decode times for levels after the first are incremental; train_time_s is per scene, printed once per block"
pcgs_chen_2025,2503.08511,Table IV,13,supplement,PCGS,Scaffold-GS,Mip-NeRF 360,garden,27.49,0.8452,0.1543,24.07,MB,,,,3.4,3.6,,"progressive level lambda_s=2.5ee-4, trained 40k iterations; incremental size of this level 5.80 MB; encode and decode times for levels after the first are incremental; train_time_s is per scene, printed once per block"
pcgs_chen_2025,2503.08511,Table IV,13,supplement,PCGS,Scaffold-GS,Mip-NeRF 360,garden,27.53,0.8463,0.1527,30.42,MB,,,,3.6,4.1,,"progressive level lambda_s=1ee-4, trained 40k iterations; incremental size of this level 6.36 MB; encode and decode times for levels after the first are incremental; train_time_s is per scene, printed once per block"
pcgs_chen_2025,2503.08511,Table IV,13,supplement,PCGS,Scaffold-GS,Mip-NeRF 360,garden,27.53,0.8467,0.1517,37.24,MB,,,,4.0,4.6,,"progressive level lambda_s=0.2ee-4, trained 40k iterations; incremental size of this level 6.82 MB; encode and decode times for levels after the first are incremental; train_time_s is per scene, printed once per block"
pcgs_chen_2025,2503.08511,Table IV,13,supplement,PCGS,Scaffold-GS,Mip-NeRF 360,stump,26.61,0.7605,0.2734,13.49,MB,,,3617,13.4,21.4,,"progressive level lambda_s=4ee-4, trained 40k iterations; incremental size of this level 13.49 MB; encode and decode times for levels after the first are incremental; train_time_s is per scene, printed once per block"
pcgs_chen_2025,2503.08511,Table IV,13,supplement,PCGS,Scaffold-GS,Mip-NeRF 360,stump,26.66,0.7622,0.2717,17.32,MB,,,,2.3,2.4,,"progressive level lambda_s=2.5ee-4, trained 40k iterations; incremental size of this level 3.83 MB; encode and decode times for levels after the first are incremental; train_time_s is per scene, printed once per block"
pcgs_chen_2025,2503.08511,Table IV,13,supplement,PCGS,Scaffold-GS,Mip-NeRF 360,stump,26.67,0.7626,0.2711,21.55,MB,,,,2.4,2.7,,"progressive level lambda_s=1ee-4, trained 40k iterations; incremental size of this level 4.23 MB; encode and decode times for levels after the first are incremental; train_time_s is per scene, printed once per block"
pcgs_chen_2025,2503.08511,Table IV,13,supplement,PCGS,Scaffold-GS,Mip-NeRF 360,stump,26.67,0.7627,0.2707,26.18,MB,,,,2.8,3.4,,"progressive level lambda_s=0.2ee-4, trained 40k iterations; incremental size of this level 4.64 MB; encode and decode times for levels after the first are incremental; train_time_s is per scene, printed once per block"
pcgs_chen_2025,2503.08511,Table IV,13,supplement,PCGS,Scaffold-GS,Mip-NeRF 360,room,32.07,0.9232,0.2094,5.00,MB,,,2914,5.3,7.9,,"progressive level lambda_s=4ee-4, trained 40k iterations; incremental size of this level 5.00 MB; encode and decode times for levels after the first are incremental; train_time_s is per scene, printed once per block"
pcgs_chen_2025,2503.08511,Table IV,13,supplement,PCGS,Scaffold-GS,Mip-NeRF 360,room,32.24,0.9262,0.2043,6.79,MB,,,,1.1,1.2,,"progressive level lambda_s=2.5ee-4, trained 40k iterations; incremental size of this level 1.79 MB; encode and decode times for levels after the first are incremental; train_time_s is per scene, printed once per block"
pcgs_chen_2025,2503.08511,Table IV,13,supplement,PCGS,Scaffold-GS,Mip-NeRF 360,room,32.28,0.9271,0.2021,8.85,MB,,,,1.2,1.4,,"progressive level lambda_s=1ee-4, trained 40k iterations; incremental size of this level 2.06 MB; encode and decode times for levels after the first are incremental; train_time_s is per scene, printed once per block"
pcgs_chen_2025,2503.08511,Table IV,13,supplement,PCGS,Scaffold-GS,Mip-NeRF 360,room,32.30,0.9274,0.2013,11.10,MB,,,,1.3,1.6,,"progressive level lambda_s=0.2ee-4, trained 40k iterations; incremental size of this level 2.25 MB; encode and decode times for levels after the first are incremental; train_time_s is per scene, printed once per block"
pcgs_chen_2025,2503.08511,Table IV,13,supplement,PCGS,Scaffold-GS,Mip-NeRF 360,counter,29.75,0.9148,0.1913,6.80,MB,,,3111,6.6,9.9,,"progressive level lambda_s=4ee-4, trained 40k iterations; incremental size of this level 6.80 MB; encode and decode times for levels after the first are incremental; train_time_s is per scene, printed once per block"
pcgs_chen_2025,2503.08511,Table IV,13,supplement,PCGS,Scaffold-GS,Mip-NeRF 360,counter,29.88,0.9176,0.1880,8.99,MB,,,,1.2,1.4,,"progressive level lambda_s=2.5ee-4, trained 40k iterations; incremental size of this level 2.19 MB; encode and decode times for levels after the first are incremental; train_time_s is per scene, printed once per block"
pcgs_chen_2025,2503.08511,Table IV,13,supplement,PCGS,Scaffold-GS,Mip-NeRF 360,counter,29.91,0.9182,0.1870,11.38,MB,,,,1.3,1.5,,"progressive level lambda_s=1ee-4, trained 40k iterations; incremental size of this level 2.39 MB; encode and decode times for levels after the first are incremental; train_time_s is per scene, printed once per block"
pcgs_chen_2025,2503.08511,Table IV,13,supplement,PCGS,Scaffold-GS,Mip-NeRF 360,counter,29.91,0.9184,0.1866,13.92,MB,,,,1.4,1.7,,"progressive level lambda_s=0.2ee-4, trained 40k iterations; incremental size of this level 2.53 MB; encode and decode times for levels after the first are incremental; train_time_s is per scene, printed once per block"
pcgs_chen_2025,2503.08511,Table IV,13,supplement,PCGS,Scaffold-GS,Mip-NeRF 360,kitchen,31.55,0.9276,0.1279,7.67,MB,,,4206,8.0,12.3,,"progressive level lambda_s=4ee-4, trained 40k iterations; incremental size of this level 7.67 MB; encode and decode times for levels after the first are incremental; train_time_s is per scene, printed once per block"
pcgs_chen_2025,2503.08511,Table IV,13,supplement,PCGS,Scaffold-GS,Mip-NeRF 360,kitchen,31.78,0.9303,0.1249,10.32,MB,,,,1.5,1.7,,"progressive level lambda_s=2.5ee-4, trained 40k iterations; incremental size of this level 2.65 MB; encode and decode times for levels after the first are incremental; train_time_s is per scene, printed once per block"
pcgs_chen_2025,2503.08511,Table IV,13,supplement,PCGS,Scaffold-GS,Mip-NeRF 360,kitchen,31.83,0.9309,0.1240,13.22,MB,,,,1.6,1.9,,"progressive level lambda_s=1ee-4, trained 40k iterations; incremental size of this level 2.90 MB; encode and decode times for levels after the first are incremental; train_time_s is per scene, printed once per block"
pcgs_chen_2025,2503.08511,Table IV,13,supplement,PCGS,Scaffold-GS,Mip-NeRF 360,kitchen,31.83,0.9311,0.1236,16.25,MB,,,,1.7,2.0,,"progressive level lambda_s=0.2ee-4, trained 40k iterations; incremental size of this level 3.03 MB; encode and decode times for levels after the first are incremental; train_time_s is per scene, printed once per block"
pcgs_chen_2025,2503.08511,Table IV,13,supplement,PCGS,Scaffold-GS,Mip-NeRF 360,bonsai,33.20,0.9484,0.1824,7.44,MB,,,3477,8.3,13.0,,"progressive level lambda_s=4ee-4, trained 40k iterations; incremental size of this level 7.44 MB; encode and decode times for levels after the first are incremental; train_time_s is per scene, printed once per block"
pcgs_chen_2025,2503.08511,Table IV,13,supplement,PCGS,Scaffold-GS,Mip-NeRF 360,bonsai,33.42,0.9505,0.1797,10.05,MB,,,,1.6,1.8,,"progressive level lambda_s=2.5ee-4, trained 40k iterations; incremental size of this level 2.61 MB; encode and decode times for levels after the first are incremental; train_time_s is per scene, printed once per block"
pcgs_chen_2025,2503.08511,Table IV,13,supplement,PCGS,Scaffold-GS,Mip-NeRF 360,bonsai,33.48,0.9509,0.1791,13.08,MB,,,,1.7,2.0,,"progressive level lambda_s=1ee-4, trained 40k iterations; incremental size of this level 3.03 MB; encode and decode times for levels after the first are incremental; train_time_s is per scene, printed once per block"
pcgs_chen_2025,2503.08511,Table IV,13,supplement,PCGS,Scaffold-GS,Mip-NeRF 360,bonsai,33.49,0.9510,0.1788,16.41,MB,,,,1.9,2.4,,"progressive level lambda_s=0.2ee-4, trained 40k iterations; incremental size of this level 3.33 MB; encode and decode times for levels after the first are incremental; train_time_s is per scene, printed once per block"
pcgs_chen_2025,2503.08511,Table IV,13,supplement,PCGS,Scaffold-GS,Mip-NeRF 360,flowers,21.33,0.5744,0.3806,15.73,MB,,,3847,17.2,28.2,,"progressive level lambda_s=4ee-4, trained 40k iterations; incremental size of this level 15.73 MB; encode and decode times for levels after the first are incremental; train_time_s is per scene, printed once per block"
pcgs_chen_2025,2503.08511,Table IV,13,supplement,PCGS,Scaffold-GS,Mip-NeRF 360,flowers,21.36,0.5762,0.3792,20.82,MB,,,,3.1,3.3,,"progressive level lambda_s=2.5ee-4, trained 40k iterations; incremental size of this level 5.09 MB; encode and decode times for levels after the first are incremental; train_time_s is per scene, printed once per block"
pcgs_chen_2025,2503.08511,Table IV,13,supplement,PCGS,Scaffold-GS,Mip-NeRF 360,flowers,21.36,0.5767,0.3788,26.58,MB,,,,3.3,3.7,,"progressive level lambda_s=1ee-4, trained 40k iterations; incremental size of this level 5.77 MB; encode and decode times for levels after the first are incremental; train_time_s is per scene, printed once per block"
pcgs_chen_2025,2503.08511,Table IV,13,supplement,PCGS,Scaffold-GS,Mip-NeRF 360,flowers,21.36,0.5769,0.3785,32.91,MB,,,,3.7,4.5,,"progressive level lambda_s=0.2ee-4, trained 40k iterations; incremental size of this level 6.32 MB; encode and decode times for levels after the first are incremental; train_time_s is per scene, printed once per block"
pcgs_chen_2025,2503.08511,Table IV,13,supplement,PCGS,Scaffold-GS,Mip-NeRF 360,treehill,23.32,0.6416,0.3682,16.24,MB,,,4008,18.2,29.2,,"progressive level lambda_s=4ee-4, trained 40k iterations; incremental size of this level 16.24 MB; encode and decode times for levels after the first are incremental; train_time_s is per scene, printed once per block"
pcgs_chen_2025,2503.08511,Table IV,13,supplement,PCGS,Scaffold-GS,Mip-NeRF 360,treehill,23.35,0.6431,0.3664,21.71,MB,,,,3.3,3.5,,"progressive level lambda_s=2.5ee-4, trained 40k iterations; incremental size of this level 5.47 MB; encode and decode times for levels after the first are incremental; train_time_s is per scene, printed once per block"
pcgs_chen_2025,2503.08511,Table IV,13,supplement,PCGS,Scaffold-GS,Mip-NeRF 360,treehill,23.35,0.6436,0.3655,27.79,MB,,,,3.4,3.8,,"progressive level lambda_s=1ee-4, trained 40k iterations; incremental size of this level 6.08 MB; encode and decode times for levels after the first are incremental; train_time_s is per scene, printed once per block"
pcgs_chen_2025,2503.08511,Table IV,13,supplement,PCGS,Scaffold-GS,Mip-NeRF 360,treehill,23.35,0.6439,0.3649,34.37,MB,,,,3.8,4.5,,"progressive level lambda_s=0.2ee-4, trained 40k iterations; incremental size of this level 6.57 MB; encode and decode times for levels after the first are incremental; train_time_s is per scene, printed once per block"
pcgs_chen_2025,2503.08511,Table IV,13,supplement,PCGS,Scaffold-GS,Mip-NeRF 360,average,27.81,0.8079,0.2404,12.19,MB,,,4044,13.0,20.5,,"progressive level lambda_s=4ee-4, trained 40k iterations; incremental size of this level 12.19 MB; encode and decode times for levels after the first are incremental; train_time_s is per scene, printed once per block"
pcgs_chen_2025,2503.08511,Table IV,13,supplement,PCGS,Scaffold-GS,Mip-NeRF 360,average,27.93,0.8103,0.2377,16.14,MB,,,,2.4,2.6,,"progressive level lambda_s=2.5ee-4, trained 40k iterations; incremental size of this level 3.95 MB; encode and decode times for levels after the first are incremental; train_time_s is per scene, printed once per block"
pcgs_chen_2025,2503.08511,Table IV,13,supplement,PCGS,Scaffold-GS,Mip-NeRF 360,average,27.95,0.8109,0.2366,20.56,MB,,,,2.5,2.8,,"progressive level lambda_s=1ee-4, trained 40k iterations; incremental size of this level 4.42 MB; encode and decode times for levels after the first are incremental; train_time_s is per scene, printed once per block"
pcgs_chen_2025,2503.08511,Table IV,13,supplement,PCGS,Scaffold-GS,Mip-NeRF 360,average,27.96,0.8111,0.2361,25.34,MB,,,,2.8,3.4,,"progressive level lambda_s=0.2ee-4, trained 40k iterations; incremental size of this level 4.79 MB; encode and decode times for levels after the first are incremental; train_time_s is per scene, printed once per block"
pcgs_chen_2025,2503.08511,Table V,14,supplement,PCGS,Scaffold-GS,NeRF Synthetic,chair,34.61,0.9833,0.0157,1.23,MB,,,1223,1.1,1.4,,"progressive level lambda_s=4ee-4, trained 40k iterations; incremental size of this level 1.23 MB; encode and decode times for levels after the first are incremental; train_time_s is per scene, printed once per block"
pcgs_chen_2025,2503.08511,Table V,14,supplement,PCGS,Scaffold-GS,NeRF Synthetic,chair,35.29,0.9856,0.0141,1.57,MB,,,,0.3,0.3,,"progressive level lambda_s=2ee-4, trained 40k iterations; incremental size of this level 0.35 MB; encode and decode times for levels after the first are incremental; train_time_s is per scene, printed once per block"
pcgs_chen_2025,2503.08511,Table V,14,supplement,PCGS,Scaffold-GS,NeRF Synthetic,chair,35.45,0.9861,0.0136,2.05,MB,,,,0.3,0.4,,"progressive level lambda_s=0.25ee-4, trained 40k iterations; incremental size of this level 0.47 MB; encode and decode times for levels after the first are incremental; train_time_s is per scene, printed once per block"
pcgs_chen_2025,2503.08511,Table V,14,supplement,PCGS,Scaffold-GS,NeRF Synthetic,drums,26.31,0.9504,0.0424,1.68,MB,,,1225,1.4,2.0,,"progressive level lambda_s=4ee-4, trained 40k iterations; incremental size of this level 1.68 MB; encode and decode times for levels after the first are incremental; train_time_s is per scene, printed once per block"
pcgs_chen_2025,2503.08511,Table V,14,supplement,PCGS,Scaffold-GS,NeRF Synthetic,drums,26.47,0.9522,0.0407,2.15,MB,,,,0.3,0.3,,"progressive level lambda_s=2ee-4, trained 40k iterations; incremental size of this level 0.47 MB; encode and decode times for levels after the first are incremental; train_time_s is per scene, printed once per block"
pcgs_chen_2025,2503.08511,Table V,14,supplement,PCGS,Scaffold-GS,NeRF Synthetic,drums,26.49,0.9524,0.0405,2.69,MB,,,,0.3,0.4,,"progressive level lambda_s=0.25ee-4, trained 40k iterations; incremental size of this level 0.54 MB; encode and decode times for levels after the first are incremental; train_time_s is per scene, printed once per block"
pcgs_chen_2025,2503.08511,Table V,14,supplement,PCGS,Scaffold-GS,NeRF Synthetic,ficus,34.78,0.9844,0.0144,1.18,MB,,,1191,0.9,1.2,,"progressive level lambda_s=4ee-4, trained 40k iterations; incremental size of this level 1.18 MB; encode and decode times for levels after the first are incremental; train_time_s is per scene, printed once per block"
pcgs_chen_2025,2503.08511,Table V,14,supplement,PCGS,Scaffold-GS,NeRF Synthetic,ficus,35.45,0.9864,0.0129,1.47,MB,,,,0.2,0.2,,"progressive level lambda_s=2ee-4, trained 40k iterations; incremental size of this level 0.29 MB; encode and decode times for levels after the first are incremental; train_time_s is per scene, printed once per block"
pcgs_chen_2025,2503.08511,Table V,14,supplement,PCGS,Scaffold-GS,NeRF Synthetic,ficus,35.53,0.9866,0.0127,1.82,MB,,,,0.2,0.3,,"progressive level lambda_s=0.25ee-4, trained 40k iterations; incremental size of this level 0.35 MB; encode and decode times for levels after the first are incremental; train_time_s is per scene, printed once per block"
pcgs_chen_2025,2503.08511,Table V,14,supplement,PCGS,Scaffold-GS,NeRF Synthetic,hotdog,37.18,0.9817,0.0277,0.99,MB,,,1208,0.7,0.8,,"progressive level lambda_s=4ee-4, trained 40k iterations; incremental size of this level 0.99 MB; encode and decode times for levels after the first are incremental; train_time_s is per scene, printed once per block"
pcgs_chen_2025,2503.08511,Table V,14,supplement,PCGS,Scaffold-GS,NeRF Synthetic,hotdog,37.77,0.9834,0.0257,1.20,MB,,,,0.2,0.2,,"progressive level lambda_s=2ee-4, trained 40k iterations; incremental size of this level 0.21 MB; encode and decode times for levels after the first are incremental; train_time_s is per scene, printed once per block"
pcgs_chen_2025,2503.08511,Table V,14,supplement,PCGS,Scaffold-GS,NeRF Synthetic,hotdog,37.88,0.9838,0.0250,1.48,MB,,,,0.2,0.3,,"progressive level lambda_s=0.25ee-4, trained 40k iterations; incremental size of this level 0.28 MB; encode and decode times for levels after the first are incremental; train_time_s is per scene, printed once per block"
pcgs_chen_2025,2503.08511,Table V,14,supplement,PCGS,Scaffold-GS,NeRF Synthetic,lego,35.08,0.9790,0.0207,1.45,MB,,,1177,1.2,1.7,,"progressive level lambda_s=4ee-4, trained 40k iterations; incremental size of this level 1.45 MB; encode and decode times for levels after the first are incremental; train_time_s is per scene, printed once per block"
pcgs_chen_2025,2503.08511,Table V,14,supplement,PCGS,Scaffold-GS,NeRF Synthetic,lego,35.60,0.9811,0.0190,1.85,MB,,,,0.3,0.3,,"progressive level lambda_s=2ee-4, trained 40k iterations; incremental size of this level 0.40 MB; encode and decode times for levels after the first are incremental; train_time_s is per scene, printed once per block"
pcgs_chen_2025,2503.08511,Table V,14,supplement,PCGS,Scaffold-GS,NeRF Synthetic,lego,35.70,0.9814,0.0186,2.36,MB,,,,0.3,0.4,,"progressive level lambda_s=0.25ee-4, trained 40k iterations; incremental size of this level 0.50 MB; encode and decode times for levels after the first are incremental; train_time_s is per scene, printed once per block"
pcgs_chen_2025,2503.08511,Table V,14,supplement,PCGS,Scaffold-GS,NeRF Synthetic,materials,30.46,0.9604,0.0407,1.56,MB,,,1181,1.2,1.7,,"progressive level lambda_s=4ee-4, trained 40k iterations; incremental size of this level 1.56 MB; encode and decode times for levels after the first are incremental; train_time_s is per scene, printed once per block"
pcgs_chen_2025,2503.08511,Table V,14,supplement,PCGS,Scaffold-GS,NeRF Synthetic,materials,30.75,0.9625,0.0385,1.99,MB,,,,0.3,0.3,,"progressive level lambda_s=2ee-4, trained 40k iterations; incremental size of this level 0.42 MB; encode and decode times for levels after the first are incremental; train_time_s is per scene, printed once per block"
pcgs_chen_2025,2503.08511,Table V,14,supplement,PCGS,Scaffold-GS,NeRF Synthetic,materials,30.79,0.9628,0.0382,2.47,MB,,,,0.3,0.3,,"progressive level lambda_s=0.25ee-4, trained 40k iterations; incremental size of this level 0.48 MB; encode and decode times for levels after the first are incremental; train_time_s is per scene, printed once per block"
pcgs_chen_2025,2503.08511,Table V,14,supplement,PCGS,Scaffold-GS,NeRF Synthetic,mic,36.00,0.9906,0.0093,1.03,MB,,,1151,0.7,0.9,,"progressive level lambda_s=4ee-4, trained 40k iterations; incremental size of this level 1.03 MB; encode and decode times for levels after the first are incremental; train_time_s is per scene, printed once per block"
pcgs_chen_2025,2503.08511,Table V,14,supplement,PCGS,Scaffold-GS,NeRF Synthetic,mic,36.58,0.9917,0.0081,1.22,MB,,,,0.1,0.2,,"progressive level lambda_s=2ee-4, trained 40k iterations; incremental size of this level 0.20 MB; encode and decode times for levels after the first are incremental; train_time_s is per scene, printed once per block"
pcgs_chen_2025,2503.08511,Table V,14,supplement,PCGS,Scaffold-GS,NeRF Synthetic,mic,36.76,0.9920,0.0077,1.52,MB,,,,0.2,0.3,,"progressive level lambda_s=0.25ee-4, trained 40k iterations; incremental size of this level 0.29 MB; encode and decode times for levels after the first are incremental; train_time_s is per scene, printed once per block"
pcgs_chen_2025,2503.08511,Table V,14,supplement,PCGS,Scaffold-GS,NeRF Synthetic,ship,31.30,0.9032,0.1170,2.35,MB,,,1362,2.1,3.2,,"progressive level lambda_s=4ee-4, trained 40k iterations; incremental size of this level 2.35 MB; encode and decode times for levels after the first are incremental; train_time_s is per scene, printed once per block"
pcgs_chen_2025,2503.08511,Table V,14,supplement,PCGS,Scaffold-GS,NeRF Synthetic,ship,31.53,0.9054,0.1154,3.06,MB,,,,0.4,0.5,,"progressive level lambda_s=2ee-4, trained 40k iterations; incremental size of this level 0.72 MB; encode and decode times for levels after the first are incremental; train_time_s is per scene, printed once per block"
pcgs_chen_2025,2503.08511,Table V,14,supplement,PCGS,Scaffold-GS,NeRF Synthetic,ship,31.57,0.9057,0.1149,3.87,MB,,,,0.5,0.6,,"progressive level lambda_s=0.25ee-4, trained 40k iterations; incremental size of this level 0.80 MB; encode and decode times for levels after the first are incremental; train_time_s is per scene, printed once per block"
pcgs_chen_2025,2503.08511,Table V,14,supplement,PCGS,Scaffold-GS,NeRF Synthetic,average,33.21,0.9666,0.0360,1.43,MB,,,1215,1.2,1.6,,"progressive level lambda_s=4ee-4, trained 40k iterations; incremental size of this level 1.43 MB; encode and decode times for levels after the first are incremental; train_time_s is per scene, printed once per block"
pcgs_chen_2025,2503.08511,Table V,14,supplement,PCGS,Scaffold-GS,NeRF Synthetic,average,33.68,0.9685,0.0343,1.82,MB,,,,0.2,0.3,,"progressive level lambda_s=2ee-4, trained 40k iterations; incremental size of this level 0.38 MB; encode and decode times for levels after the first are incremental; train_time_s is per scene, printed once per block"
pcgs_chen_2025,2503.08511,Table V,14,supplement,PCGS,Scaffold-GS,NeRF Synthetic,average,33.77,0.9689,0.0339,2.28,MB,,,,0.3,0.4,,"progressive level lambda_s=0.25ee-4, trained 40k iterations; incremental size of this level 0.46 MB; encode and decode times for levels after the first are incremental; train_time_s is per scene, printed once per block"
pcgs_chen_2025,2503.08511,Table VI,14,supplement,PCGS,Scaffold-GS,Mip-NeRF 360,average,27.69,0.8082,0.237,12.64,MB,,,2704,13.5,21.3,,"progressive level lambda_s=4e-4, trained 30k iterations (the standard protocol); incremental size 12.64 MB"
pcgs_chen_2025,2503.08511,Table VI,14,supplement,PCGS,Scaffold-GS,Mip-NeRF 360,average,27.81,0.8105,0.2346,16.68,MB,,,,2.5,2.7,,"progressive level lambda_s=2.5e-4, trained 30k iterations (the standard protocol); incremental size 4.04 MB"
pcgs_chen_2025,2503.08511,Table VI,14,supplement,PCGS,Scaffold-GS,Mip-NeRF 360,average,27.83,0.811,0.234,21.22,MB,,,,2.6,2.9,,"progressive level lambda_s=1e-4, trained 30k iterations (the standard protocol); incremental size 4.54 MB"
pcgs_chen_2025,2503.08511,Table VI,14,supplement,PCGS,Scaffold-GS,Mip-NeRF 360,average,27.83,0.8111,0.2336,26.17,MB,,,,2.9,3.5,,"progressive level lambda_s=0.2e-4, trained 30k iterations (the standard protocol); incremental size 4.95 MB"
pcgs_chen_2025,2503.08511,Table VI,14,supplement,PCGS,Scaffold-GS,Tanks and Temples,average,24.27,0.8501,0.1841,6.31,MB,,,1675,7.2,10.8,,"progressive level lambda_s=8e-4, trained 30k iterations (the standard protocol); incremental size 6.31 MB"
pcgs_chen_2025,2503.08511,Table VI,14,supplement,PCGS,Scaffold-GS,Tanks and Temples,average,24.37,0.8537,0.1803,8.36,MB,,,,1.4,1.6,,"progressive level lambda_s=4e-4, trained 30k iterations (the standard protocol); incremental size 2.05 MB"
pcgs_chen_2025,2503.08511,Table VI,14,supplement,PCGS,Scaffold-GS,Tanks and Temples,average,24.39,0.8544,0.1794,10.98,MB,,,,1.6,1.9,,"progressive level lambda_s=0.5e-4, trained 30k iterations (the standard protocol); incremental size 2.62 MB"
pcgs_chen_2025,2503.08511,Table VI,14,supplement,PCGS,Scaffold-GS,Deep Blending,average,30.14,0.9062,0.2638,3.71,MB,,,1670,4.0,5.6,,"progressive level lambda_s=8e-4, trained 30k iterations (the standard protocol); incremental size 3.71 MB"
pcgs_chen_2025,2503.08511,Table VI,14,supplement,PCGS,Scaffold-GS,Deep Blending,average,30.32,0.9091,0.2599,4.97,MB,,,,0.9,1.0,,"progressive level lambda_s=4e-4, trained 30k iterations (the standard protocol); incremental size 1.26 MB"
pcgs_chen_2025,2503.08511,Table VI,14,supplement,PCGS,Scaffold-GS,Deep Blending,average,30.35,0.9096,0.2591,6.63,MB,,,,1.0,1.2,,"progressive level lambda_s=0.5e-4, trained 30k iterations (the standard protocol); incremental size 1.67 MB"
pcgs_chen_2025,2503.08511,Table VI,14,supplement,PCGS,Scaffold-GS,BungeeNeRF,average,27.01,0.873,0.2062,14.07,MB,,,2807,14.3,20.1,,"progressive level lambda_s=8e-4, trained 30k iterations (the standard protocol); incremental size 14.07 MB"
pcgs_chen_2025,2503.08511,Table VI,14,supplement,PCGS,Scaffold-GS,BungeeNeRF,average,27.22,0.8786,0.2004,18.83,MB,,,,2.8,3.1,,"progressive level lambda_s=4e-4, trained 30k iterations (the standard protocol); incremental size 4.76 MB"
pcgs_chen_2025,2503.08511,Table VI,14,supplement,PCGS,Scaffold-GS,BungeeNeRF,average,27.25,0.8797,0.1985,24.3,MB,,,,3.2,3.8,,"progressive level lambda_s=0.5e-4, trained 30k iterations (the standard protocol); incremental size 5.47 MB"
pcgs_chen_2025,2503.08511,Table VI,14,supplement,PCGS,Scaffold-GS,NeRF Synthetic,average,33.04,0.966,0.0365,1.48,MB,,,843,1.3,1.8,,"progressive level lambda_s=4e-4, trained 30k iterations (the standard protocol); incremental size 1.48 MB"
pcgs_chen_2025,2503.08511,Table VI,14,supplement,PCGS,Scaffold-GS,NeRF Synthetic,average,33.57,0.9683,0.0344,1.88,MB,,,,0.3,0.3,,"progressive level lambda_s=2e-4, trained 30k iterations (the standard protocol); incremental size 0.39 MB"
pcgs_chen_2025,2503.08511,Table VI,14,supplement,PCGS,Scaffold-GS,NeRF Synthetic,average,33.66,0.9686,0.034,2.35,MB,,,,0.4,0.4,,"progressive level lambda_s=0.25e-4, trained 30k iterations (the standard protocol); incremental size 0.48 MB"
pcgs_chen_2025,2503.08511,Table VII,15,main,3DGS,3DGS,Mip-NeRF 360,average,27.46,0.812,0.222,750.9,MB,,,,,,,
pcgs_chen_2025,2503.08511,Table VII,15,main,Scaffold-GS,Scaffold-GS,Mip-NeRF 360,average,27.5,0.806,0.252,253.9,MB,,,,,,,
pcgs_chen_2025,2503.08511,Table VII,15,main,Lee et al. (Compact 3DGS),3DGS,Mip-NeRF 360,average,27.08,0.798,0.247,48.8,MB,,,,,,,
pcgs_chen_2025,2503.08511,Table VII,15,main,Compressed3D,3DGS,Mip-NeRF 360,average,26.98,0.801,0.238,28.8,MB,,,,,,,"the PDF text layer renders this row shifted one column left, with a stray 3.68 at its head and the Tanks and Temples size dropped; values here are recovered by column position and agree with HAC++ Table II"
pcgs_chen_2025,2503.08511,Table VII,15,main,EAGLES,3DGS,Mip-NeRF 360,average,27.14,0.809,0.231,58.91,MB,,,,,,,
pcgs_chen_2025,2503.08511,Table VII,15,main,LightGaussian,3DGS,Mip-NeRF 360,average,27.0,0.799,0.249,44.54,MB,,,,,,,
pcgs_chen_2025,2503.08511,Table VII,15,main,SOG (Self-Organizing Gaussians),3DGS,Mip-NeRF 360,average,26.56,0.791,0.241,16.7,MB,,,,,,,
pcgs_chen_2025,2503.08511,Table VII,15,main,Navaneet et al. (Compact3D),3DGS,Mip-NeRF 360,average,27.12,0.806,0.24,19.33,MB,,,,,,,
pcgs_chen_2025,2503.08511,Table VII,15,main,Reduced3DGS,3DGS,Mip-NeRF 360,average,27.19,0.807,0.23,29.54,MB,,,,,,,
pcgs_chen_2025,2503.08511,Table VII,15,main,RDO-Gaussian,3DGS,Mip-NeRF 360,average,27.05,0.802,0.239,23.46,MB,,,,,,,
pcgs_chen_2025,2503.08511,Table VII,15,main,MesonGS-FT,3DGS,Mip-NeRF 360,average,26.99,0.796,0.247,27.16,MB,,,,,,,
pcgs_chen_2025,2503.08511,Table VII,15,main,HAC (lowrate),Scaffold-GS,Mip-NeRF 360,average,27.53,0.807,0.238,15.26,MB,,,,,,,
pcgs_chen_2025,2503.08511,Table VII,15,main,HAC (highrate),Scaffold-GS,Mip-NeRF 360,average,27.77,0.811,0.23,21.87,MB,,,,,,,
pcgs_chen_2025,2503.08511,Table VII,15,main,ContextGS (lowrate),Scaffold-GS,Mip-NeRF 360,average,27.62,0.808,0.237,12.68,MB,,,,,,,
pcgs_chen_2025,2503.08511,Table VII,15,main,ContextGS (highrate),Scaffold-GS,Mip-NeRF 360,average,27.75,0.811,0.231,18.41,MB,,,,,,,
pcgs_chen_2025,2503.08511,Table VII,15,main,CompGS (lowrate),3DGS,Mip-NeRF 360,average,26.37,0.778,0.276,8.83,MB,,,,,,,
pcgs_chen_2025,2503.08511,Table VII,15,main,CompGS (highrate),3DGS,Mip-NeRF 360,average,27.26,0.803,0.239,16.5,MB,,,,,,,
pcgs_chen_2025,2503.08511,Table VII,15,main,CAT-3DGS (lowrate),Scaffold-GS,Mip-NeRF 360,average,25.82,0.73,0.362,1.72,MB,,,,,,,
pcgs_chen_2025,2503.08511,Table VII,15,main,CAT-3DGS (highrate),Scaffold-GS,Mip-NeRF 360,average,27.77,0.809,0.241,12.35,MB,,,,,,,
pcgs_chen_2025,2503.08511,Table VII,15,main,HEMGS (lowrate),Scaffold-GS,Mip-NeRF 360,average,27.74,0.807,0.249,11.96,MB,,,,,,,
pcgs_chen_2025,2503.08511,Table VII,15,main,HEMGS (highrate),Scaffold-GS,Mip-NeRF 360,average,27.94,0.813,0.23,20.03,MB,,,,,,,
pcgs_chen_2025,2503.08511,Table VII,15,main,HAC++ (lowrate),Scaffold-GS,Mip-NeRF 360,average,27.6,0.803,0.253,8.34,MB,,,,,,,
pcgs_chen_2025,2503.08511,Table VII,15,main,HAC++ (highrate),Scaffold-GS,Mip-NeRF 360,average,27.82,0.811,0.231,18.48,MB,,,,,,,
pcgs_chen_2025,2503.08511,Table VII,15,main,GoDe (lowrate),3DGS,Mip-NeRF 360,average,27.07,0.78,0.336,7.5,MB,,,,,,,
pcgs_chen_2025,2503.08511,Table VII,15,main,GoDe (highrate),3DGS,Mip-NeRF 360,average,27.75,0.81,0.284,19.7,MB,,,,,,,
pcgs_chen_2025,2503.08511,Table VII,15,main,PCGS (lowrate),Scaffold-GS,Mip-NeRF 360,average,27.82,0.808,0.24,12.05,MB,,,,,,,PCGS is trained once and produces the whole progressive rate-distortion curve; these are two points on it
pcgs_chen_2025,2503.08511,Table VII,15,main,PCGS (highrate),Scaffold-GS,Mip-NeRF 360,average,27.96,0.811,0.236,24.74,MB,,,,,,,PCGS is trained once and produces the whole progressive rate-distortion curve; these are two points on it
pcgs_chen_2025,2503.08511,Table VII,15,main,3DGS,3DGS,Tanks and Temples,average,23.69,0.844,0.178,431.0,MB,,,,,,,
pcgs_chen_2025,2503.08511,Table VII,15,main,Scaffold-GS,Scaffold-GS,Tanks and Temples,average,23.96,0.853,0.177,86.5,MB,,,,,,,
pcgs_chen_2025,2503.08511,Table VII,15,main,Lee et al. (Compact 3DGS),3DGS,Tanks and Temples,average,23.32,0.831,0.201,39.43,MB,,,,,,,
pcgs_chen_2025,2503.08511,Table VII,15,main,Compressed3D,3DGS,Tanks and Temples,average,23.32,0.832,0.194,,,,,,,,,"the PDF text layer renders this row shifted one column left, with a stray 3.68 at its head and the Tanks and Temples size dropped; values here are recovered by column position and agree with HAC++ Table II"
pcgs_chen_2025,2503.08511,Table VII,15,main,EAGLES,3DGS,Tanks and Temples,average,23.28,0.835,0.203,28.99,MB,,,,,,,
pcgs_chen_2025,2503.08511,Table VII,15,main,LightGaussian,3DGS,Tanks and Temples,average,22.83,0.822,0.242,22.43,MB,,,,,,,
pcgs_chen_2025,2503.08511,Table VII,15,main,SOG (Self-Organizing Gaussians),3DGS,Tanks and Temples,average,23.15,0.828,0.198,9.3,MB,,,,,,,
pcgs_chen_2025,2503.08511,Table VII,15,main,Navaneet et al. (Compact3D),3DGS,Tanks and Temples,average,23.44,0.838,0.198,12.5,MB,,,,,,,
pcgs_chen_2025,2503.08511,Table VII,15,main,Reduced3DGS,3DGS,Tanks and Temples,average,23.57,0.84,0.188,14.0,MB,,,,,,,
pcgs_chen_2025,2503.08511,Table VII,15,main,RDO-Gaussian,3DGS,Tanks and Temples,average,23.34,0.835,0.195,12.03,MB,,,,,,,
pcgs_chen_2025,2503.08511,Table VII,15,main,MesonGS-FT,3DGS,Tanks and Temples,average,23.32,0.837,0.193,16.99,MB,,,,,,,
pcgs_chen_2025,2503.08511,Table VII,15,main,HAC (lowrate),Scaffold-GS,Tanks and Temples,average,24.04,0.846,0.187,8.1,MB,,,,,,,
pcgs_chen_2025,2503.08511,Table VII,15,main,HAC (highrate),Scaffold-GS,Tanks and Temples,average,24.4,0.853,0.177,11.24,MB,,,,,,,
pcgs_chen_2025,2503.08511,Table VII,15,main,ContextGS (lowrate),Scaffold-GS,Tanks and Temples,average,24.2,0.852,0.184,7.05,MB,,,,,,,
pcgs_chen_2025,2503.08511,Table VII,15,main,ContextGS (highrate),Scaffold-GS,Tanks and Temples,average,24.29,0.855,0.176,11.8,MB,,,,,,,
pcgs_chen_2025,2503.08511,Table VII,15,main,CompGS (lowrate),3DGS,Tanks and Temples,average,23.11,0.815,0.236,5.89,MB,,,,,,,
pcgs_chen_2025,2503.08511,Table VII,15,main,CompGS (highrate),3DGS,Tanks and Temples,average,23.7,0.837,0.208,9.6,MB,,,,,,,
pcgs_chen_2025,2503.08511,Table VII,15,main,CAT-3DGS (lowrate),Scaffold-GS,Tanks and Temples,average,22.97,0.786,0.293,1.42,MB,,,,,,,
pcgs_chen_2025,2503.08511,Table VII,15,main,CAT-3DGS (highrate),Scaffold-GS,Tanks and Temples,average,24.41,0.853,0.189,6.93,MB,,,,,,,
pcgs_chen_2025,2503.08511,Table VII,15,main,HEMGS (lowrate),Scaffold-GS,Tanks and Temples,average,24.4,0.848,0.192,5.75,MB,,,,,,,
pcgs_chen_2025,2503.08511,Table VII,15,main,HEMGS (highrate),Scaffold-GS,Tanks and Temples,average,24.55,0.856,0.176,9.67,MB,,,,,,,
pcgs_chen_2025,2503.08511,Table VII,15,main,HAC++ (lowrate),Scaffold-GS,Tanks and Temples,average,24.22,0.849,0.19,5.18,MB,,,,,,,
pcgs_chen_2025,2503.08511,Table VII,15,main,HAC++ (highrate),Scaffold-GS,Tanks and Temples,average,24.32,0.854,0.178,8.63,MB,,,,,,,
pcgs_chen_2025,2503.08511,Table VII,15,main,GoDe (lowrate),3DGS,Tanks and Temples,average,23.72,0.83,0.258,5.9,MB,,,,,,,
pcgs_chen_2025,2503.08511,Table VII,15,main,GoDe (highrate),3DGS,Tanks and Temples,average,24.01,0.846,0.226,11.0,MB,,,,,,,
pcgs_chen_2025,2503.08511,Table VII,15,main,PCGS (lowrate),Scaffold-GS,Tanks and Temples,average,24.501,0.852,0.186,5.67,MB,,,,,,,PCGS is trained once and produces the whole progressive rate-distortion curve; these are two points on it
pcgs_chen_2025,2503.08511,Table VII,15,main,PCGS (highrate),Scaffold-GS,Tanks and Temples,average,24.59,0.856,0.181,9.87,MB,,,,,,,PCGS is trained once and produces the whole progressive rate-distortion curve; these are two points on it
pcgs_chen_2025,2503.08511,Table VII,15,main,3DGS,3DGS,Deep Blending,average,29.42,0.899,0.247,663.9,MB,,,,,,,
pcgs_chen_2025,2503.08511,Table VII,15,main,Scaffold-GS,Scaffold-GS,Deep Blending,average,30.21,0.906,0.254,66.0,MB,,,,,,,
pcgs_chen_2025,2503.08511,Table VII,15,main,Lee et al. (Compact 3DGS),3DGS,Deep Blending,average,29.79,0.901,0.258,43.21,MB,,,,,,,
pcgs_chen_2025,2503.08511,Table VII,15,main,Compressed3D,3DGS,Deep Blending,average,29.38,0.898,0.253,25.3,MB,,,,,,,"the PDF text layer renders this row shifted one column left, with a stray 3.68 at its head and the Tanks and Temples size dropped; values here are recovered by column position and agree with HAC++ Table II"
pcgs_chen_2025,2503.08511,Table VII,15,main,EAGLES,3DGS,Deep Blending,average,29.72,0.906,0.249,52.34,MB,,,,,,,
pcgs_chen_2025,2503.08511,Table VII,15,main,LightGaussian,3DGS,Deep Blending,average,27.01,0.872,0.308,33.94,MB,,,,,,,
pcgs_chen_2025,2503.08511,Table VII,15,main,SOG (Self-Organizing Gaussians),3DGS,Deep Blending,average,29.12,0.892,0.27,5.7,MB,,,,,,,
pcgs_chen_2025,2503.08511,Table VII,15,main,Navaneet et al. (Compact3D),3DGS,Deep Blending,average,29.9,0.907,0.251,13.5,MB,,,,,,,
pcgs_chen_2025,2503.08511,Table VII,15,main,Reduced3DGS,3DGS,Deep Blending,average,29.63,0.902,0.249,18.0,MB,,,,,,,
pcgs_chen_2025,2503.08511,Table VII,15,main,RDO-Gaussian,3DGS,Deep Blending,average,29.63,0.902,0.252,18.0,MB,,,,,,,
pcgs_chen_2025,2503.08511,Table VII,15,main,MesonGS-FT,3DGS,Deep Blending,average,29.51,0.901,0.251,24.76,MB,,,,,,,
pcgs_chen_2025,2503.08511,Table VII,15,main,HAC (lowrate),Scaffold-GS,Deep Blending,average,29.98,0.902,0.269,4.35,MB,,,,,,,
pcgs_chen_2025,2503.08511,Table VII,15,main,HAC (highrate),Scaffold-GS,Deep Blending,average,30.34,0.906,0.258,6.35,MB,,,,,,,
pcgs_chen_2025,2503.08511,Table VII,15,main,ContextGS (lowrate),Scaffold-GS,Deep Blending,average,30.11,0.907,0.265,3.45,MB,,,,,,,
pcgs_chen_2025,2503.08511,Table VII,15,main,ContextGS (highrate),Scaffold-GS,Deep Blending,average,30.39,0.909,0.258,6.6,MB,,,,,,,
pcgs_chen_2025,2503.08511,Table VII,15,main,CompGS (lowrate),3DGS,Deep Blending,average,29.3,0.895,0.293,6.03,MB,,,,,,,
pcgs_chen_2025,2503.08511,Table VII,15,main,CompGS (highrate),3DGS,Deep Blending,average,29.69,0.901,0.279,8.77,MB,,,,,,,
pcgs_chen_2025,2503.08511,Table VII,15,main,CAT-3DGS (lowrate),Scaffold-GS,Deep Blending,average,28.53,0.878,0.336,0.93,MB,,,,,,,
pcgs_chen_2025,2503.08511,Table VII,15,main,CAT-3DGS (highrate),Scaffold-GS,Deep Blending,average,30.29,0.909,0.269,3.56,MB,,,,,,,
pcgs_chen_2025,2503.08511,Table VII,15,main,HEMGS (lowrate),Scaffold-GS,Deep Blending,average,30.24,0.909,0.27,2.85,MB,,,,,,,
pcgs_chen_2025,2503.08511,Table VII,15,main,HEMGS (highrate),Scaffold-GS,Deep Blending,average,30.4,0.912,0.258,6.39,MB,,,,,,,
pcgs_chen_2025,2503.08511,Table VII,15,main,HAC++ (lowrate),Scaffold-GS,Deep Blending,average,30.16,0.907,0.266,2.91,MB,,,,,,,
pcgs_chen_2025,2503.08511,Table VII,15,main,HAC++ (highrate),Scaffold-GS,Deep Blending,average,30.34,0.911,0.254,5.28,MB,,,,,,,
pcgs_chen_2025,2503.08511,Table VII,15,main,GoDe (lowrate),3DGS,Deep Blending,average,29.76,0.897,0.358,3.9,MB,,,,,,,
pcgs_chen_2025,2503.08511,Table VII,15,main,GoDe (highrate),3DGS,Deep Blending,average,30.34,0.909,0.331,8.4,MB,,,,,,,
pcgs_chen_2025,2503.08511,Table VII,15,main,PCGS (lowrate),Scaffold-GS,Deep Blending,average,30.19,0.907,0.264,3.26,MB,,,,,,,PCGS is trained once and produces the whole progressive rate-distortion curve; these are two points on it
pcgs_chen_2025,2503.08511,Table VII,15,main,PCGS (highrate),Scaffold-GS,Deep Blending,average,30.38,0.91,0.259,5.81,MB,,,,,,,PCGS is trained once and produces the whole progressive rate-distortion curve; these are two points on it
pcgs_chen_2025,2503.08511,Table VII,15,main,3DGS,3DGS,BungeeNeRF,average,24.87,0.841,0.205,1616,MB,,,,,,,
pcgs_chen_2025,2503.08511,Table VII,15,main,Scaffold-GS,Scaffold-GS,BungeeNeRF,average,26.62,0.865,0.241,183.0,MB,,,,,,,
pcgs_chen_2025,2503.08511,Table VII,15,main,Lee et al. (Compact 3DGS),3DGS,BungeeNeRF,average,23.36,0.788,0.251,82.6,MB,,,,,,,
pcgs_chen_2025,2503.08511,Table VII,15,main,EAGLES,3DGS,BungeeNeRF,average,25.89,0.865,0.197,115.2,MB,,,,,,,
pcgs_chen_2025,2503.08511,Table VII,15,main,LightGaussian,3DGS,BungeeNeRF,average,24.52,0.825,0.255,87.28,MB,,,,,,,
pcgs_chen_2025,2503.08511,Table VII,15,main,SOG (Self-Organizing Gaussians),3DGS,BungeeNeRF,average,22.43,0.708,0.339,48.25,MB,,,,,,,
pcgs_chen_2025,2503.08511,Table VII,15,main,Navaneet et al. (Compact3D),3DGS,BungeeNeRF,average,24.7,0.815,0.266,33.39,MB,,,,,,,
pcgs_chen_2025,2503.08511,Table VII,15,main,Reduced3DGS,3DGS,BungeeNeRF,average,24.57,0.812,0.228,65.39,MB,,,,,,,
pcgs_chen_2025,2503.08511,Table VII,15,main,RDO-Gaussian,3DGS,BungeeNeRF,average,23.37,0.762,0.286,39.06,MB,,,,,,,
pcgs_chen_2025,2503.08511,Table VII,15,main,MesonGS-FT,3DGS,BungeeNeRF,average,23.06,0.771,0.235,63.11,MB,,,,,,,
pcgs_chen_2025,2503.08511,Table VII,15,main,HAC (lowrate),Scaffold-GS,BungeeNeRF,average,26.48,0.845,0.25,18.49,MB,,,,,,,
pcgs_chen_2025,2503.08511,Table VII,15,main,HAC (highrate),Scaffold-GS,BungeeNeRF,average,27.08,0.872,0.209,29.72,MB,,,,,,,
pcgs_chen_2025,2503.08511,Table VII,15,main,ContextGS (lowrate),Scaffold-GS,BungeeNeRF,average,26.9,0.866,0.222,14.0,MB,,,,,,,
pcgs_chen_2025,2503.08511,Table VII,15,main,ContextGS (highrate),Scaffold-GS,BungeeNeRF,average,27.15,0.875,0.205,21.8,MB,,,,,,,
pcgs_chen_2025,2503.08511,Table VII,15,main,CAT-3DGS (lowrate),Scaffold-GS,BungeeNeRF,average,25.19,0.808,0.279,10.14,MB,,,,,,,
pcgs_chen_2025,2503.08511,Table VII,15,main,CAT-3DGS (highrate),Scaffold-GS,BungeeNeRF,average,27.35,0.886,0.183,26.59,MB,,,,,,,
pcgs_chen_2025,2503.08511,Table VII,15,main,HAC++ (lowrate),Scaffold-GS,BungeeNeRF,average,26.78,0.858,0.235,11.75,MB,,,,,,,
pcgs_chen_2025,2503.08511,Table VII,15,main,HAC++ (highrate),Scaffold-GS,BungeeNeRF,average,27.17,0.879,0.196,20.82,MB,,,,,,,
pcgs_chen_2025,2503.08511,Table VII,15,main,PCGS (lowrate),Scaffold-GS,BungeeNeRF,average,26.89,0.864,0.223,13.0,MB,,,,,,,PCGS is trained once and produces the whole progressive rate-distortion curve; these are two points on it
pcgs_chen_2025,2503.08511,Table VII,15,main,PCGS (highrate),Scaffold-GS,BungeeNeRF,average,27.15,0.872,0.213,22.8,MB,,,,,,,PCGS is trained once and produces the whole progressive rate-distortion curve; these are two points on it
rdo_gaussian_wang_eccv2024,2406.01597,Table 1,13,ablation,3DGS,3DGS,Tanks and Temples,truck,25.36,,,609.3,MB,,,,,,,bitrate saving against the preceding row: -
rdo_gaussian_wang_eccv2024,2406.01597,Table 1,13,ablation,3DGS,3DGS,Deep Blending,playroom,29.95,,,550.5,MB,,,,,,,bitrate saving against the preceding row: -
rdo_gaussian_wang_eccv2024,2406.01597,Table 1,13,ablation,+ Gaussian prune,3DGS,Tanks and Temples,truck,25.34,,,275.2,MB,,,,,,,bitrate saving against the preceding row: -54.83%
rdo_gaussian_wang_eccv2024,2406.01597,Table 1,13,ablation,+ Gaussian prune,3DGS,Deep Blending,playroom,29.97,,,252.5,MB,,,,,,,bitrate saving against the preceding row: -54.14%
rdo_gaussian_wang_eccv2024,2406.01597,Table 1,13,ablation,+ adaptive SH prune,3DGS,Tanks and Temples,truck,25.32,,,94.1,MB,,,,,,,bitrate saving against the preceding row: -65.81%
rdo_gaussian_wang_eccv2024,2406.01597,Table 1,13,ablation,+ adaptive SH prune,3DGS,Deep Blending,playroom,30.04,,,81.9,MB,,,,,,,bitrate saving against the preceding row: -67.58%
rdo_gaussian_wang_eccv2024,2406.01597,Table 1,13,ablation,+ ECVQ,3DGS,Tanks and Temples,truck,25.06,,,33.9,MB,,,,,,,bitrate saving against the preceding row: -63.98%
rdo_gaussian_wang_eccv2024,2406.01597,Table 1,13,ablation,+ ECVQ,3DGS,Deep Blending,playroom,30.18,,,27.3,MB,,,,,,,bitrate saving against the preceding row: -66.62%
rdo_gaussian_wang_eccv2024,2406.01597,Table 1,13,ablation,+ parameter compression (full RDO-Gaussian),3DGS,Tanks and Temples,truck,25.04,,,14.9,MB,,,,,,,bitrate saving against the preceding row: -56.15%
rdo_gaussian_wang_eccv2024,2406.01597,Table 1,13,ablation,+ parameter compression (full RDO-Gaussian),3DGS,Deep Blending,playroom,30.16,,,13.1,MB,,,,,,,bitrate saving against the preceding row: -52.02%
rdo_gaussian_wang_eccv2024,2406.01597,Table A.1,18,supplement,RDO-Gaussian,3DGS,Tanks and Temples,average,22.09,0.755,0.318,1.32,MB,,,,,,,"rate point lambda_GSprune=0.05, lambda_SHprune=0.5; Gaussian prune ratio 0.951, adaptive SH prune ratio 0.998"
rdo_gaussian_wang_eccv2024,2406.01597,Table A.1,18,supplement,RDO-Gaussian,3DGS,Tanks and Temples,average,22.69,0.793,0.264,2.39,MB,,,,,,,"rate point lambda_GSprune=0.02, lambda_SHprune=0.2; Gaussian prune ratio 0.9, adaptive SH prune ratio 0.993"
rdo_gaussian_wang_eccv2024,2406.01597,Table A.1,18,supplement,RDO-Gaussian,3DGS,Tanks and Temples,average,22.98,0.812,0.233,3.74,MB,,,,,,,"rate point lambda_GSprune=0.01, lambda_SHprune=0.1; Gaussian prune ratio 0.841, adaptive SH prune ratio 0.985"
rdo_gaussian_wang_eccv2024,2406.01597,Table A.1,18,supplement,RDO-Gaussian,3DGS,Tanks and Temples,average,23.14,0.823,0.214,5.49,MB,,,,,,,"rate point lambda_GSprune=0.005, lambda_SHprune=0.05; Gaussian prune ratio 0.763, adaptive SH prune ratio 0.97"
rdo_gaussian_wang_eccv2024,2406.01597,Table A.1,18,supplement,RDO-Gaussian,3DGS,Tanks and Temples,average,23.28,0.831,0.202,8.02,MB,,,,,,,"rate point lambda_GSprune=0.002, lambda_SHprune=0.02; Gaussian prune ratio 0.646, adaptive SH prune ratio 0.93"
rdo_gaussian_wang_eccv2024,2406.01597,Table A.1,18,supplement,RDO-Gaussian,3DGS,Tanks and Temples,average,23.34,0.835,0.195,12.02,MB,,,,,,,"rate point lambda_GSprune=0.0005, lambda_SHprune=0.005; Gaussian prune ratio 0.471, adaptive SH prune ratio 0.833"
rdo_gaussian_wang_eccv2024,2406.01597,Table A.2,18,supplement,RDO-Gaussian,3DGS,Deep Blending,average,28.38,0.872,0.331,1.22,MB,,,,,,,"rate point lambda_GSprune=0.05, lambda_SHprune=0.5; Gaussian prune ratio 0.974, adaptive SH prune ratio 0.999"
rdo_gaussian_wang_eccv2024,2406.01597,Table A.2,18,supplement,RDO-Gaussian,3DGS,Deep Blending,average,29.07,0.887,0.296,2.4,MB,,,,,,,"rate point lambda_GSprune=0.02, lambda_SHprune=0.2; Gaussian prune ratio 0.939, adaptive SH prune ratio 0.998"
rdo_gaussian_wang_eccv2024,2406.01597,Table A.2,18,supplement,RDO-Gaussian,3DGS,Deep Blending,average,29.35,0.895,0.277,4.14,MB,,,,,,,"rate point lambda_GSprune=0.01, lambda_SHprune=0.1; Gaussian prune ratio 0.891, adaptive SH prune ratio 0.995"
rdo_gaussian_wang_eccv2024,2406.01597,Table A.2,18,supplement,RDO-Gaussian,3DGS,Deep Blending,average,29.48,0.899,0.265,6.71,MB,,,,,,,"rate point lambda_GSprune=0.005, lambda_SHprune=0.05; Gaussian prune ratio 0.818, adaptive SH prune ratio 0.987"
rdo_gaussian_wang_eccv2024,2406.01597,Table A.2,18,supplement,RDO-Gaussian,3DGS,Deep Blending,average,29.59,0.901,0.256,10.96,MB,,,,,,,"rate point lambda_GSprune=0.002, lambda_SHprune=0.02; Gaussian prune ratio 0.693, adaptive SH prune ratio 0.965"
rdo_gaussian_wang_eccv2024,2406.01597,Table A.2,18,supplement,RDO-Gaussian,3DGS,Deep Blending,average,29.63,0.902,0.252,18.0,MB,,,,,,,"rate point lambda_GSprune=0.0005, lambda_SHprune=0.005; Gaussian prune ratio 0.484, adaptive SH prune ratio 0.894"
rdo_gaussian_wang_eccv2024,2406.01597,Table A.3,19,supplement,RDO-Gaussian,3DGS,Mip-NeRF 360,average,24.43,0.683,0.406,1.71,MB,,,,,,,"rate point lambda_GSprune=0.05, lambda_SHprune=0.5; Gaussian prune ratio 0.965, adaptive SH prune ratio 0.999"
rdo_gaussian_wang_eccv2024,2406.01597,Table A.3,19,supplement,RDO-Gaussian,3DGS,Mip-NeRF 360,average,25.38,0.734,0.343,3.54,MB,,,,,,,"rate point lambda_GSprune=0.02, lambda_SHprune=0.2; Gaussian prune ratio 0.922, adaptive SH prune ratio 0.996"
rdo_gaussian_wang_eccv2024,2406.01597,Table A.3,19,supplement,RDO-Gaussian,3DGS,Mip-NeRF 360,average,26.03,0.764,0.299,6.16,MB,,,,,,,"rate point lambda_GSprune=0.01, lambda_SHprune=0.1; Gaussian prune ratio 0.862, adaptive SH prune ratio 0.989"
rdo_gaussian_wang_eccv2024,2406.01597,Table A.3,19,supplement,RDO-Gaussian,3DGS,Mip-NeRF 360,average,26.5,0.784,0.268,9.76,MB,,,,,,,"rate point lambda_GSprune=0.005, lambda_SHprune=0.05; Gaussian prune ratio 0.776, adaptive SH prune ratio 0.97"
rdo_gaussian_wang_eccv2024,2406.01597,Table A.3,19,supplement,RDO-Gaussian,3DGS,Mip-NeRF 360,average,26.87,0.796,0.248,15.35,MB,,,,,,,"rate point lambda_GSprune=0.002, lambda_SHprune=0.02; Gaussian prune ratio 0.636, adaptive SH prune ratio 0.922"
rdo_gaussian_wang_eccv2024,2406.01597,Table A.3,19,supplement,RDO-Gaussian,3DGS,Mip-NeRF 360,average,27.05,0.802,0.239,23.46,MB,,,,,,,"rate point lambda_GSprune=0.0005, lambda_SHprune=0.005; Gaussian prune ratio 0.437, adaptive SH prune ratio 0.809"
rdo_gaussian_wang_eccv2024,2406.01597,Table A.4,19,supplement,RDO-Gaussian,3DGS,NeRF Synthetic,average,29.95,0.946,0.064,0.42,MB,,,,,,,"rate point lambda_GSprune=0.005, lambda_SHprune=0.025; Gaussian prune ratio 0.942, adaptive SH prune ratio 0.961"
rdo_gaussian_wang_eccv2024,2406.01597,Table A.4,19,supplement,RDO-Gaussian,3DGS,NeRF Synthetic,average,31.23,0.956,0.05,0.73,MB,,,,,,,"rate point lambda_GSprune=0.002, lambda_SHprune=0.01; Gaussian prune ratio 0.895, adaptive SH prune ratio 0.864"
rdo_gaussian_wang_eccv2024,2406.01597,Table A.4,19,supplement,RDO-Gaussian,3DGS,NeRF Synthetic,average,32.01,0.961,0.043,1.02,MB,,,,,,,"rate point lambda_GSprune=0.001, lambda_SHprune=0.005; Gaussian prune ratio 0.84, adaptive SH prune ratio 0.749"
rdo_gaussian_wang_eccv2024,2406.01597,Table A.4,19,supplement,RDO-Gaussian,3DGS,NeRF Synthetic,average,32.56,0.964,0.038,1.33,MB,,,,,,,"rate point lambda_GSprune=0.0005, lambda_SHprune=0.0025; Gaussian prune ratio 0.768, adaptive SH prune ratio 0.624"
rdo_gaussian_wang_eccv2024,2406.01597,Table A.4,19,supplement,RDO-Gaussian,3DGS,NeRF Synthetic,average,32.97,0.966,0.035,1.84,MB,,,,,,,"rate point lambda_GSprune=0.0002, lambda_SHprune=0.001; Gaussian prune ratio 0.644, adaptive SH prune ratio 0.473"
rdo_gaussian_wang_eccv2024,2406.01597,Table A.4,19,supplement,RDO-Gaussian,3DGS,NeRF Synthetic,average,33.12,0.967,0.035,2.31,MB,,,,,,,"rate point lambda_GSprune=0.0001, lambda_SHprune=0.0005; Gaussian prune ratio 0.532, adaptive SH prune ratio 0.374"
rdo_gaussian_wang_eccv2024,2406.01597,Table A.5,18,supplement,3DGS,3DGS,Tanks and Temples,truck,25.36,0.878,0.148,609.32,MB,,,,,,,3DGS re-implemented by the RDO-Gaussian authors
rdo_gaussian_wang_eccv2024,2406.01597,Table A.5,18,supplement,RDO-Gaussian,3DGS,Tanks and Temples,truck,25.04,0.87,0.161,14.87,MB,,,,,,,highest-rate configuration
rdo_gaussian_wang_eccv2024,2406.01597,Table A.5,18,supplement,3DGS,3DGS,Tanks and Temples,train,21.97,0.81,0.209,254.89,MB,,,,,,,3DGS re-implemented by the RDO-Gaussian authors
rdo_gaussian_wang_eccv2024,2406.01597,Table A.5,18,supplement,RDO-Gaussian,3DGS,Tanks and Temples,train,21.64,0.799,0.228,9.18,MB,,,,,,,highest-rate configuration
rdo_gaussian_wang_eccv2024,2406.01597,Table A.5,18,supplement,3DGS,3DGS,Deep Blending,drjohnson,29.06,0.898,0.247,771.44,MB,,,,,,,3DGS re-implemented by the RDO-Gaussian authors
rdo_gaussian_wang_eccv2024,2406.01597,Table A.5,18,supplement,RDO-Gaussian,3DGS,Deep Blending,drjohnson,29.1,0.899,0.253,22.89,MB,,,,,,,highest-rate configuration
rdo_gaussian_wang_eccv2024,2406.01597,Table A.5,18,supplement,3DGS,3DGS,Deep Blending,playroom,29.96,0.901,0.246,550.56,MB,,,,,,,3DGS re-implemented by the RDO-Gaussian authors
rdo_gaussian_wang_eccv2024,2406.01597,Table A.5,18,supplement,RDO-Gaussian,3DGS,Deep Blending,playroom,30.16,0.905,0.251,13.11,MB,,,,,,,highest-rate configuration
rdo_gaussian_wang_eccv2024,2406.01597,Table A.6,20,supplement,3DGS,3DGS,Mip-NeRF 360,bicycle,25.11,0.747,0.244,1335.48,MB,,,,,,,3DGS re-implemented by the RDO-Gaussian authors
rdo_gaussian_wang_eccv2024,2406.01597,Table A.6,20,supplement,RDO-Gaussian,3DGS,Mip-NeRF 360,bicycle,24.88,0.734,0.266,43.14,MB,,,,,,,highest-rate configuration
rdo_gaussian_wang_eccv2024,2406.01597,Table A.6,20,supplement,3DGS,3DGS,Mip-NeRF 360,flowers,21.32,0.589,0.359,807.02,MB,,,,,,,3DGS re-implemented by the RDO-Gaussian authors
rdo_gaussian_wang_eccv2024,2406.01597,Table A.6,20,supplement,RDO-Gaussian,3DGS,Mip-NeRF 360,flowers,21.16,0.577,0.372,26.52,MB,,,,,,,highest-rate configuration
rdo_gaussian_wang_eccv2024,2406.01597,Table A.6,20,supplement,3DGS,3DGS,Mip-NeRF 360,garden,27.3,0.856,0.122,1329.37,MB,,,,,,,3DGS re-implemented by the RDO-Gaussian authors
rdo_gaussian_wang_eccv2024,2406.01597,Table A.6,20,supplement,RDO-Gaussian,3DGS,Mip-NeRF 360,garden,26.78,0.838,0.148,38.75,MB,,,,,,,highest-rate configuration
rdo_gaussian_wang_eccv2024,2406.01597,Table A.6,20,supplement,3DGS,3DGS,Mip-NeRF 360,stump,26.67,0.77,0.242,1096.31,MB,,,,,,,3DGS re-implemented by the RDO-Gaussian authors
rdo_gaussian_wang_eccv2024,2406.01597,Table A.6,20,supplement,RDO-Gaussian,3DGS,Mip-NeRF 360,stump,26.53,0.762,0.258,36.17,MB,,,,,,,highest-rate configuration
rdo_gaussian_wang_eccv2024,2406.01597,Table A.6,20,supplement,3DGS,3DGS,Mip-NeRF 360,treehill,22.51,0.635,0.348,809.95,MB,,,,,,,3DGS re-implemented by the RDO-Gaussian authors
rdo_gaussian_wang_eccv2024,2406.01597,Table A.6,20,supplement,RDO-Gaussian,3DGS,Mip-NeRF 360,treehill,22.53,0.629,0.364,28.76,MB,,,,,,,highest-rate configuration
rdo_gaussian_wang_eccv2024,2406.01597,Table A.7,20,supplement,3DGS,3DGS,Mip-NeRF 360,room,31.62,0.926,0.197,349.48,MB,,,,,,,3DGS re-implemented by the RDO-Gaussian authors
rdo_gaussian_wang_eccv2024,2406.01597,Table A.7,20,supplement,RDO-Gaussian,3DGS,Mip-NeRF 360,room,31.11,0.918,0.212,8.11,MB,,,,,,,highest-rate configuration
rdo_gaussian_wang_eccv2024,2406.01597,Table A.7,20,supplement,3DGS,3DGS,Mip-NeRF 360,counter,29.1,0.914,0.184,275.71,MB,,,,,,,3DGS re-implemented by the RDO-Gaussian authors
rdo_gaussian_wang_eccv2024,2406.01597,Table A.7,20,supplement,RDO-Gaussian,3DGS,Mip-NeRF 360,counter,28.51,0.902,0.205,7.91,MB,,,,,,,highest-rate configuration
rdo_gaussian_wang_eccv2024,2406.01597,Table A.7,20,supplement,3DGS,3DGS,Mip-NeRF 360,kitchen,31.45,0.932,0.117,415.42,MB,,,,,,,3DGS re-implemented by the RDO-Gaussian authors
rdo_gaussian_wang_eccv2024,2406.01597,Table A.7,20,supplement,RDO-Gaussian,3DGS,Mip-NeRF 360,kitchen,30.49,0.921,0.13,13.01,MB,,,,,,,highest-rate configuration
rdo_gaussian_wang_eccv2024,2406.01597,Table A.7,20,supplement,3DGS,3DGS,Mip-NeRF 360,bonsai,32.33,0.946,0.181,293.48,MB,,,,,,,3DGS re-implemented by the RDO-Gaussian authors
rdo_gaussian_wang_eccv2024,2406.01597,Table A.7,20,supplement,RDO-Gaussian,3DGS,Mip-NeRF 360,bonsai,31.43,0.937,0.196,8.77,MB,,,,,,,highest-rate configuration
rdo_gaussian_wang_eccv2024,2406.01597,Table A.8,20,supplement,3DGS,3DGS,NeRF Synthetic,chair,35.55,0.988,0.01,115.68,MB,,,,,,,3DGS re-implemented by the RDO-Gaussian authors
rdo_gaussian_wang_eccv2024,2406.01597,Table A.8,20,supplement,RDO-Gaussian,3DGS,NeRF Synthetic,chair,34.63,0.984,0.014,2.98,MB,,,,,,,highest-rate configuration
rdo_gaussian_wang_eccv2024,2406.01597,Table A.8,20,supplement,3DGS,3DGS,NeRF Synthetic,drums,26.28,0.955,0.037,92.29,MB,,,,,,,3DGS re-implemented by the RDO-Gaussian authors
rdo_gaussian_wang_eccv2024,2406.01597,Table A.8,20,supplement,RDO-Gaussian,3DGS,NeRF Synthetic,drums,26.01,0.953,0.04,3.02,MB,,,,,,,highest-rate configuration
rdo_gaussian_wang_eccv2024,2406.01597,Table A.8,20,supplement,3DGS,3DGS,NeRF Synthetic,ficus,35.48,0.987,0.012,62.4,MB,,,,,,,3DGS re-implemented by the RDO-Gaussian authors
rdo_gaussian_wang_eccv2024,2406.01597,Table A.8,20,supplement,RDO-Gaussian,3DGS,NeRF Synthetic,ficus,35.21,0.986,0.013,2.05,MB,,,,,,,highest-rate configuration
rdo_gaussian_wang_eccv2024,2406.01597,Table A.8,20,supplement,3DGS,3DGS,NeRF Synthetic,hotdog,38.03,0.985,0.02,43.92,MB,,,,,,,3DGS re-implemented by the RDO-Gaussian authors
rdo_gaussian_wang_eccv2024,2406.01597,Table A.8,20,supplement,RDO-Gaussian,3DGS,NeRF Synthetic,hotdog,37.28,0.983,0.024,1.66,MB,,,,,,,highest-rate configuration
rdo_gaussian_wang_eccv2024,2406.01597,Table A.8,20,supplement,3DGS,3DGS,NeRF Synthetic,lego,36.1,0.983,0.016,81.41,MB,,,,,,,3DGS re-implemented by the RDO-Gaussian authors
rdo_gaussian_wang_eccv2024,2406.01597,Table A.8,20,supplement,RDO-Gaussian,3DGS,NeRF Synthetic,lego,35.25,0.98,0.02,2.77,MB,,,,,,,highest-rate configuration
rdo_gaussian_wang_eccv2024,2406.01597,Table A.8,20,supplement,3DGS,3DGS,NeRF Synthetic,mic,36.7,0.993,0.006,45.87,MB,,,,,,,3DGS re-implemented by the RDO-Gaussian authors
rdo_gaussian_wang_eccv2024,2406.01597,Table A.8,20,supplement,RDO-Gaussian,3DGS,NeRF Synthetic,mic,35.6,0.991,0.008,1.46,MB,,,,,,,highest-rate configuration
rdo_gaussian_wang_eccv2024,2406.01597,Table A.8,20,supplement,3DGS,3DGS,NeRF Synthetic,materials,30.48,0.96,0.037,37.74,MB,,,,,,,3DGS re-implemented by the RDO-Gaussian authors
rdo_gaussian_wang_eccv2024,2406.01597,Table A.8,20,supplement,RDO-Gaussian,3DGS,NeRF Synthetic,materials,29.94,0.957,0.043,1.91,MB,,,,,,,highest-rate configuration
rdo_gaussian_wang_eccv2024,2406.01597,Table A.8,20,supplement,3DGS,3DGS,NeRF Synthetic,ship,31.67,0.906,0.106,65.76,MB,,,,,,,3DGS re-implemented by the RDO-Gaussian authors
rdo_gaussian_wang_eccv2024,2406.01597,Table A.8,20,supplement,RDO-Gaussian,3DGS,NeRF Synthetic,ship,31.07,0.901,0.115,2.65,MB,,,,,,,highest-rate configuration
rdo_gaussian_wang_eccv2024,2406.01597,Table A.9,22,supplement,3DGS,3DGS,Mip-NeRF 360,average,,,,,,,141,,,,,NVIDIA A100
rdo_gaussian_wang_eccv2024,2406.01597,Table A.9,22,supplement,RDO-Gaussian,3DGS,Mip-NeRF 360,average,,,,,,,191,,,,,"rate configuration 1 of 6, ordered high rate to low rate; NVIDIA A100"
rdo_gaussian_wang_eccv2024,2406.01597,Table A.9,22,supplement,RDO-Gaussian,3DGS,Mip-NeRF 360,average,,,,,,,244,,,,,"rate configuration 2 of 6, ordered high rate to low rate; NVIDIA A100"
rdo_gaussian_wang_eccv2024,2406.01597,Table A.9,22,supplement,RDO-Gaussian,3DGS,Mip-NeRF 360,average,,,,,,,308,,,,,"rate configuration 3 of 6, ordered high rate to low rate; NVIDIA A100"
rdo_gaussian_wang_eccv2024,2406.01597,Table A.9,22,supplement,RDO-Gaussian,3DGS,Mip-NeRF 360,average,,,,,,,361,,,,,"rate configuration 4 of 6, ordered high rate to low rate; NVIDIA A100"
rdo_gaussian_wang_eccv2024,2406.01597,Table A.9,22,supplement,RDO-Gaussian,3DGS,Mip-NeRF 360,average,,,,,,,445,,,,,"rate configuration 5 of 6, ordered high rate to low rate; NVIDIA A100"
rdo_gaussian_wang_eccv2024,2406.01597,Table A.9,22,supplement,RDO-Gaussian,3DGS,Mip-NeRF 360,average,,,,,,,509,,,,,"rate configuration 6 of 6, ordered high rate to low rate; NVIDIA A100"
rdo_gaussian_wang_eccv2024,2406.01597,Table A.9,22,supplement,3DGS,3DGS,Tanks and Temples,average,,,,,,,176,,,,,NVIDIA A100
rdo_gaussian_wang_eccv2024,2406.01597,Table A.9,22,supplement,RDO-Gaussian,3DGS,Tanks and Temples,average,,,,,,,269,,,,,"rate configuration 1 of 6, ordered high rate to low rate; NVIDIA A100"
rdo_gaussian_wang_eccv2024,2406.01597,Table A.9,22,supplement,RDO-Gaussian,3DGS,Tanks and Temples,average,,,,,,,367,,,,,"rate configuration 2 of 6, ordered high rate to low rate; NVIDIA A100"
rdo_gaussian_wang_eccv2024,2406.01597,Table A.9,22,supplement,RDO-Gaussian,3DGS,Tanks and Temples,average,,,,,,,444,,,,,"rate configuration 3 of 6, ordered high rate to low rate; NVIDIA A100"
rdo_gaussian_wang_eccv2024,2406.01597,Table A.9,22,supplement,RDO-Gaussian,3DGS,Tanks and Temples,average,,,,,,,531,,,,,"rate configuration 4 of 6, ordered high rate to low rate; NVIDIA A100"
rdo_gaussian_wang_eccv2024,2406.01597,Table A.9,22,supplement,RDO-Gaussian,3DGS,Tanks and Temples,average,,,,,,,636,,,,,"rate configuration 5 of 6, ordered high rate to low rate; NVIDIA A100"
rdo_gaussian_wang_eccv2024,2406.01597,Table A.9,22,supplement,RDO-Gaussian,3DGS,Tanks and Temples,average,,,,,,,732,,,,,"rate configuration 6 of 6, ordered high rate to low rate; NVIDIA A100"
rdo_gaussian_wang_eccv2024,2406.01597,Table A.9,22,supplement,3DGS,3DGS,Deep Blending,average,,,,,,,143,,,,,NVIDIA A100
rdo_gaussian_wang_eccv2024,2406.01597,Table A.9,22,supplement,RDO-Gaussian,3DGS,Deep Blending,average,,,,,,,207,,,,,"rate configuration 1 of 6, ordered high rate to low rate; NVIDIA A100"
rdo_gaussian_wang_eccv2024,2406.01597,Table A.9,22,supplement,RDO-Gaussian,3DGS,Deep Blending,average,,,,,,,302,,,,,"rate configuration 2 of 6, ordered high rate to low rate; NVIDIA A100"
rdo_gaussian_wang_eccv2024,2406.01597,Table A.9,22,supplement,RDO-Gaussian,3DGS,Deep Blending,average,,,,,,,395,,,,,"rate configuration 3 of 6, ordered high rate to low rate; NVIDIA A100"
rdo_gaussian_wang_eccv2024,2406.01597,Table A.9,22,supplement,RDO-Gaussian,3DGS,Deep Blending,average,,,,,,,485,,,,,"rate configuration 4 of 6, ordered high rate to low rate; NVIDIA A100"
rdo_gaussian_wang_eccv2024,2406.01597,Table A.9,22,supplement,RDO-Gaussian,3DGS,Deep Blending,average,,,,,,,572,,,,,"rate configuration 5 of 6, ordered high rate to low rate; NVIDIA A100"
rdo_gaussian_wang_eccv2024,2406.01597,Table A.9,22,supplement,RDO-Gaussian,3DGS,Deep Blending,average,,,,,,,710,,,,,"rate configuration 6 of 6, ordered high rate to low rate; NVIDIA A100"
rdo_gaussian_wang_eccv2024,2406.01597,Table A.10,22,supplement,RDO-Gaussian (high rate),3DGS,Tanks and Temples,truck,,,,7.23,MB,,,,,,,"index composition only, not the full model size: scales 1.83 MB (25.27%), rotations 1.89 (26.19%), base colors 1.84 (25.48%), SH deg1 0.14 (2.06%), SH deg2 0.20 (2.86%), SH deg3 0.26 (3.65%), opacities 1.04 (14.50%)"
rdo_gaussian_wang_eccv2024,2406.01597,Table A.10,22,supplement,RDO-Gaussian (low rate),3DGS,Tanks and Temples,truck,,,,0.537,MB,,,,,,,"index composition only, not the full model size: scales 0.151 MB (28.16%), rotations 0.147 (27.42%), base colors 0.148 (27.60%), SH deg1 8.0e-5 (0.01%), SH deg2 1.00e-4 (0.02%), SH deg3 1.76e-4 (0.03%), opacities 0.089 (16.76%)"
salvq_xu_tip2025,2509.13482,Table X,12,main,3DGS,3DGS,Mip-NeRF 360,average,27.46,0.812,0.222,750.9,MB,,,,,,,"SALVQ = scene-adaptive lattice vector quantization replacing uniform scalar quantization; FS = fixed-scale, Sp = sparse variant"
salvq_xu_tip2025,2509.13482,Table X,12,main,Scaffold-GS,Scaffold-GS,Mip-NeRF 360,average,27.5,0.806,0.252,253.9,MB,,,,,,,"SALVQ = scene-adaptive lattice vector quantization replacing uniform scalar quantization; FS = fixed-scale, Sp = sparse variant"
salvq_xu_tip2025,2509.13482,Table X,12,main,Compact3DGS (Lee et al.),3DGS,Mip-NeRF 360,average,27.08,0.798,0.247,48.8,MB,,,,,,,"SALVQ = scene-adaptive lattice vector quantization replacing uniform scalar quantization; FS = fixed-scale, Sp = sparse variant"
salvq_xu_tip2025,2509.13482,Table X,12,main,Compressed3D,3DGS,Mip-NeRF 360,average,26.98,0.801,0.238,28.8,MB,,,,,,,"SALVQ = scene-adaptive lattice vector quantization replacing uniform scalar quantization; FS = fixed-scale, Sp = sparse variant"
salvq_xu_tip2025,2509.13482,Table X,12,main,EAGLES,3DGS,Mip-NeRF 360,average,27.14,0.809,0.231,58.91,MB,,,,,,,"SALVQ = scene-adaptive lattice vector quantization replacing uniform scalar quantization; FS = fixed-scale, Sp = sparse variant"
salvq_xu_tip2025,2509.13482,Table X,12,main,LightGaussian,3DGS,Mip-NeRF 360,average,27.0,0.799,0.249,44.54,MB,,,,,,,"SALVQ = scene-adaptive lattice vector quantization replacing uniform scalar quantization; FS = fixed-scale, Sp = sparse variant"
salvq_xu_tip2025,2509.13482,Table X,12,main,SOG (Self-Organizing Gaussians),3DGS,Mip-NeRF 360,average,26.56,0.791,0.241,16.7,MB,,,,,,,"SALVQ = scene-adaptive lattice vector quantization replacing uniform scalar quantization; FS = fixed-scale, Sp = sparse variant"
salvq_xu_tip2025,2509.13482,Table X,12,main,Navaneet et al. (Compact3D),3DGS,Mip-NeRF 360,average,27.12,0.806,0.24,19.33,MB,,,,,,,"SALVQ = scene-adaptive lattice vector quantization replacing uniform scalar quantization; FS = fixed-scale, Sp = sparse variant"
salvq_xu_tip2025,2509.13482,Table X,12,main,Reduced3DGS,3DGS,Mip-NeRF 360,average,27.19,0.807,0.23,29.54,MB,,,,,,,"SALVQ = scene-adaptive lattice vector quantization replacing uniform scalar quantization; FS = fixed-scale, Sp = sparse variant"
salvq_xu_tip2025,2509.13482,Table X,12,main,RDO-Gaussian,3DGS,Mip-NeRF 360,average,27.05,0.802,0.239,23.46,MB,,,,,,,"SALVQ = scene-adaptive lattice vector quantization replacing uniform scalar quantization; FS = fixed-scale, Sp = sparse variant"
salvq_xu_tip2025,2509.13482,Table X,12,main,CompGS,3DGS,Mip-NeRF 360,average,27.26,0.803,0.239,16.5,MB,,,,,,,"SALVQ = scene-adaptive lattice vector quantization replacing uniform scalar quantization; FS = fixed-scale, Sp = sparse variant"
salvq_xu_tip2025,2509.13482,Table X,12,main,FCGS,3DGS,Mip-NeRF 360,average,27.05,0.798,0.237,36.3,MB,,,,,,,"SALVQ = scene-adaptive lattice vector quantization replacing uniform scalar quantization; FS = fixed-scale, Sp = sparse variant"
salvq_xu_tip2025,2509.13482,Table X,12,main,HAC,Scaffold-GS,Mip-NeRF 360,average,27.53,0.807,0.238,15.26,MB,,,,,,,"SALVQ = scene-adaptive lattice vector quantization replacing uniform scalar quantization; FS = fixed-scale, Sp = sparse variant"
salvq_xu_tip2025,2509.13482,Table X,12,main,HAC + SALVQ,Scaffold-GS,Mip-NeRF 360,average,27.6,0.807,0.239,14.3,MB,,,,,,,"SALVQ = scene-adaptive lattice vector quantization replacing uniform scalar quantization; FS = fixed-scale, Sp = sparse variant"
salvq_xu_tip2025,2509.13482,Table X,12,main,HAC + FS-SALVQ,Scaffold-GS,Mip-NeRF 360,average,27.61,0.807,0.239,14.23,MB,,,,,,,"SALVQ = scene-adaptive lattice vector quantization replacing uniform scalar quantization; FS = fixed-scale, Sp = sparse variant"
salvq_xu_tip2025,2509.13482,Table X,12,main,ContextGS,Scaffold-GS,Mip-NeRF 360,average,27.62,0.808,0.237,12.68,MB,,,,,,,"SALVQ = scene-adaptive lattice vector quantization replacing uniform scalar quantization; FS = fixed-scale, Sp = sparse variant"
salvq_xu_tip2025,2509.13482,Table X,12,main,ContextGS + SALVQ,Scaffold-GS,Mip-NeRF 360,average,27.62,0.808,0.238,12.12,MB,,,,,,,"SALVQ = scene-adaptive lattice vector quantization replacing uniform scalar quantization; FS = fixed-scale, Sp = sparse variant"
salvq_xu_tip2025,2509.13482,Table X,12,main,ContextGS + Sp-SALVQ,Scaffold-GS,Mip-NeRF 360,average,27.65,0.808,0.237,12.15,MB,,,,,,,"SALVQ = scene-adaptive lattice vector quantization replacing uniform scalar quantization; FS = fixed-scale, Sp = sparse variant"
salvq_xu_tip2025,2509.13482,Table X,12,main,HAC++,Scaffold-GS,Mip-NeRF 360,average,27.6,0.803,0.253,8.34,MB,,,,,,,"SALVQ = scene-adaptive lattice vector quantization replacing uniform scalar quantization; FS = fixed-scale, Sp = sparse variant"
salvq_xu_tip2025,2509.13482,Table X,12,main,HAC++ + SALVQ,Scaffold-GS,Mip-NeRF 360,average,27.61,0.803,0.252,8.31,MB,,,,,,,"SALVQ = scene-adaptive lattice vector quantization replacing uniform scalar quantization; FS = fixed-scale, Sp = sparse variant"
salvq_xu_tip2025,2509.13482,Table X,12,main,3DGS,3DGS,Tanks and Temples,average,23.69,0.844,0.178,431.0,MB,,,,,,,"SALVQ = scene-adaptive lattice vector quantization replacing uniform scalar quantization; FS = fixed-scale, Sp = sparse variant"
salvq_xu_tip2025,2509.13482,Table X,12,main,Scaffold-GS,Scaffold-GS,Tanks and Temples,average,23.96,0.853,0.177,86.5,MB,,,,,,,"SALVQ = scene-adaptive lattice vector quantization replacing uniform scalar quantization; FS = fixed-scale, Sp = sparse variant"
salvq_xu_tip2025,2509.13482,Table X,12,main,Compact3DGS (Lee et al.),3DGS,Tanks and Temples,average,23.32,0.831,0.201,39.43,MB,,,,,,,"SALVQ = scene-adaptive lattice vector quantization replacing uniform scalar quantization; FS = fixed-scale, Sp = sparse variant"
salvq_xu_tip2025,2509.13482,Table X,12,main,Compressed3D,3DGS,Tanks and Temples,average,23.32,0.832,0.194,17.28,MB,,,,,,,"SALVQ = scene-adaptive lattice vector quantization replacing uniform scalar quantization; FS = fixed-scale, Sp = sparse variant"
salvq_xu_tip2025,2509.13482,Table X,12,main,EAGLES,3DGS,Tanks and Temples,average,23.28,0.835,0.203,28.99,MB,,,,,,,"SALVQ = scene-adaptive lattice vector quantization replacing uniform scalar quantization; FS = fixed-scale, Sp = sparse variant"
salvq_xu_tip2025,2509.13482,Table X,12,main,LightGaussian,3DGS,Tanks and Temples,average,22.83,0.822,0.242,22.43,MB,,,,,,,"SALVQ = scene-adaptive lattice vector quantization replacing uniform scalar quantization; FS = fixed-scale, Sp = sparse variant"
salvq_xu_tip2025,2509.13482,Table X,12,main,SOG (Self-Organizing Gaussians),3DGS,Tanks and Temples,average,23.15,0.828,0.198,9.3,MB,,,,,,,"SALVQ = scene-adaptive lattice vector quantization replacing uniform scalar quantization; FS = fixed-scale, Sp = sparse variant"
salvq_xu_tip2025,2509.13482,Table X,12,main,Navaneet et al. (Compact3D),3DGS,Tanks and Temples,average,23.44,0.838,0.198,12.5,MB,,,,,,,"SALVQ = scene-adaptive lattice vector quantization replacing uniform scalar quantization; FS = fixed-scale, Sp = sparse variant"
salvq_xu_tip2025,2509.13482,Table X,12,main,Reduced3DGS,3DGS,Tanks and Temples,average,23.57,0.84,0.188,14.0,MB,,,,,,,"SALVQ = scene-adaptive lattice vector quantization replacing uniform scalar quantization; FS = fixed-scale, Sp = sparse variant"
salvq_xu_tip2025,2509.13482,Table X,12,main,RDO-Gaussian,3DGS,Tanks and Temples,average,23.34,0.835,0.195,12.03,MB,,,,,,,"SALVQ = scene-adaptive lattice vector quantization replacing uniform scalar quantization; FS = fixed-scale, Sp = sparse variant"
salvq_xu_tip2025,2509.13482,Table X,12,main,CompGS,3DGS,Tanks and Temples,average,23.7,0.837,0.208,9.6,MB,,,,,,,"SALVQ = scene-adaptive lattice vector quantization replacing uniform scalar quantization; FS = fixed-scale, Sp = sparse variant"
salvq_xu_tip2025,2509.13482,Table X,12,main,FCGS,3DGS,Tanks and Temples,average,23.48,0.833,0.193,18.8,MB,,,,,,,"SALVQ = scene-adaptive lattice vector quantization replacing uniform scalar quantization; FS = fixed-scale, Sp = sparse variant"
salvq_xu_tip2025,2509.13482,Table X,12,main,HAC,Scaffold-GS,Tanks and Temples,average,24.04,0.846,0.187,8.1,MB,,,,,,,"SALVQ = scene-adaptive lattice vector quantization replacing uniform scalar quantization; FS = fixed-scale, Sp = sparse variant"
salvq_xu_tip2025,2509.13482,Table X,12,main,HAC + SALVQ,Scaffold-GS,Tanks and Temples,average,24.2,0.847,0.186,7.27,MB,,,,,,,"SALVQ = scene-adaptive lattice vector quantization replacing uniform scalar quantization; FS = fixed-scale, Sp = sparse variant"
salvq_xu_tip2025,2509.13482,Table X,12,main,HAC + FS-SALVQ,Scaffold-GS,Tanks and Temples,average,24.23,0.848,0.185,7.48,MB,,,,,,,"SALVQ = scene-adaptive lattice vector quantization replacing uniform scalar quantization; FS = fixed-scale, Sp = sparse variant"
salvq_xu_tip2025,2509.13482,Table X,12,main,ContextGS,Scaffold-GS,Tanks and Temples,average,24.2,0.852,0.184,7.05,MB,,,,,,,"SALVQ = scene-adaptive lattice vector quantization replacing uniform scalar quantization; FS = fixed-scale, Sp = sparse variant"
salvq_xu_tip2025,2509.13482,Table X,12,main,ContextGS + SALVQ,Scaffold-GS,Tanks and Temples,average,24.35,0.852,0.184,6.81,MB,,,,,,,"SALVQ = scene-adaptive lattice vector quantization replacing uniform scalar quantization; FS = fixed-scale, Sp = sparse variant"
salvq_xu_tip2025,2509.13482,Table X,12,main,ContextGS + Sp-SALVQ,Scaffold-GS,Tanks and Temples,average,24.37,0.849,0.186,6.82,MB,,,,,,,"SALVQ = scene-adaptive lattice vector quantization replacing uniform scalar quantization; FS = fixed-scale, Sp = sparse variant"
salvq_xu_tip2025,2509.13482,Table X,12,main,HAC++,Scaffold-GS,Tanks and Temples,average,24.22,0.849,0.19,5.18,MB,,,,,,,"SALVQ = scene-adaptive lattice vector quantization replacing uniform scalar quantization; FS = fixed-scale, Sp = sparse variant"
salvq_xu_tip2025,2509.13482,Table X,12,main,HAC++ + SALVQ,Scaffold-GS,Tanks and Temples,average,24.26,0.849,0.19,5.22,MB,,,,,,,"SALVQ = scene-adaptive lattice vector quantization replacing uniform scalar quantization; FS = fixed-scale, Sp = sparse variant"
salvq_xu_tip2025,2509.13482,Table X,12,main,3DGS,3DGS,Deep Blending,average,29.42,0.899,0.247,663.9,MB,,,,,,,"SALVQ = scene-adaptive lattice vector quantization replacing uniform scalar quantization; FS = fixed-scale, Sp = sparse variant"
salvq_xu_tip2025,2509.13482,Table X,12,main,Scaffold-GS,Scaffold-GS,Deep Blending,average,30.21,0.906,0.254,66.0,MB,,,,,,,"SALVQ = scene-adaptive lattice vector quantization replacing uniform scalar quantization; FS = fixed-scale, Sp = sparse variant"
salvq_xu_tip2025,2509.13482,Table X,12,main,Compact3DGS (Lee et al.),3DGS,Deep Blending,average,29.79,0.901,0.258,43.21,MB,,,,,,,"SALVQ = scene-adaptive lattice vector quantization replacing uniform scalar quantization; FS = fixed-scale, Sp = sparse variant"
salvq_xu_tip2025,2509.13482,Table X,12,main,Compressed3D,3DGS,Deep Blending,average,29.38,0.898,0.253,25.3,MB,,,,,,,"SALVQ = scene-adaptive lattice vector quantization replacing uniform scalar quantization; FS = fixed-scale, Sp = sparse variant"
salvq_xu_tip2025,2509.13482,Table X,12,main,EAGLES,3DGS,Deep Blending,average,29.72,0.906,0.249,52.34,MB,,,,,,,"SALVQ = scene-adaptive lattice vector quantization replacing uniform scalar quantization; FS = fixed-scale, Sp = sparse variant"
salvq_xu_tip2025,2509.13482,Table X,12,main,LightGaussian,3DGS,Deep Blending,average,27.01,0.872,0.308,33.94,MB,,,,,,,"SALVQ = scene-adaptive lattice vector quantization replacing uniform scalar quantization; FS = fixed-scale, Sp = sparse variant"
salvq_xu_tip2025,2509.13482,Table X,12,main,SOG (Self-Organizing Gaussians),3DGS,Deep Blending,average,29.12,0.892,0.27,5.7,MB,,,,,,,"SALVQ = scene-adaptive lattice vector quantization replacing uniform scalar quantization; FS = fixed-scale, Sp = sparse variant"
salvq_xu_tip2025,2509.13482,Table X,12,main,Navaneet et al. (Compact3D),3DGS,Deep Blending,average,29.9,0.907,0.251,13.5,MB,,,,,,,"SALVQ = scene-adaptive lattice vector quantization replacing uniform scalar quantization; FS = fixed-scale, Sp = sparse variant"
salvq_xu_tip2025,2509.13482,Table X,12,main,Reduced3DGS,3DGS,Deep Blending,average,29.63,0.902,0.249,18.0,MB,,,,,,,"SALVQ = scene-adaptive lattice vector quantization replacing uniform scalar quantization; FS = fixed-scale, Sp = sparse variant"
salvq_xu_tip2025,2509.13482,Table X,12,main,RDO-Gaussian,3DGS,Deep Blending,average,29.63,0.902,0.252,18.0,MB,,,,,,,"SALVQ = scene-adaptive lattice vector quantization replacing uniform scalar quantization; FS = fixed-scale, Sp = sparse variant"
salvq_xu_tip2025,2509.13482,Table X,12,main,CompGS,3DGS,Deep Blending,average,29.69,0.901,0.279,8.77,MB,,,,,,,"SALVQ = scene-adaptive lattice vector quantization replacing uniform scalar quantization; FS = fixed-scale, Sp = sparse variant"
salvq_xu_tip2025,2509.13482,Table X,12,main,FCGS,3DGS,Deep Blending,average,29.27,0.893,0.257,30.1,MB,,,,,,,"SALVQ = scene-adaptive lattice vector quantization replacing uniform scalar quantization; FS = fixed-scale, Sp = sparse variant"
salvq_xu_tip2025,2509.13482,Table X,12,main,HAC,Scaffold-GS,Deep Blending,average,29.98,0.902,0.269,4.35,MB,,,,,,,"SALVQ = scene-adaptive lattice vector quantization replacing uniform scalar quantization; FS = fixed-scale, Sp = sparse variant"
salvq_xu_tip2025,2509.13482,Table X,12,main,HAC + SALVQ,Scaffold-GS,Deep Blending,average,30.06,0.903,0.268,3.98,MB,,,,,,,"SALVQ = scene-adaptive lattice vector quantization replacing uniform scalar quantization; FS = fixed-scale, Sp = sparse variant"
salvq_xu_tip2025,2509.13482,Table X,12,main,HAC + FS-SALVQ,Scaffold-GS,Deep Blending,average,30.12,0.903,0.268,3.96,MB,,,,,,,"SALVQ = scene-adaptive lattice vector quantization replacing uniform scalar quantization; FS = fixed-scale, Sp = sparse variant"
salvq_xu_tip2025,2509.13482,Table X,12,main,ContextGS,Scaffold-GS,Deep Blending,average,30.11,0.907,0.258,3.45,MB,,,,,,,"SALVQ = scene-adaptive lattice vector quantization replacing uniform scalar quantization; FS = fixed-scale, Sp = sparse variant"
salvq_xu_tip2025,2509.13482,Table X,12,main,ContextGS + SALVQ,Scaffold-GS,Deep Blending,average,30.14,0.907,0.266,3.3,MB,,,,,,,"SALVQ = scene-adaptive lattice vector quantization replacing uniform scalar quantization; FS = fixed-scale, Sp = sparse variant"
salvq_xu_tip2025,2509.13482,Table X,12,main,ContextGS + Sp-SALVQ,Scaffold-GS,Deep Blending,average,30.19,0.904,0.268,3.23,MB,,,,,,,"SALVQ = scene-adaptive lattice vector quantization replacing uniform scalar quantization; FS = fixed-scale, Sp = sparse variant"
salvq_xu_tip2025,2509.13482,Table X,12,main,HAC++,Scaffold-GS,Deep Blending,average,30.16,0.907,0.266,2.91,MB,,,,,,,"SALVQ = scene-adaptive lattice vector quantization replacing uniform scalar quantization; FS = fixed-scale, Sp = sparse variant"
salvq_xu_tip2025,2509.13482,Table X,12,main,HAC++ + SALVQ,Scaffold-GS,Deep Blending,average,30.18,0.907,0.266,2.87,MB,,,,,,,"SALVQ = scene-adaptive lattice vector quantization replacing uniform scalar quantization; FS = fixed-scale, Sp = sparse variant"
salvq_xu_tip2025,2509.13482,Tables III-VII,8,main,HAC,Scaffold-GS,Mip-NeRF 360,average,,,,,,,131,1949,4.2,10.05,,peak training GPU vRAM 8228 MB; quantizer USQ on the HAC architecture
salvq_xu_tip2025,2509.13482,Tables III-VII,8,main,HAC + SALVQ,Scaffold-GS,Mip-NeRF 360,average,,,,,,,136,2206,4.56,10.76,,peak training GPU vRAM 10197 MB; quantizer SALVQ on the HAC architecture
salvq_xu_tip2025,2509.13482,Tables III-VII,8,main,HAC + FS-SALVQ,Scaffold-GS,Mip-NeRF 360,average,,,,,,,136,2265,4.71,10.85,,peak training GPU vRAM 10462 MB; quantizer FS-SALVQ on the HAC architecture
salvq_xu_tip2025,2509.13482,Tables III-VII,8,main,HAC++,Scaffold-GS,Mip-NeRF 360,average,,,,,,,128,2735,8.48,13.86,,peak training GPU vRAM 9732 MB; quantizer USQ on the HAC++ architecture
salvq_xu_tip2025,2509.13482,Tables III-VII,8,main,HAC++ + SALVQ,Scaffold-GS,Mip-NeRF 360,average,,,,,,,143,2937,8.37,13.81,,peak training GPU vRAM 11654 MB; quantizer SALVQ on the HAC++ architecture
salvq_xu_tip2025,2509.13482,Tables III-VII,8,main,ContextGS,Scaffold-GS,Mip-NeRF 360,average,,,,,,,106,3927,32.73,33.32,,peak training GPU vRAM 11738 MB; quantizer USQ on the ContextGS architecture
salvq_xu_tip2025,2509.13482,Tables III-VII,8,main,ContextGS + SALVQ,Scaffold-GS,Mip-NeRF 360,average,,,,,,,104,4167,31.93,31.84,,peak training GPU vRAM 12012 MB; quantizer SALVQ on the ContextGS architecture
salvq_xu_tip2025,2509.13482,Tables III-VII,8,main,ContextGS + Sp-SALVQ,Scaffold-GS,Mip-NeRF 360,average,,,,,,,102,4427,34.47,33.74,,peak training GPU vRAM 12854 MB; quantizer Sp-SALVQ on the ContextGS architecture
salvq_xu_tip2025,2509.13482,Tables III-VII,8,main,HAC,Scaffold-GS,Tanks and Temples,average,,,,,,,146,1385,2.51,5.77,,peak training GPU vRAM 4130 MB; quantizer USQ on the HAC architecture
salvq_xu_tip2025,2509.13482,Tables III-VII,8,main,HAC + SALVQ,Scaffold-GS,Tanks and Temples,average,,,,,,,139,1701,2.8,6.43,,peak training GPU vRAM 5493 MB; quantizer SALVQ on the HAC architecture
salvq_xu_tip2025,2509.13482,Tables III-VII,8,main,HAC + FS-SALVQ,Scaffold-GS,Tanks and Temples,average,,,,,,,149,1750,2.79,6.12,,peak training GPU vRAM 6540 MB; quantizer FS-SALVQ on the HAC architecture
salvq_xu_tip2025,2509.13482,Tables III-VII,8,main,HAC++,Scaffold-GS,Tanks and Temples,average,,,,,,,158,1880,5.63,8.81,,peak training GPU vRAM 4026 MB; quantizer USQ on the HAC++ architecture
salvq_xu_tip2025,2509.13482,Tables III-VII,8,main,HAC++ + SALVQ,Scaffold-GS,Tanks and Temples,average,,,,,,,164,2055,5.3,8.61,,peak training GPU vRAM 6534 MB; quantizer SALVQ on the HAC++ architecture
salvq_xu_tip2025,2509.13482,Tables III-VII,8,main,ContextGS,Scaffold-GS,Tanks and Temples,average,,,,,,,130,2505,29.37,29.05,,peak training GPU vRAM 5841 MB; quantizer USQ on the ContextGS architecture
salvq_xu_tip2025,2509.13482,Tables III-VII,8,main,ContextGS + SALVQ,Scaffold-GS,Tanks and Temples,average,,,,,,,130,2639,31.64,28.8,,peak training GPU vRAM 5958 MB; quantizer SALVQ on the ContextGS architecture
salvq_xu_tip2025,2509.13482,Tables III-VII,8,main,ContextGS + Sp-SALVQ,Scaffold-GS,Tanks and Temples,average,,,,,,,129,2844,31.87,30.73,,peak training GPU vRAM 6194 MB; quantizer Sp-SALVQ on the ContextGS architecture
salvq_xu_tip2025,2509.13482,Tables III-VII,8,main,HAC,Scaffold-GS,Deep Blending,average,,,,,,,179,1533,1.33,2.85,,peak training GPU vRAM 5729 MB; quantizer USQ on the HAC architecture
salvq_xu_tip2025,2509.13482,Tables III-VII,8,main,HAC + SALVQ,Scaffold-GS,Deep Blending,average,,,,,,,173,1766,1.49,3.11,,peak training GPU vRAM 8175 MB; quantizer SALVQ on the HAC architecture
salvq_xu_tip2025,2509.13482,Tables III-VII,8,main,HAC + FS-SALVQ,Scaffold-GS,Deep Blending,average,,,,,,,199,1843,1.45,3.0,,peak training GPU vRAM 8254 MB; quantizer FS-SALVQ on the HAC architecture
salvq_xu_tip2025,2509.13482,Tables III-VII,8,main,HAC++,Scaffold-GS,Deep Blending,average,,,,,,,169,1857,2.98,4.41,,peak training GPU vRAM 6361 MB; quantizer USQ on the HAC++ architecture
salvq_xu_tip2025,2509.13482,Tables III-VII,8,main,HAC++ + SALVQ,Scaffold-GS,Deep Blending,average,,,,,,,182,2060,2.91,4.42,,peak training GPU vRAM 7681 MB; quantizer SALVQ on the HAC++ architecture
salvq_xu_tip2025,2509.13482,Tables III-VII,8,main,ContextGS,Scaffold-GS,Deep Blending,average,,,,,,,161,2320,16.78,16.63,,peak training GPU vRAM 6789 MB; quantizer USQ on the ContextGS architecture
salvq_xu_tip2025,2509.13482,Tables III-VII,8,main,ContextGS + SALVQ,Scaffold-GS,Deep Blending,average,,,,,,,169,2375,12.59,12.49,,peak training GPU vRAM 6884 MB; quantizer SALVQ on the ContextGS architecture
salvq_xu_tip2025,2509.13482,Tables III-VII,8,main,ContextGS + Sp-SALVQ,Scaffold-GS,Deep Blending,average,,,,,,,194,2636,11.73,11.37,,peak training GPU vRAM 7404 MB; quantizer Sp-SALVQ on the ContextGS architecture
salvq_xu_tip2025,2509.13482,Table XII,17,supplement,HAC + SALVQ,Scaffold-GS,Deep Blending,drjohnson,29.72,0.905,0.258,6.15,MB,,,,,,,rate-distortion sweep point lambda=0.002
salvq_xu_tip2025,2509.13482,Table XII,17,supplement,HAC + SALVQ,Scaffold-GS,Deep Blending,playroom,30.63,0.904,0.265,3.79,MB,,,,,,,rate-distortion sweep point lambda=0.002
salvq_xu_tip2025,2509.13482,Table XII,17,supplement,HAC + SALVQ,Scaffold-GS,Deep Blending,average,30.18,0.905,0.261,4.97,MB,,,,,,,rate-distortion sweep point lambda=0.002
salvq_xu_tip2025,2509.13482,Table XII,17,supplement,HAC + SALVQ,Scaffold-GS,Deep Blending,drjohnson,29.61,0.904,0.263,4.93,MB,,,,,,,rate-distortion sweep point lambda=0.004
salvq_xu_tip2025,2509.13482,Table XII,17,supplement,HAC + SALVQ,Scaffold-GS,Deep Blending,playroom,30.51,0.902,0.273,3.03,MB,,,,,,,rate-distortion sweep point lambda=0.004
salvq_xu_tip2025,2509.13482,Table XII,17,supplement,HAC + SALVQ,Scaffold-GS,Deep Blending,average,30.06,0.903,0.268,3.98,MB,,,,,,,rate-distortion sweep point lambda=0.004
salvq_xu_tip2025,2509.13482,Table XII,17,supplement,HAC + SALVQ,Scaffold-GS,Deep Blending,drjohnson,29.39,0.899,0.274,3.99,MB,,,,,,,rate-distortion sweep point lambda=0.008
salvq_xu_tip2025,2509.13482,Table XII,17,supplement,HAC + SALVQ,Scaffold-GS,Deep Blending,playroom,30.29,0.899,0.278,2.56,MB,,,,,,,rate-distortion sweep point lambda=0.008
salvq_xu_tip2025,2509.13482,Table XII,17,supplement,HAC + SALVQ,Scaffold-GS,Deep Blending,average,29.84,0.899,0.276,3.27,MB,,,,,,,rate-distortion sweep point lambda=0.008
salvq_xu_tip2025,2509.13482,Table XII,17,supplement,HAC + SALVQ,Scaffold-GS,Deep Blending,drjohnson,29.04,0.898,0.279,3.45,MB,,,,,,,rate-distortion sweep point lambda=0.015
salvq_xu_tip2025,2509.13482,Table XII,17,supplement,HAC + SALVQ,Scaffold-GS,Deep Blending,playroom,30.2,0.903,0.28,2.18,MB,,,,,,,rate-distortion sweep point lambda=0.015
salvq_xu_tip2025,2509.13482,Table XII,17,supplement,HAC + SALVQ,Scaffold-GS,Deep Blending,average,29.62,0.901,0.28,2.81,MB,,,,,,,rate-distortion sweep point lambda=0.015
salvq_xu_tip2025,2509.13482,Table XII,17,supplement,HAC + SALVQ,Scaffold-GS,Deep Blending,drjohnson,28.96,0.895,0.287,3.18,MB,,,,,,,rate-distortion sweep point lambda=0.025
salvq_xu_tip2025,2509.13482,Table XII,17,supplement,HAC + SALVQ,Scaffold-GS,Deep Blending,playroom,29.73,0.889,0.29,1.94,MB,,,,,,,rate-distortion sweep point lambda=0.025
salvq_xu_tip2025,2509.13482,Table XII,17,supplement,HAC + SALVQ,Scaffold-GS,Deep Blending,average,29.35,0.897,0.288,2.56,MB,,,,,,,rate-distortion sweep point lambda=0.025
salvq_xu_tip2025,2509.13482,Table XIII,17,supplement,HAC + SALVQ,Scaffold-GS,Tanks and Temples,train,22.69,0.82,0.21,8.1,MB,,,,,,,rate-distortion sweep point lambda=0.002
salvq_xu_tip2025,2509.13482,Table XIII,17,supplement,HAC + SALVQ,Scaffold-GS,Tanks and Temples,truck,25.99,0.881,0.15,10.06,MB,,,,,,,rate-distortion sweep point lambda=0.002
salvq_xu_tip2025,2509.13482,Table XIII,17,supplement,HAC + SALVQ,Scaffold-GS,Tanks and Temples,average,24.34,0.85,0.18,9.08,MB,,,,,,,rate-distortion sweep point lambda=0.002
salvq_xu_tip2025,2509.13482,Table XIII,17,supplement,HAC + SALVQ,Scaffold-GS,Tanks and Temples,train,22.47,0.816,0.215,6.52,MB,,,,,,,rate-distortion sweep point lambda=0.004
salvq_xu_tip2025,2509.13482,Table XIII,17,supplement,HAC + SALVQ,Scaffold-GS,Tanks and Temples,truck,25.92,0.878,0.157,8.02,MB,,,,,,,rate-distortion sweep point lambda=0.004
salvq_xu_tip2025,2509.13482,Table XIII,17,supplement,HAC + SALVQ,Scaffold-GS,Tanks and Temples,average,24.2,0.847,0.186,7.27,MB,,,,,,,rate-distortion sweep point lambda=0.004
salvq_xu_tip2025,2509.13482,Table XIII,17,supplement,HAC + SALVQ,Scaffold-GS,Tanks and Temples,train,22.42,0.809,0.227,4.82,MB,,,,,,,rate-distortion sweep point lambda=0.008
salvq_xu_tip2025,2509.13482,Table XIII,17,supplement,HAC + SALVQ,Scaffold-GS,Tanks and Temples,truck,25.75,0.873,0.167,6.92,MB,,,,,,,rate-distortion sweep point lambda=0.008
salvq_xu_tip2025,2509.13482,Table XIII,17,supplement,HAC + SALVQ,Scaffold-GS,Tanks and Temples,average,24.09,0.841,0.197,5.92,MB,,,,,,,rate-distortion sweep point lambda=0.008
salvq_xu_tip2025,2509.13482,Table XIII,17,supplement,HAC + SALVQ,Scaffold-GS,Tanks and Temples,train,22.22,0.802,0.238,4.02,MB,,,,,,,rate-distortion sweep point lambda=0.015
salvq_xu_tip2025,2509.13482,Table XIII,17,supplement,HAC + SALVQ,Scaffold-GS,Tanks and Temples,truck,25.58,0.871,0.176,5.66,MB,,,,,,,rate-distortion sweep point lambda=0.015
salvq_xu_tip2025,2509.13482,Table XIII,17,supplement,HAC + SALVQ,Scaffold-GS,Tanks and Temples,average,23.9,0.837,0.207,4.84,MB,,,,,,,rate-distortion sweep point lambda=0.015
salvq_xu_tip2025,2509.13482,Table XIII,17,supplement,HAC + SALVQ,Scaffold-GS,Tanks and Temples,train,22.06,0.792,0.253,3.19,MB,,,,,,,rate-distortion sweep point lambda=0.025
salvq_xu_tip2025,2509.13482,Table XIII,17,supplement,HAC + SALVQ,Scaffold-GS,Tanks and Temples,truck,25.33,0.863,0.191,4.99,MB,,,,,,,rate-distortion sweep point lambda=0.025
salvq_xu_tip2025,2509.13482,Table XIII,17,supplement,HAC + SALVQ,Scaffold-GS,Tanks and Temples,average,23.7,0.827,0.222,4.09,MB,,,,,,,rate-distortion sweep point lambda=0.025
salvq_xu_tip2025,2509.13482,Table XIV,17,supplement,HAC + SALVQ,Scaffold-GS,Mip-NeRF 360,bicycle,25.15,0.744,0.261,32.93,MB,,,,,,,rate-distortion sweep point lambda=0.002
salvq_xu_tip2025,2509.13482,Table XIV,17,supplement,HAC + SALVQ,Scaffold-GS,Mip-NeRF 360,bonsai,32.83,0.946,0.183,9.74,MB,,,,,,,rate-distortion sweep point lambda=0.002
salvq_xu_tip2025,2509.13482,Table XIV,17,supplement,HAC + SALVQ,Scaffold-GS,Mip-NeRF 360,counter,29.62,0.915,0.188,8.24,MB,,,,,,,rate-distortion sweep point lambda=0.002
salvq_xu_tip2025,2509.13482,Table XIV,17,supplement,HAC + SALVQ,Scaffold-GS,Mip-NeRF 360,flowers,21.31,0.575,0.378,22.19,MB,,,,,,,rate-distortion sweep point lambda=0.002
salvq_xu_tip2025,2509.13482,Table XIV,17,supplement,HAC + SALVQ,Scaffold-GS,Mip-NeRF 360,garden,27.42,0.847,0.143,26.16,MB,,,,,,,rate-distortion sweep point lambda=0.002
salvq_xu_tip2025,2509.13482,Table XIV,17,supplement,HAC + SALVQ,Scaffold-GS,Mip-NeRF 360,kitchen,31.57,0.928,0.124,9.5,MB,,,,,,,rate-distortion sweep point lambda=0.002
salvq_xu_tip2025,2509.13482,Table XIV,17,supplement,HAC + SALVQ,Scaffold-GS,Mip-NeRF 360,room,32.02,0.925,0.2,5.86,MB,,,,,,,rate-distortion sweep point lambda=0.002
salvq_xu_tip2025,2509.13482,Table XIV,17,supplement,HAC + SALVQ,Scaffold-GS,Mip-NeRF 360,stump,26.65,0.763,0.265,20.57,MB,,,,,,,rate-distortion sweep point lambda=0.002
salvq_xu_tip2025,2509.13482,Table XIV,17,supplement,HAC + SALVQ,Scaffold-GS,Mip-NeRF 360,treehill,23.36,0.646,0.351,23.97,MB,,,,,,,rate-distortion sweep point lambda=0.002
salvq_xu_tip2025,2509.13482,Table XIV,17,supplement,HAC + SALVQ,Scaffold-GS,Mip-NeRF 360,average,27.77,0.81,0.233,17.68,MB,,,,,,,rate-distortion sweep point lambda=0.002
salvq_xu_tip2025,2509.13482,Table XIV,17,supplement,HAC + SALVQ,Scaffold-GS,Mip-NeRF 360,bicycle,25.06,0.742,0.267,26.8,MB,,,,,,,rate-distortion sweep point lambda=0.004
salvq_xu_tip2025,2509.13482,Table XIV,17,supplement,HAC + SALVQ,Scaffold-GS,Mip-NeRF 360,bonsai,32.4,0.943,0.188,7.94,MB,,,,,,,rate-distortion sweep point lambda=0.004
salvq_xu_tip2025,2509.13482,Table XIV,17,supplement,HAC + SALVQ,Scaffold-GS,Mip-NeRF 360,counter,29.47,0.911,0.195,6.71,MB,,,,,,,rate-distortion sweep point lambda=0.004
salvq_xu_tip2025,2509.13482,Table XIV,17,supplement,HAC + SALVQ,Scaffold-GS,Mip-NeRF 360,flowers,21.29,0.574,0.38,18.46,MB,,,,,,,rate-distortion sweep point lambda=0.004
salvq_xu_tip2025,2509.13482,Table XIV,17,supplement,HAC + SALVQ,Scaffold-GS,Mip-NeRF 360,garden,27.31,0.842,0.153,21.12,MB,,,,,,,rate-distortion sweep point lambda=0.004
salvq_xu_tip2025,2509.13482,Table XIV,17,supplement,HAC + SALVQ,Scaffold-GS,Mip-NeRF 360,kitchen,31.27,0.925,0.13,7.64,MB,,,,,,,rate-distortion sweep point lambda=0.004
salvq_xu_tip2025,2509.13482,Table XIV,17,supplement,HAC + SALVQ,Scaffold-GS,Mip-NeRF 360,room,31.73,0.922,0.208,4.79,MB,,,,,,,rate-distortion sweep point lambda=0.004
salvq_xu_tip2025,2509.13482,Table XIV,17,supplement,HAC + SALVQ,Scaffold-GS,Mip-NeRF 360,stump,26.6,0.76,0.273,16.66,MB,,,,,,,rate-distortion sweep point lambda=0.004
salvq_xu_tip2025,2509.13482,Table XIV,17,supplement,HAC + SALVQ,Scaffold-GS,Mip-NeRF 360,treehill,23.29,0.644,0.358,18.62,MB,,,,,,,rate-distortion sweep point lambda=0.004
salvq_xu_tip2025,2509.13482,Table XIV,17,supplement,HAC + SALVQ,Scaffold-GS,Mip-NeRF 360,average,27.6,0.807,0.239,14.3,MB,,,,,,,rate-distortion sweep point lambda=0.004
salvq_xu_tip2025,2509.13482,Table XIV,17,supplement,HAC + SALVQ,Scaffold-GS,Mip-NeRF 360,bicycle,24.94,0.736,0.275,21.6,MB,,,,,,,rate-distortion sweep point lambda=0.008
salvq_xu_tip2025,2509.13482,Table XIV,17,supplement,HAC + SALVQ,Scaffold-GS,Mip-NeRF 360,bonsai,31.85,0.937,0.197,6.63,MB,,,,,,,rate-distortion sweep point lambda=0.008
salvq_xu_tip2025,2509.13482,Table XIV,17,supplement,HAC + SALVQ,Scaffold-GS,Mip-NeRF 360,counter,29.07,0.905,0.204,5.34,MB,,,,,,,rate-distortion sweep point lambda=0.008
salvq_xu_tip2025,2509.13482,Table XIV,17,supplement,HAC + SALVQ,Scaffold-GS,Mip-NeRF 360,flowers,21.17,0.564,0.392,14.25,MB,,,,,,,rate-distortion sweep point lambda=0.008
salvq_xu_tip2025,2509.13482,Table XIV,17,supplement,HAC + SALVQ,Scaffold-GS,Mip-NeRF 360,garden,27.05,0.832,0.167,16.35,MB,,,,,,,rate-distortion sweep point lambda=0.008
salvq_xu_tip2025,2509.13482,Table XIV,17,supplement,HAC + SALVQ,Scaffold-GS,Mip-NeRF 360,kitchen,30.8,0.918,0.139,5.94,MB,,,,,,,rate-distortion sweep point lambda=0.008
salvq_xu_tip2025,2509.13482,Table XIV,17,supplement,HAC + SALVQ,Scaffold-GS,Mip-NeRF 360,room,31.48,0.917,0.217,3.95,MB,,,,,,,rate-distortion sweep point lambda=0.008
salvq_xu_tip2025,2509.13482,Table XIV,17,supplement,HAC + SALVQ,Scaffold-GS,Mip-NeRF 360,stump,26.51,0.756,0.283,13.66,MB,,,,,,,rate-distortion sweep point lambda=0.008
salvq_xu_tip2025,2509.13482,Table XIV,17,supplement,HAC + SALVQ,Scaffold-GS,Mip-NeRF 360,treehill,23.19,0.638,0.37,14.71,MB,,,,,,,rate-distortion sweep point lambda=0.008
salvq_xu_tip2025,2509.13482,Table XIV,17,supplement,HAC + SALVQ,Scaffold-GS,Mip-NeRF 360,average,27.34,0.8,0.249,11.38,MB,,,,,,,rate-distortion sweep point lambda=0.008
salvq_xu_tip2025,2509.13482,Table XIV,17,supplement,HAC + SALVQ,Scaffold-GS,Mip-NeRF 360,bicycle,24.7,0.727,0.289,17.45,MB,,,,,,,rate-distortion sweep point lambda=0.015
salvq_xu_tip2025,2509.13482,Table XIV,17,supplement,HAC + SALVQ,Scaffold-GS,Mip-NeRF 360,bonsai,31.26,0.932,0.205,5.85,MB,,,,,,,rate-distortion sweep point lambda=0.015
salvq_xu_tip2025,2509.13482,Table XIV,17,supplement,HAC + SALVQ,Scaffold-GS,Mip-NeRF 360,counter,28.67,0.897,0.218,4.44,MB,,,,,,,rate-distortion sweep point lambda=0.015
salvq_xu_tip2025,2509.13482,Table XIV,17,supplement,HAC + SALVQ,Scaffold-GS,Mip-NeRF 360,flowers,21.06,0.553,0.405,11.37,MB,,,,,,,rate-distortion sweep point lambda=0.015
salvq_xu_tip2025,2509.13482,Table XIV,17,supplement,HAC + SALVQ,Scaffold-GS,Mip-NeRF 360,garden,26.65,0.817,0.191,13.7,MB,,,,,,,rate-distortion sweep point lambda=0.015
salvq_xu_tip2025,2509.13482,Table XIV,17,supplement,HAC + SALVQ,Scaffold-GS,Mip-NeRF 360,kitchen,30.36,0.911,0.149,5.08,MB,,,,,,,rate-distortion sweep point lambda=0.015
salvq_xu_tip2025,2509.13482,Table XIV,17,supplement,HAC + SALVQ,Scaffold-GS,Mip-NeRF 360,room,31.04,0.91,0.23,3.44,MB,,,,,,,rate-distortion sweep point lambda=0.015
salvq_xu_tip2025,2509.13482,Table XIV,17,supplement,HAC + SALVQ,Scaffold-GS,Mip-NeRF 360,stump,26.31,0.745,0.302,10.97,MB,,,,,,,rate-distortion sweep point lambda=0.015
salvq_xu_tip2025,2509.13482,Table XIV,17,supplement,HAC + SALVQ,Scaffold-GS,Mip-NeRF 360,treehill,23.15,0.627,0.388,11.97,MB,,,,,,,rate-distortion sweep point lambda=0.015
salvq_xu_tip2025,2509.13482,Table XIV,17,supplement,HAC + SALVQ,Scaffold-GS,Mip-NeRF 360,average,27.02,0.791,0.264,9.36,MB,,,,,,,rate-distortion sweep point lambda=0.015
salvq_xu_tip2025,2509.13482,Table XIV,17,supplement,HAC + SALVQ,Scaffold-GS,Mip-NeRF 360,bicycle,24.48,0.714,0.306,15.32,MB,,,,,,,rate-distortion sweep point lambda=0.025
salvq_xu_tip2025,2509.13482,Table XIV,17,supplement,HAC + SALVQ,Scaffold-GS,Mip-NeRF 360,bonsai,30.66,0.925,0.215,5.39,MB,,,,,,,rate-distortion sweep point lambda=0.025
salvq_xu_tip2025,2509.13482,Table XIV,17,supplement,HAC + SALVQ,Scaffold-GS,Mip-NeRF 360,counter,28.16,0.886,0.233,3.91,MB,,,,,,,rate-distortion sweep point lambda=0.025
salvq_xu_tip2025,2509.13482,Table XIV,17,supplement,HAC + SALVQ,Scaffold-GS,Mip-NeRF 360,flowers,20.82,0.537,0.423,9.83,MB,,,,,,,rate-distortion sweep point lambda=0.025
salvq_xu_tip2025,2509.13482,Table XIV,17,supplement,HAC + SALVQ,Scaffold-GS,Mip-NeRF 360,garden,26.42,0.805,0.207,11.66,MB,,,,,,,rate-distortion sweep point lambda=0.025
salvq_xu_tip2025,2509.13482,Table XIV,17,supplement,HAC + SALVQ,Scaffold-GS,Mip-NeRF 360,kitchen,29.77,0.902,0.163,4.35,MB,,,,,,,rate-distortion sweep point lambda=0.025
salvq_xu_tip2025,2509.13482,Table XIV,17,supplement,HAC + SALVQ,Scaffold-GS,Mip-NeRF 360,room,30.76,0.905,0.24,3.13,MB,,,,,,,rate-distortion sweep point lambda=0.025
salvq_xu_tip2025,2509.13482,Table XIV,17,supplement,HAC + SALVQ,Scaffold-GS,Mip-NeRF 360,stump,25.98,0.725,0.328,9.36,MB,,,,,,,rate-distortion sweep point lambda=0.025
salvq_xu_tip2025,2509.13482,Table XIV,17,supplement,HAC + SALVQ,Scaffold-GS,Mip-NeRF 360,treehill,23.04,0.614,0.406,10.43,MB,,,,,,,rate-distortion sweep point lambda=0.025
salvq_xu_tip2025,2509.13482,Table XIV,17,supplement,HAC + SALVQ,Scaffold-GS,Mip-NeRF 360,average,26.68,0.779,0.28,8.15,MB,,,,,,,rate-distortion sweep point lambda=0.025
salvq_xu_tip2025,2509.13482,Table XV,17,supplement,ContextGS + SALVQ,Scaffold-GS,Deep Blending,drjohnson,29.72,0.907,0.256,4.9,MB,,,,,,,rate-distortion sweep point lambda=0.002
salvq_xu_tip2025,2509.13482,Table XV,17,supplement,ContextGS + SALVQ,Scaffold-GS,Deep Blending,playroom,30.73,0.91,0.265,3.58,MB,,,,,,,rate-distortion sweep point lambda=0.002
salvq_xu_tip2025,2509.13482,Table XV,17,supplement,ContextGS + SALVQ,Scaffold-GS,Deep Blending,average,30.23,0.908,0.26,4.24,MB,,,,,,,rate-distortion sweep point lambda=0.002
salvq_xu_tip2025,2509.13482,Table XV,17,supplement,ContextGS + SALVQ,Scaffold-GS,Deep Blending,drjohnson,29.65,0.905,0.262,3.81,MB,,,,,,,rate-distortion sweep point lambda=0.004
salvq_xu_tip2025,2509.13482,Table XV,17,supplement,ContextGS + SALVQ,Scaffold-GS,Deep Blending,playroom,30.64,0.909,0.269,2.79,MB,,,,,,,rate-distortion sweep point lambda=0.004
salvq_xu_tip2025,2509.13482,Table XV,17,supplement,ContextGS + SALVQ,Scaffold-GS,Deep Blending,average,30.14,0.907,0.266,3.3,MB,,,,,,,rate-distortion sweep point lambda=0.004
salvq_xu_tip2025,2509.13482,Table XV,17,supplement,ContextGS + SALVQ,Scaffold-GS,Deep Blending,drjohnson,29.51,0.903,0.269,2.89,MB,,,,,,,rate-distortion sweep point lambda=0.008
salvq_xu_tip2025,2509.13482,Table XV,17,supplement,ContextGS + SALVQ,Scaffold-GS,Deep Blending,playroom,30.45,0.905,0.278,2.2,MB,,,,,,,rate-distortion sweep point lambda=0.008
salvq_xu_tip2025,2509.13482,Table XV,17,supplement,ContextGS + SALVQ,Scaffold-GS,Deep Blending,average,29.98,0.904,0.274,2.54,MB,,,,,,,rate-distortion sweep point lambda=0.008
salvq_xu_tip2025,2509.13482,Table XV,17,supplement,ContextGS + SALVQ,Scaffold-GS,Deep Blending,drjohnson,29.24,0.898,0.282,2.24,MB,,,,,,,rate-distortion sweep point lambda=0.015
salvq_xu_tip2025,2509.13482,Table XV,17,supplement,ContextGS + SALVQ,Scaffold-GS,Deep Blending,playroom,30.24,0.902,0.286,1.74,MB,,,,,,,rate-distortion sweep point lambda=0.015
salvq_xu_tip2025,2509.13482,Table XV,17,supplement,ContextGS + SALVQ,Scaffold-GS,Deep Blending,average,29.74,0.9,0.284,1.99,MB,,,,,,,rate-distortion sweep point lambda=0.015
salvq_xu_tip2025,2509.13482,Table XV,17,supplement,ContextGS + SALVQ,Scaffold-GS,Deep Blending,drjohnson,29.03,0.892,0.293,1.8,MB,,,,,,,rate-distortion sweep point lambda=0.025
salvq_xu_tip2025,2509.13482,Table XV,17,supplement,ContextGS + SALVQ,Scaffold-GS,Deep Blending,playroom,29.99,0.899,0.295,1.4,MB,,,,,,,rate-distortion sweep point lambda=0.025
salvq_xu_tip2025,2509.13482,Table XV,17,supplement,ContextGS + SALVQ,Scaffold-GS,Deep Blending,average,29.51,0.895,0.294,1.6,MB,,,,,,,rate-distortion sweep point lambda=0.025
salvq_xu_tip2025,2509.13482,Table XVI,18,supplement,ContextGS + SALVQ,Scaffold-GS,Tanks and Temples,train,22.74,0.823,0.211,7.58,MB,,,,,,,rate-distortion sweep point lambda=0.002
salvq_xu_tip2025,2509.13482,Table XVI,18,supplement,ContextGS + SALVQ,Scaffold-GS,Tanks and Temples,truck,26.05,0.886,0.146,9.11,MB,,,,,,,rate-distortion sweep point lambda=0.002
salvq_xu_tip2025,2509.13482,Table XVI,18,supplement,ContextGS + SALVQ,Scaffold-GS,Tanks and Temples,average,24.4,0.855,0.179,8.35,MB,,,,,,,rate-distortion sweep point lambda=0.002
salvq_xu_tip2025,2509.13482,Table XVI,18,supplement,ContextGS + SALVQ,Scaffold-GS,Tanks and Temples,train,22.67,0.819,0.217,6.1,MB,,,,,,,rate-distortion sweep point lambda=0.004
salvq_xu_tip2025,2509.13482,Table XVI,18,supplement,ContextGS + SALVQ,Scaffold-GS,Tanks and Temples,truck,26.02,0.885,0.15,7.53,MB,,,,,,,rate-distortion sweep point lambda=0.004
salvq_xu_tip2025,2509.13482,Table XVI,18,supplement,ContextGS + SALVQ,Scaffold-GS,Tanks and Temples,average,24.35,0.852,0.184,6.81,MB,,,,,,,rate-distortion sweep point lambda=0.004
salvq_xu_tip2025,2509.13482,Table XVI,18,supplement,ContextGS + SALVQ,Scaffold-GS,Tanks and Temples,train,22.48,0.812,0.228,4.88,MB,,,,,,,rate-distortion sweep point lambda=0.008
salvq_xu_tip2025,2509.13482,Table XVI,18,supplement,ContextGS + SALVQ,Scaffold-GS,Tanks and Temples,truck,25.89,0.881,0.158,6.3,MB,,,,,,,rate-distortion sweep point lambda=0.008
salvq_xu_tip2025,2509.13482,Table XVI,18,supplement,ContextGS + SALVQ,Scaffold-GS,Tanks and Temples,average,24.19,0.846,0.193,5.59,MB,,,,,,,rate-distortion sweep point lambda=0.008
salvq_xu_tip2025,2509.13482,Table XVI,18,supplement,ContextGS + SALVQ,Scaffold-GS,Tanks and Temples,train,22.33,0.804,0.24,3.91,MB,,,,,,,rate-distortion sweep point lambda=0.015
salvq_xu_tip2025,2509.13482,Table XVI,18,supplement,ContextGS + SALVQ,Scaffold-GS,Tanks and Temples,truck,25.76,0.878,0.165,4.84,MB,,,,,,,rate-distortion sweep point lambda=0.015
salvq_xu_tip2025,2509.13482,Table XVI,18,supplement,ContextGS + SALVQ,Scaffold-GS,Tanks and Temples,average,24.05,0.841,0.202,4.37,MB,,,,,,,rate-distortion sweep point lambda=0.015
salvq_xu_tip2025,2509.13482,Table XVI,18,supplement,ContextGS + SALVQ,Scaffold-GS,Tanks and Temples,train,22.07,0.793,0.253,3.11,MB,,,,,,,rate-distortion sweep point lambda=0.025
salvq_xu_tip2025,2509.13482,Table XVI,18,supplement,ContextGS + SALVQ,Scaffold-GS,Tanks and Temples,truck,25.59,0.872,0.176,4.3,MB,,,,,,,rate-distortion sweep point lambda=0.025
salvq_xu_tip2025,2509.13482,Table XVI,18,supplement,ContextGS + SALVQ,Scaffold-GS,Tanks and Temples,average,23.83,0.833,0.215,3.71,MB,,,,,,,rate-distortion sweep point lambda=0.025
salvq_xu_tip2025,2509.13482,Table XVII,18,supplement,ContextGS + SALVQ,Scaffold-GS,Mip-NeRF 360,bicycle,25.03,0.739,0.265,25.24,MB,,,,,,,rate-distortion sweep point lambda=0.002
salvq_xu_tip2025,2509.13482,Table XVII,18,supplement,ContextGS + SALVQ,Scaffold-GS,Mip-NeRF 360,bonsai,32.85,0.948,0.182,8.24,MB,,,,,,,rate-distortion sweep point lambda=0.002
salvq_xu_tip2025,2509.13482,Table XVII,18,supplement,ContextGS + SALVQ,Scaffold-GS,Mip-NeRF 360,counter,29.57,0.915,0.191,7.42,MB,,,,,,,rate-distortion sweep point lambda=0.002
salvq_xu_tip2025,2509.13482,Table XVII,18,supplement,ContextGS + SALVQ,Scaffold-GS,Mip-NeRF 360,flowers,21.27,0.574,0.378,19.5,MB,,,,,,,rate-distortion sweep point lambda=0.002
salvq_xu_tip2025,2509.13482,Table XVII,18,supplement,ContextGS + SALVQ,Scaffold-GS,Mip-NeRF 360,garden,27.44,0.849,0.14,22.18,MB,,,,,,,rate-distortion sweep point lambda=0.002
salvq_xu_tip2025,2509.13482,Table XVII,18,supplement,ContextGS + SALVQ,Scaffold-GS,Mip-NeRF 360,kitchen,31.45,0.928,0.127,8.34,MB,,,,,,,rate-distortion sweep point lambda=0.002
salvq_xu_tip2025,2509.13482,Table XVII,18,supplement,ContextGS + SALVQ,Scaffold-GS,Mip-NeRF 360,room,31.85,0.925,0.202,5.51,MB,,,,,,,rate-distortion sweep point lambda=0.002
salvq_xu_tip2025,2509.13482,Table XVII,18,supplement,ContextGS + SALVQ,Scaffold-GS,Mip-NeRF 360,stump,26.64,0.762,0.266,16.78,MB,,,,,,,rate-distortion sweep point lambda=0.002
salvq_xu_tip2025,2509.13482,Table XVII,18,supplement,ContextGS + SALVQ,Scaffold-GS,Mip-NeRF 360,treehill,23.27,0.645,0.35,19.75,MB,,,,,,,rate-distortion sweep point lambda=0.002
salvq_xu_tip2025,2509.13482,Table XVII,18,supplement,ContextGS + SALVQ,Scaffold-GS,Mip-NeRF 360,average,27.71,0.809,0.233,14.77,MB,,,,,,,rate-distortion sweep point lambda=0.002
salvq_xu_tip2025,2509.13482,Table XVII,18,supplement,ContextGS + SALVQ,Scaffold-GS,Mip-NeRF 360,bicycle,25.05,0.738,0.27,20.64,MB,,,,,,,rate-distortion sweep point lambda=0.004
salvq_xu_tip2025,2509.13482,Table XVII,18,supplement,ContextGS + SALVQ,Scaffold-GS,Mip-NeRF 360,bonsai,32.57,0.946,0.187,6.99,MB,,,,,,,rate-distortion sweep point lambda=0.004
salvq_xu_tip2025,2509.13482,Table XVII,18,supplement,ContextGS + SALVQ,Scaffold-GS,Mip-NeRF 360,counter,29.34,0.911,0.198,5.97,MB,,,,,,,rate-distortion sweep point lambda=0.004
salvq_xu_tip2025,2509.13482,Table XVII,18,supplement,ContextGS + SALVQ,Scaffold-GS,Mip-NeRF 360,flowers,21.28,0.575,0.377,16.09,MB,,,,,,,rate-distortion sweep point lambda=0.004
salvq_xu_tip2025,2509.13482,Table XVII,18,supplement,ContextGS + SALVQ,Scaffold-GS,Mip-NeRF 360,garden,27.34,0.846,0.146,18.3,MB,,,,,,,rate-distortion sweep point lambda=0.004
salvq_xu_tip2025,2509.13482,Table XVII,18,supplement,ContextGS + SALVQ,Scaffold-GS,Mip-NeRF 360,kitchen,31.27,0.925,0.133,6.7,MB,,,,,,,rate-distortion sweep point lambda=0.004
salvq_xu_tip2025,2509.13482,Table XVII,18,supplement,ContextGS + SALVQ,Scaffold-GS,Mip-NeRF 360,room,31.71,0.923,0.208,4.24,MB,,,,,,,rate-distortion sweep point lambda=0.004
salvq_xu_tip2025,2509.13482,Table XVII,18,supplement,ContextGS + SALVQ,Scaffold-GS,Mip-NeRF 360,stump,26.64,0.763,0.269,14.32,MB,,,,,,,rate-distortion sweep point lambda=0.004
salvq_xu_tip2025,2509.13482,Table XVII,18,supplement,ContextGS + SALVQ,Scaffold-GS,Mip-NeRF 360,treehill,23.36,0.646,0.354,15.79,MB,,,,,,,rate-distortion sweep point lambda=0.004
salvq_xu_tip2025,2509.13482,Table XVII,18,supplement,ContextGS + SALVQ,Scaffold-GS,Mip-NeRF 360,average,27.62,0.808,0.238,12.12,MB,,,,,,,rate-distortion sweep point lambda=0.004
salvq_xu_tip2025,2509.13482,Table XVII,18,supplement,ContextGS + SALVQ,Scaffold-GS,Mip-NeRF 360,bicycle,25.01,0.736,0.277,17.42,MB,,,,,,,rate-distortion sweep point lambda=0.008
salvq_xu_tip2025,2509.13482,Table XVII,18,supplement,ContextGS + SALVQ,Scaffold-GS,Mip-NeRF 360,bonsai,32.17,0.942,0.193,5.58,MB,,,,,,,rate-distortion sweep point lambda=0.008
salvq_xu_tip2025,2509.13482,Table XVII,18,supplement,ContextGS + SALVQ,Scaffold-GS,Mip-NeRF 360,counter,29.13,0.907,0.205,4.68,MB,,,,,,,rate-distortion sweep point lambda=0.008
salvq_xu_tip2025,2509.13482,Table XVII,18,supplement,ContextGS + SALVQ,Scaffold-GS,Mip-NeRF 360,flowers,21.24,0.572,0.383,12.66,MB,,,,,,,rate-distortion sweep point lambda=0.008
salvq_xu_tip2025,2509.13482,Table XVII,18,supplement,ContextGS + SALVQ,Scaffold-GS,Mip-NeRF 360,garden,27.19,0.839,0.156,14.11,MB,,,,,,,rate-distortion sweep point lambda=0.008
salvq_xu_tip2025,2509.13482,Table XVII,18,supplement,ContextGS + SALVQ,Scaffold-GS,Mip-NeRF 360,kitchen,30.88,0.92,0.14,5.2,MB,,,,,,,rate-distortion sweep point lambda=0.008
salvq_xu_tip2025,2509.13482,Table XVII,18,supplement,ContextGS + SALVQ,Scaffold-GS,Mip-NeRF 360,room,31.5,0.919,0.216,3.43,MB,,,,,,,rate-distortion sweep point lambda=0.008
salvq_xu_tip2025,2509.13482,Table XVII,18,supplement,ContextGS + SALVQ,Scaffold-GS,Mip-NeRF 360,stump,26.66,0.765,0.271,11.6,MB,,,,,,,rate-distortion sweep point lambda=0.008
salvq_xu_tip2025,2509.13482,Table XVII,18,supplement,ContextGS + SALVQ,Scaffold-GS,Mip-NeRF 360,treehill,23.26,0.646,0.356,12.98,MB,,,,,,,rate-distortion sweep point lambda=0.008
salvq_xu_tip2025,2509.13482,Table XVII,18,supplement,ContextGS + SALVQ,Scaffold-GS,Mip-NeRF 360,average,27.45,0.805,0.244,9.74,MB,,,,,,,rate-distortion sweep point lambda=0.008
salvq_xu_tip2025,2509.13482,Table XVII,18,supplement,ContextGS + SALVQ,Scaffold-GS,Mip-NeRF 360,bicycle,25.02,0.732,0.286,13.66,MB,,,,,,,rate-distortion sweep point lambda=0.015
salvq_xu_tip2025,2509.13482,Table XVII,18,supplement,ContextGS + SALVQ,Scaffold-GS,Mip-NeRF 360,bonsai,31.81,0.938,0.2,4.54,MB,,,,,,,rate-distortion sweep point lambda=0.015
salvq_xu_tip2025,2509.13482,Table XVII,18,supplement,ContextGS + SALVQ,Scaffold-GS,Mip-NeRF 360,counter,28.75,0.901,0.215,3.76,MB,,,,,,,rate-distortion sweep point lambda=0.015
salvq_xu_tip2025,2509.13482,Table XVII,18,supplement,ContextGS + SALVQ,Scaffold-GS,Mip-NeRF 360,flowers,21.27,0.569,0.389,10.55,MB,,,,,,,rate-distortion sweep point lambda=0.015
salvq_xu_tip2025,2509.13482,Table XVII,18,supplement,ContextGS + SALVQ,Scaffold-GS,Mip-NeRF 360,garden,27.0,0.829,0.173,11.05,MB,,,,,,,rate-distortion sweep point lambda=0.015
salvq_xu_tip2025,2509.13482,Table XVII,18,supplement,ContextGS + SALVQ,Scaffold-GS,Mip-NeRF 360,kitchen,30.52,0.914,0.149,4.17,MB,,,,,,,rate-distortion sweep point lambda=0.015
salvq_xu_tip2025,2509.13482,Table XVII,18,supplement,ContextGS + SALVQ,Scaffold-GS,Mip-NeRF 360,room,31.2,0.914,0.227,2.74,MB,,,,,,,rate-distortion sweep point lambda=0.015
salvq_xu_tip2025,2509.13482,Table XVII,18,supplement,ContextGS + SALVQ,Scaffold-GS,Mip-NeRF 360,stump,26.6,0.761,0.28,9.53,MB,,,,,,,rate-distortion sweep point lambda=0.015
salvq_xu_tip2025,2509.13482,Table XVII,18,supplement,ContextGS + SALVQ,Scaffold-GS,Mip-NeRF 360,treehill,23.27,0.643,0.366,10.4,MB,,,,,,,rate-distortion sweep point lambda=0.015
salvq_xu_tip2025,2509.13482,Table XVII,18,supplement,ContextGS + SALVQ,Scaffold-GS,Mip-NeRF 360,average,27.27,0.8,0.254,7.82,MB,,,,,,,rate-distortion sweep point lambda=0.015
salvq_xu_tip2025,2509.13482,Table XVII,18,supplement,ContextGS + SALVQ,Scaffold-GS,Mip-NeRF 360,bicycle,24.82,0.722,0.301,11.42,MB,,,,,,,rate-distortion sweep point lambda=0.025
salvq_xu_tip2025,2509.13482,Table XVII,18,supplement,ContextGS + SALVQ,Scaffold-GS,Mip-NeRF 360,bonsai,31.39,0.933,0.209,4.16,MB,,,,,,,rate-distortion sweep point lambda=0.025
salvq_xu_tip2025,2509.13482,Table XVII,18,supplement,ContextGS + SALVQ,Scaffold-GS,Mip-NeRF 360,counter,28.5,0.894,0.225,3.17,MB,,,,,,,rate-distortion sweep point lambda=0.025
salvq_xu_tip2025,2509.13482,Table XVII,18,supplement,ContextGS + SALVQ,Scaffold-GS,Mip-NeRF 360,flowers,21.07,0.563,0.397,8.77,MB,,,,,,,rate-distortion sweep point lambda=0.025
salvq_xu_tip2025,2509.13482,Table XVII,18,supplement,ContextGS + SALVQ,Scaffold-GS,Mip-NeRF 360,garden,26.74,0.817,0.193,8.94,MB,,,,,,,rate-distortion sweep point lambda=0.025
salvq_xu_tip2025,2509.13482,Table XVII,18,supplement,ContextGS + SALVQ,Scaffold-GS,Mip-NeRF 360,kitchen,30.12,0.907,0.162,3.58,MB,,,,,,,rate-distortion sweep point lambda=0.025
salvq_xu_tip2025,2509.13482,Table XVII,18,supplement,ContextGS + SALVQ,Scaffold-GS,Mip-NeRF 360,room,30.96,0.907,0.241,2.32,MB,,,,,,,rate-distortion sweep point lambda=0.025
salvq_xu_tip2025,2509.13482,Table XVII,18,supplement,ContextGS + SALVQ,Scaffold-GS,Mip-NeRF 360,stump,26.55,0.757,0.291,8.29,MB,,,,,,,rate-distortion sweep point lambda=0.025
salvq_xu_tip2025,2509.13482,Table XVII,18,supplement,ContextGS + SALVQ,Scaffold-GS,Mip-NeRF 360,treehill,23.16,0.638,0.377,8.48,MB,,,,,,,rate-distortion sweep point lambda=0.025
salvq_xu_tip2025,2509.13482,Table XVII,18,supplement,ContextGS + SALVQ,Scaffold-GS,Mip-NeRF 360,average,27.03,0.793,0.266,6.57,MB,,,,,,,rate-distortion sweep point lambda=0.025
salvq_xu_tip2025,2509.13482,Table XVIII,18,supplement,HAC++ + SALVQ,Scaffold-GS,Deep Blending,drjohnson,29.78,0.907,0.257,4.69,MB,,,,,,,rate-distortion sweep point lambda=0.002
salvq_xu_tip2025,2509.13482,Table XVIII,18,supplement,HAC++ + SALVQ,Scaffold-GS,Deep Blending,playroom,30.91,0.911,0.261,3.32,MB,,,,,,,rate-distortion sweep point lambda=0.002
salvq_xu_tip2025,2509.13482,Table XVIII,18,supplement,HAC++ + SALVQ,Scaffold-GS,Deep Blending,average,30.34,0.909,0.26,4.01,MB,,,,,,,rate-distortion sweep point lambda=0.002
salvq_xu_tip2025,2509.13482,Table XVIII,18,supplement,HAC++ + SALVQ,Scaffold-GS,Deep Blending,drjohnson,29.71,0.905,0.264,3.36,MB,,,,,,,rate-distortion sweep point lambda=0.004
salvq_xu_tip2025,2509.13482,Table XVIII,18,supplement,HAC++ + SALVQ,Scaffold-GS,Deep Blending,playroom,30.66,0.909,0.268,2.39,MB,,,,,,,rate-distortion sweep point lambda=0.004
salvq_xu_tip2025,2509.13482,Table XVIII,18,supplement,HAC++ + SALVQ,Scaffold-GS,Deep Blending,average,30.18,0.907,0.266,2.87,MB,,,,,,,rate-distortion sweep point lambda=0.004
salvq_xu_tip2025,2509.13482,Table XVIII,18,supplement,HAC++ + SALVQ,Scaffold-GS,Deep Blending,drjohnson,29.51,0.901,0.276,2.38,MB,,,,,,,rate-distortion sweep point lambda=0.008
salvq_xu_tip2025,2509.13482,Table XVIII,18,supplement,HAC++ + SALVQ,Scaffold-GS,Deep Blending,playroom,30.49,0.901,0.282,1.7,MB,,,,,,,rate-distortion sweep point lambda=0.008
salvq_xu_tip2025,2509.13482,Table XVIII,18,supplement,HAC++ + SALVQ,Scaffold-GS,Deep Blending,average,30.0,0.901,0.279,2.03,MB,,,,,,,rate-distortion sweep point lambda=0.008
salvq_xu_tip2025,2509.13482,Table XVIII,18,supplement,HAC++ + SALVQ,Scaffold-GS,Deep Blending,drjohnson,29.21,0.894,0.29,1.7,MB,,,,,,,rate-distortion sweep point lambda=0.015
salvq_xu_tip2025,2509.13482,Table XVIII,18,supplement,HAC++ + SALVQ,Scaffold-GS,Deep Blending,playroom,30.33,0.901,0.292,1.25,MB,,,,,,,rate-distortion sweep point lambda=0.015
salvq_xu_tip2025,2509.13482,Table XVIII,18,supplement,HAC++ + SALVQ,Scaffold-GS,Deep Blending,average,29.77,0.897,0.291,1.47,MB,,,,,,,rate-distortion sweep point lambda=0.015
salvq_xu_tip2025,2509.13482,Table XVIII,18,supplement,HAC++ + SALVQ,Scaffold-GS,Deep Blending,drjohnson,28.93,0.887,0.305,1.25,MB,,,,,,,rate-distortion sweep point lambda=0.025
salvq_xu_tip2025,2509.13482,Table XVIII,18,supplement,HAC++ + SALVQ,Scaffold-GS,Deep Blending,playroom,29.98,0.896,0.303,1.01,MB,,,,,,,rate-distortion sweep point lambda=0.025
salvq_xu_tip2025,2509.13482,Table XVIII,18,supplement,HAC++ + SALVQ,Scaffold-GS,Deep Blending,average,29.46,0.892,0.304,1.13,MB,,,,,,,rate-distortion sweep point lambda=0.025
salvq_xu_tip2025,2509.13482,Table XIX,18,supplement,HAC++ + SALVQ,Scaffold-GS,Tanks and Temples,train,22.61,0.82,0.213,5.95,MB,,,,,,,rate-distortion sweep point lambda=0.002
salvq_xu_tip2025,2509.13482,Table XIX,18,supplement,HAC++ + SALVQ,Scaffold-GS,Tanks and Temples,truck,26.05,0.886,0.15,7.52,MB,,,,,,,rate-distortion sweep point lambda=0.002
salvq_xu_tip2025,2509.13482,Table XIX,18,supplement,HAC++ + SALVQ,Scaffold-GS,Tanks and Temples,average,24.33,0.853,0.181,6.74,MB,,,,,,,rate-distortion sweep point lambda=0.002
salvq_xu_tip2025,2509.13482,Table XIX,18,supplement,HAC++ + SALVQ,Scaffold-GS,Tanks and Temples,train,22.58,0.816,0.223,4.67,MB,,,,,,,rate-distortion sweep point lambda=0.004
salvq_xu_tip2025,2509.13482,Table XIX,18,supplement,HAC++ + SALVQ,Scaffold-GS,Tanks and Temples,truck,25.94,0.882,0.157,5.77,MB,,,,,,,rate-distortion sweep point lambda=0.004
salvq_xu_tip2025,2509.13482,Table XIX,18,supplement,HAC++ + SALVQ,Scaffold-GS,Tanks and Temples,average,24.26,0.849,0.19,5.22,MB,,,,,,,rate-distortion sweep point lambda=0.004
salvq_xu_tip2025,2509.13482,Table XIX,18,supplement,HAC++ + SALVQ,Scaffold-GS,Tanks and Temples,train,22.33,0.804,0.24,3.49,MB,,,,,,,rate-distortion sweep point lambda=0.008
salvq_xu_tip2025,2509.13482,Table XIX,18,supplement,HAC++ + SALVQ,Scaffold-GS,Tanks and Temples,truck,25.81,0.873,0.171,4.02,MB,,,,,,,rate-distortion sweep point lambda=0.008
salvq_xu_tip2025,2509.13482,Table XIX,18,supplement,HAC++ + SALVQ,Scaffold-GS,Tanks and Temples,average,24.07,0.839,0.205,3.76,MB,,,,,,,rate-distortion sweep point lambda=0.008
salvq_xu_tip2025,2509.13482,Table XIX,18,supplement,HAC++ + SALVQ,Scaffold-GS,Tanks and Temples,train,22.2,0.796,0.254,2.62,MB,,,,,,,rate-distortion sweep point lambda=0.015
salvq_xu_tip2025,2509.13482,Table XIX,18,supplement,HAC++ + SALVQ,Scaffold-GS,Tanks and Temples,truck,25.59,0.869,0.187,2.83,MB,,,,,,,rate-distortion sweep point lambda=0.015
salvq_xu_tip2025,2509.13482,Table XIX,18,supplement,HAC++ + SALVQ,Scaffold-GS,Tanks and Temples,average,23.89,0.832,0.221,2.73,MB,,,,,,,rate-distortion sweep point lambda=0.015
salvq_xu_tip2025,2509.13482,Table XIX,18,supplement,HAC++ + SALVQ,Scaffold-GS,Tanks and Temples,train,22.09,0.784,0.274,1.98,MB,,,,,,,rate-distortion sweep point lambda=0.025
salvq_xu_tip2025,2509.13482,Table XIX,18,supplement,HAC++ + SALVQ,Scaffold-GS,Tanks and Temples,truck,25.36,0.859,0.208,2.19,MB,,,,,,,rate-distortion sweep point lambda=0.025
salvq_xu_tip2025,2509.13482,Table XIX,18,supplement,HAC++ + SALVQ,Scaffold-GS,Tanks and Temples,average,23.72,0.822,0.241,2.09,MB,,,,,,,rate-distortion sweep point lambda=0.025
salvq_xu_tip2025,2509.13482,Table XX,19,supplement,HAC++ + SALVQ,Scaffold-GS,Mip-NeRF 360,bicycle,25.16,0.738,0.276,17.5,MB,,,,,,,rate-distortion sweep point lambda=0.002
salvq_xu_tip2025,2509.13482,Table XX,19,supplement,HAC++ + SALVQ,Scaffold-GS,Mip-NeRF 360,bonsai,32.86,0.947,0.185,6.91,MB,,,,,,,rate-distortion sweep point lambda=0.002
salvq_xu_tip2025,2509.13482,Table XX,19,supplement,HAC++ + SALVQ,Scaffold-GS,Mip-NeRF 360,counter,29.64,0.915,0.193,6.24,MB,,,,,,,rate-distortion sweep point lambda=0.002
salvq_xu_tip2025,2509.13482,Table XX,19,supplement,HAC++ + SALVQ,Scaffold-GS,Mip-NeRF 360,flowers,21.3,0.573,0.384,14.38,MB,,,,,,,rate-distortion sweep point lambda=0.002
salvq_xu_tip2025,2509.13482,Table XX,19,supplement,HAC++ + SALVQ,Scaffold-GS,Mip-NeRF 360,garden,27.37,0.842,0.158,17.1,MB,,,,,,,rate-distortion sweep point lambda=0.002
salvq_xu_tip2025,2509.13482,Table XX,19,supplement,HAC++ + SALVQ,Scaffold-GS,Mip-NeRF 360,kitchen,31.53,0.927,0.13,7.09,MB,,,,,,,rate-distortion sweep point lambda=0.002
salvq_xu_tip2025,2509.13482,Table XX,19,supplement,HAC++ + SALVQ,Scaffold-GS,Mip-NeRF 360,room,31.99,0.924,0.207,4.56,MB,,,,,,,rate-distortion sweep point lambda=0.002
salvq_xu_tip2025,2509.13482,Table XX,19,supplement,HAC++ + SALVQ,Scaffold-GS,Mip-NeRF 360,stump,26.67,0.762,0.275,12.42,MB,,,,,,,rate-distortion sweep point lambda=0.002
salvq_xu_tip2025,2509.13482,Table XX,19,supplement,HAC++ + SALVQ,Scaffold-GS,Mip-NeRF 360,treehill,23.3,0.643,0.366,14.52,MB,,,,,,,rate-distortion sweep point lambda=0.002
salvq_xu_tip2025,2509.13482,Table XX,19,supplement,HAC++ + SALVQ,Scaffold-GS,Mip-NeRF 360,average,27.76,0.808,0.241,11.19,MB,,,,,,,rate-distortion sweep point lambda=0.002
salvq_xu_tip2025,2509.13482,Table XX,19,supplement,HAC++ + SALVQ,Scaffold-GS,Mip-NeRF 360,bicycle,25.07,0.731,0.291,12.74,MB,,,,,,,rate-distortion sweep point lambda=0.004
salvq_xu_tip2025,2509.13482,Table XX,19,supplement,HAC++ + SALVQ,Scaffold-GS,Mip-NeRF 360,bonsai,32.55,0.944,0.19,5.32,MB,,,,,,,rate-distortion sweep point lambda=0.004
salvq_xu_tip2025,2509.13482,Table XX,19,supplement,HAC++ + SALVQ,Scaffold-GS,Mip-NeRF 360,counter,29.42,0.91,0.202,4.75,MB,,,,,,,rate-distortion sweep point lambda=0.004
salvq_xu_tip2025,2509.13482,Table XX,19,supplement,HAC++ + SALVQ,Scaffold-GS,Mip-NeRF 360,flowers,21.29,0.569,0.392,10.76,MB,,,,,,,rate-distortion sweep point lambda=0.004
salvq_xu_tip2025,2509.13482,Table XX,19,supplement,HAC++ + SALVQ,Scaffold-GS,Mip-NeRF 360,garden,27.18,0.833,0.178,12.76,MB,,,,,,,rate-distortion sweep point lambda=0.004
salvq_xu_tip2025,2509.13482,Table XX,19,supplement,HAC++ + SALVQ,Scaffold-GS,Mip-NeRF 360,kitchen,31.27,0.923,0.137,5.25,MB,,,,,,,rate-distortion sweep point lambda=0.004
salvq_xu_tip2025,2509.13482,Table XX,19,supplement,HAC++ + SALVQ,Scaffold-GS,Mip-NeRF 360,room,31.77,0.92,0.217,3.45,MB,,,,,,,rate-distortion sweep point lambda=0.004
salvq_xu_tip2025,2509.13482,Table XX,19,supplement,HAC++ + SALVQ,Scaffold-GS,Mip-NeRF 360,stump,26.59,0.759,0.285,9.36,MB,,,,,,,rate-distortion sweep point lambda=0.004
salvq_xu_tip2025,2509.13482,Table XX,19,supplement,HAC++ + SALVQ,Scaffold-GS,Mip-NeRF 360,treehill,23.33,0.639,0.379,10.42,MB,,,,,,,rate-distortion sweep point lambda=0.004
salvq_xu_tip2025,2509.13482,Table XX,19,supplement,HAC++ + SALVQ,Scaffold-GS,Mip-NeRF 360,average,27.61,0.803,0.252,8.31,MB,,,,,,,rate-distortion sweep point lambda=0.004
salvq_xu_tip2025,2509.13482,Table XX,19,supplement,HAC++ + SALVQ,Scaffold-GS,Mip-NeRF 360,bicycle,24.97,0.721,0.306,9.2,MB,,,,,,,rate-distortion sweep point lambda=0.008
salvq_xu_tip2025,2509.13482,Table XX,19,supplement,HAC++ + SALVQ,Scaffold-GS,Mip-NeRF 360,bonsai,32.22,0.939,0.199,3.97,MB,,,,,,,rate-distortion sweep point lambda=0.008
salvq_xu_tip2025,2509.13482,Table XX,19,supplement,HAC++ + SALVQ,Scaffold-GS,Mip-NeRF 360,counter,29.14,0.903,0.213,3.52,MB,,,,,,,rate-distortion sweep point lambda=0.008
salvq_xu_tip2025,2509.13482,Table XX,19,supplement,HAC++ + SALVQ,Scaffold-GS,Mip-NeRF 360,flowers,21.24,0.565,0.401,7.99,MB,,,,,,,rate-distortion sweep point lambda=0.008
salvq_xu_tip2025,2509.13482,Table XX,19,supplement,HAC++ + SALVQ,Scaffold-GS,Mip-NeRF 360,garden,26.87,0.819,0.203,9.19,MB,,,,,,,rate-distortion sweep point lambda=0.008
salvq_xu_tip2025,2509.13482,Table XX,19,supplement,HAC++ + SALVQ,Scaffold-GS,Mip-NeRF 360,kitchen,30.81,0.916,0.147,3.81,MB,,,,,,,rate-distortion sweep point lambda=0.008
salvq_xu_tip2025,2509.13482,Table XX,19,supplement,HAC++ + SALVQ,Scaffold-GS,Mip-NeRF 360,room,31.57,0.915,0.229,2.58,MB,,,,,,,rate-distortion sweep point lambda=0.008
salvq_xu_tip2025,2509.13482,Table XX,19,supplement,HAC++ + SALVQ,Scaffold-GS,Mip-NeRF 360,stump,26.56,0.754,0.297,6.95,MB,,,,,,,rate-distortion sweep point lambda=0.008
salvq_xu_tip2025,2509.13482,Table XX,19,supplement,HAC++ + SALVQ,Scaffold-GS,Mip-NeRF 360,treehill,23.25,0.633,0.395,7.51,MB,,,,,,,rate-distortion sweep point lambda=0.008
salvq_xu_tip2025,2509.13482,Table XX,19,supplement,HAC++ + SALVQ,Scaffold-GS,Mip-NeRF 360,average,27.4,0.796,0.266,6.08,MB,,,,,,,rate-distortion sweep point lambda=0.008
salvq_xu_tip2025,2509.13482,Table XX,19,supplement,HAC++ + SALVQ,Scaffold-GS,Mip-NeRF 360,bicycle,24.8,0.707,0.326,6.4,MB,,,,,,,rate-distortion sweep point lambda=0.015
salvq_xu_tip2025,2509.13482,Table XX,19,supplement,HAC++ + SALVQ,Scaffold-GS,Mip-NeRF 360,bonsai,31.78,0.936,0.206,3.03,MB,,,,,,,rate-distortion sweep point lambda=0.015
salvq_xu_tip2025,2509.13482,Table XX,19,supplement,HAC++ + SALVQ,Scaffold-GS,Mip-NeRF 360,counter,28.83,0.895,0.229,2.61,MB,,,,,,,rate-distortion sweep point lambda=0.015
salvq_xu_tip2025,2509.13482,Table XX,19,supplement,HAC++ + SALVQ,Scaffold-GS,Mip-NeRF 360,flowers,21.16,0.556,0.414,5.77,MB,,,,,,,rate-distortion sweep point lambda=0.015
salvq_xu_tip2025,2509.13482,Table XX,19,supplement,HAC++ + SALVQ,Scaffold-GS,Mip-NeRF 360,garden,26.55,0.8,0.238,6.44,MB,,,,,,,rate-distortion sweep point lambda=0.015
salvq_xu_tip2025,2509.13482,Table XX,19,supplement,HAC++ + SALVQ,Scaffold-GS,Mip-NeRF 360,kitchen,30.33,0.908,0.162,2.77,MB,,,,,,,rate-distortion sweep point lambda=0.015
salvq_xu_tip2025,2509.13482,Table XX,19,supplement,HAC++ + SALVQ,Scaffold-GS,Mip-NeRF 360,room,31.25,0.908,0.244,1.88,MB,,,,,,,rate-distortion sweep point lambda=0.015
salvq_xu_tip2025,2509.13482,Table XX,19,supplement,HAC++ + SALVQ,Scaffold-GS,Mip-NeRF 360,stump,26.46,0.745,0.316,5.01,MB,,,,,,,rate-distortion sweep point lambda=0.015
salvq_xu_tip2025,2509.13482,Table XX,19,supplement,HAC++ + SALVQ,Scaffold-GS,Mip-NeRF 360,treehill,23.21,0.623,0.414,5.34,MB,,,,,,,rate-distortion sweep point lambda=0.015
salvq_xu_tip2025,2509.13482,Table XX,19,supplement,HAC++ + SALVQ,Scaffold-GS,Mip-NeRF 360,average,27.15,0.786,0.283,4.36,MB,,,,,,,rate-distortion sweep point lambda=0.015
salvq_xu_tip2025,2509.13482,Table XX,19,supplement,HAC++ + SALVQ,Scaffold-GS,Mip-NeRF 360,bicycle,24.65,0.69,0.347,4.74,MB,,,,,,,rate-distortion sweep point lambda=0.025
salvq_xu_tip2025,2509.13482,Table XX,19,supplement,HAC++ + SALVQ,Scaffold-GS,Mip-NeRF 360,bonsai,31.27,0.929,0.217,2.33,MB,,,,,,,rate-distortion sweep point lambda=0.025
salvq_xu_tip2025,2509.13482,Table XX,19,supplement,HAC++ + SALVQ,Scaffold-GS,Mip-NeRF 360,counter,28.42,0.882,0.25,1.97,MB,,,,,,,rate-distortion sweep point lambda=0.025
salvq_xu_tip2025,2509.13482,Table XX,19,supplement,HAC++ + SALVQ,Scaffold-GS,Mip-NeRF 360,flowers,21.04,0.544,0.43,4.34,MB,,,,,,,rate-distortion sweep point lambda=0.025
salvq_xu_tip2025,2509.13482,Table XX,19,supplement,HAC++ + SALVQ,Scaffold-GS,Mip-NeRF 360,garden,26.18,0.777,0.273,4.62,MB,,,,,,,rate-distortion sweep point lambda=0.025
salvq_xu_tip2025,2509.13482,Table XX,19,supplement,HAC++ + SALVQ,Scaffold-GS,Mip-NeRF 360,kitchen,29.83,0.898,0.18,2.01,MB,,,,,,,rate-distortion sweep point lambda=0.025
salvq_xu_tip2025,2509.13482,Table XX,19,supplement,HAC++ + SALVQ,Scaffold-GS,Mip-NeRF 360,room,30.94,0.9,0.262,1.47,MB,,,,,,,rate-distortion sweep point lambda=0.025
salvq_xu_tip2025,2509.13482,Table XX,19,supplement,HAC++ + SALVQ,Scaffold-GS,Mip-NeRF 360,stump,26.26,0.732,0.336,3.75,MB,,,,,,,rate-distortion sweep point lambda=0.025
salvq_xu_tip2025,2509.13482,Table XX,19,supplement,HAC++ + SALVQ,Scaffold-GS,Mip-NeRF 360,treehill,23.12,0.61,0.435,3.88,MB,,,,,,,rate-distortion sweep point lambda=0.025
salvq_xu_tip2025,2509.13482,Table XX,19,supplement,HAC++ + SALVQ,Scaffold-GS,Mip-NeRF 360,average,26.86,0.773,0.303,3.24,MB,,,,,,,rate-distortion sweep point lambda=0.025
gaussianspa_zhang_cvpr2025,2411.06019,Table 1,6,main,3DGS,3DGS,Mip-NeRF 360,average,27.45,0.81,0.22,,,3110000,,,,,,"""#G/M"" is the Gaussian count in millions; no MB column. 3DGS numbers are quoted from EAGLES; Mini-Splatting is replicated with official code by the GaussianSpa authors"
gaussianspa_zhang_cvpr2025,2411.06019,Table 1,6,main,3DGS,3DGS,Tanks and Temples,average,23.63,0.85,0.18,,,1830000,,,,,,"""#G/M"" is the Gaussian count in millions; no MB column. 3DGS numbers are quoted from EAGLES; Mini-Splatting is replicated with official code by the GaussianSpa authors"
gaussianspa_zhang_cvpr2025,2411.06019,Table 1,6,main,3DGS,3DGS,Deep Blending,average,29.42,0.9,0.25,,,2780000,,,,,,"""#G/M"" is the Gaussian count in millions; no MB column. 3DGS numbers are quoted from EAGLES; Mini-Splatting is replicated with official code by the GaussianSpa authors"
gaussianspa_zhang_cvpr2025,2411.06019,Table 1,6,main,Compact 3DGS (CompactGaussian),3DGS,Mip-NeRF 360,average,27.08,0.798,0.247,,,1388000,,,,,,"""#G/M"" is the Gaussian count in millions; no MB column. 3DGS numbers are quoted from EAGLES; Mini-Splatting is replicated with official code by the GaussianSpa authors"
gaussianspa_zhang_cvpr2025,2411.06019,Table 1,6,main,Compact 3DGS (CompactGaussian),3DGS,Tanks and Temples,average,23.32,0.831,0.201,,,836000,,,,,,"""#G/M"" is the Gaussian count in millions; no MB column. 3DGS numbers are quoted from EAGLES; Mini-Splatting is replicated with official code by the GaussianSpa authors"
gaussianspa_zhang_cvpr2025,2411.06019,Table 1,6,main,Compact 3DGS (CompactGaussian),3DGS,Deep Blending,average,29.79,0.901,0.258,,,1060000,,,,,,"""#G/M"" is the Gaussian count in millions; no MB column. 3DGS numbers are quoted from EAGLES; Mini-Splatting is replicated with official code by the GaussianSpa authors"
gaussianspa_zhang_cvpr2025,2411.06019,Table 1,6,main,LP-3DGS-R,3DGS,Mip-NeRF 360,average,27.47,0.812,0.227,,,1959000,,,,,,"""#G/M"" is the Gaussian count in millions; no MB column. 3DGS numbers are quoted from EAGLES; Mini-Splatting is replicated with official code by the GaussianSpa authors"
gaussianspa_zhang_cvpr2025,2411.06019,Table 1,6,main,LP-3DGS-R,3DGS,Tanks and Temples,average,23.6,0.842,0.188,,,1244000,,,,,,"""#G/M"" is the Gaussian count in millions; no MB column. 3DGS numbers are quoted from EAGLES; Mini-Splatting is replicated with official code by the GaussianSpa authors"
gaussianspa_zhang_cvpr2025,2411.06019,Table 1,6,main,LP-3DGS-M,3DGS,Mip-NeRF 360,average,27.12,0.805,0.239,,,1866000,,,,,,"""#G/M"" is the Gaussian count in millions; no MB column. 3DGS numbers are quoted from EAGLES; Mini-Splatting is replicated with official code by the GaussianSpa authors"
gaussianspa_zhang_cvpr2025,2411.06019,Table 1,6,main,LP-3DGS-M,3DGS,Tanks and Temples,average,23.41,0.834,0.198,,,1116000,,,,,,"""#G/M"" is the Gaussian count in millions; no MB column. 3DGS numbers are quoted from EAGLES; Mini-Splatting is replicated with official code by the GaussianSpa authors"
gaussianspa_zhang_cvpr2025,2411.06019,Table 1,6,main,EAGLES,3DGS,Mip-NeRF 360,average,27.23,0.809,0.238,,,1330000,,,,,,"""#G/M"" is the Gaussian count in millions; no MB column. 3DGS numbers are quoted from EAGLES; Mini-Splatting is replicated with official code by the GaussianSpa authors"
gaussianspa_zhang_cvpr2025,2411.06019,Table 1,6,main,EAGLES,3DGS,Tanks and Temples,average,23.37,0.84,0.2,,,650000,,,,,,"""#G/M"" is the Gaussian count in millions; no MB column. 3DGS numbers are quoted from EAGLES; Mini-Splatting is replicated with official code by the GaussianSpa authors"
gaussianspa_zhang_cvpr2025,2411.06019,Table 1,6,main,EAGLES,3DGS,Deep Blending,average,29.86,0.91,0.25,,,1190000,,,,,,"""#G/M"" is the Gaussian count in millions; no MB column. 3DGS numbers are quoted from EAGLES; Mini-Splatting is replicated with official code by the GaussianSpa authors"
gaussianspa_zhang_cvpr2025,2411.06019,Table 1,6,main,Mini-Splatting,3DGS,Mip-NeRF 360,average,27.4,0.821,0.219,,,559000,,,,,,"""#G/M"" is the Gaussian count in millions; no MB column. 3DGS numbers are quoted from EAGLES; Mini-Splatting is replicated with official code by the GaussianSpa authors"
gaussianspa_zhang_cvpr2025,2411.06019,Table 1,6,main,Mini-Splatting,3DGS,Tanks and Temples,average,23.45,0.841,0.186,,,319000,,,,,,"""#G/M"" is the Gaussian count in millions; no MB column. 3DGS numbers are quoted from EAGLES; Mini-Splatting is replicated with official code by the GaussianSpa authors"
gaussianspa_zhang_cvpr2025,2411.06019,Table 1,6,main,Mini-Splatting,3DGS,Deep Blending,average,30.05,0.909,0.254,,,397000,,,,,,"""#G/M"" is the Gaussian count in millions; no MB column. 3DGS numbers are quoted from EAGLES; Mini-Splatting is replicated with official code by the GaussianSpa authors"
gaussianspa_zhang_cvpr2025,2411.06019,Table 1,6,main,Taming 3DGS,3DGS,Mip-NeRF 360,average,27.31,0.801,0.252,,,630000,,,,,,"""#G/M"" is the Gaussian count in millions; no MB column. 3DGS numbers are quoted from EAGLES; Mini-Splatting is replicated with official code by the GaussianSpa authors"
gaussianspa_zhang_cvpr2025,2411.06019,Table 1,6,main,Taming 3DGS,3DGS,Tanks and Temples,average,23.95,0.837,0.201,,,290000,,,,,,"""#G/M"" is the Gaussian count in millions; no MB column. 3DGS numbers are quoted from EAGLES; Mini-Splatting is replicated with official code by the GaussianSpa authors"
gaussianspa_zhang_cvpr2025,2411.06019,Table 1,6,main,Taming 3DGS,3DGS,Deep Blending,average,29.82,0.904,0.26,,,270000,,,,,,"""#G/M"" is the Gaussian count in millions; no MB column. 3DGS numbers are quoted from EAGLES; Mini-Splatting is replicated with official code by the GaussianSpa authors"
gaussianspa_zhang_cvpr2025,2411.06019,Table 1,6,main,CompGS (Navaneet et al.),3DGS,Mip-NeRF 360,average,27.12,0.806,0.24,,,845000,,,,,,"""#G/M"" is the Gaussian count in millions; no MB column. 3DGS numbers are quoted from EAGLES; Mini-Splatting is replicated with official code by the GaussianSpa authors"
gaussianspa_zhang_cvpr2025,2411.06019,Table 1,6,main,CompGS (Navaneet et al.),3DGS,Tanks and Temples,average,23.44,0.838,0.198,,,520000,,,,,,"""#G/M"" is the Gaussian count in millions; no MB column. 3DGS numbers are quoted from EAGLES; Mini-Splatting is replicated with official code by the GaussianSpa authors"
gaussianspa_zhang_cvpr2025,2411.06019,Table 1,6,main,CompGS (Navaneet et al.),3DGS,Deep Blending,average,29.9,0.907,0.251,,,550000,,,,,,"""#G/M"" is the Gaussian count in millions; no MB column. 3DGS numbers are quoted from EAGLES; Mini-Splatting is replicated with official code by the GaussianSpa authors"
gaussianspa_zhang_cvpr2025,2411.06019,Table 1,6,main,GaussianSpa,3DGS,Mip-NeRF 360,average,27.85,0.825,0.214,,,547000,,,,,,"""#G/M"" is the Gaussian count in millions; no MB column. 3DGS numbers are quoted from EAGLES; Mini-Splatting is replicated with official code by the GaussianSpa authors"
gaussianspa_zhang_cvpr2025,2411.06019,Table 1,6,main,GaussianSpa,3DGS,Tanks and Temples,average,23.98,0.852,0.18,,,269000,,,,,,"""#G/M"" is the Gaussian count in millions; no MB column. 3DGS numbers are quoted from EAGLES; Mini-Splatting is replicated with official code by the GaussianSpa authors"
gaussianspa_zhang_cvpr2025,2411.06019,Table 1,6,main,GaussianSpa,3DGS,Deep Blending,average,30.37,0.914,0.249,,,335000,,,,,,"""#G/M"" is the Gaussian count in millions; no MB column. 3DGS numbers are quoted from EAGLES; Mini-Splatting is replicated with official code by the GaussianSpa authors"
gaussianspa_zhang_cvpr2025,2411.06019,Table 1,6,main,GaussianSpa (smaller budget),3DGS,Deep Blending,average,30.33,0.912,0.254,,,256000,,,,,,"""#G/M"" is the Gaussian count in millions; no MB column. 3DGS numbers are quoted from EAGLES; Mini-Splatting is replicated with official code by the GaussianSpa authors"
gaussianspa_zhang_cvpr2025,2411.06019,Table 2,11,main,EfficientGS,3DGS,Mip-NeRF 360,average,27.38,0.817,0.216,98,MB,,,,,,,GaussianSpa's storage uses LightGaussian's add-on SH distillation and vector quantization; the count budget alone does not produce a byte figure
gaussianspa_zhang_cvpr2025,2411.06019,Table 2,11,main,LightGaussian,3DGS,Mip-NeRF 360,average,27.28,0.805,0.243,42,MB,,,,,,,GaussianSpa's storage uses LightGaussian's add-on SH distillation and vector quantization; the count budget alone does not produce a byte figure
gaussianspa_zhang_cvpr2025,2411.06019,Table 2,11,main,GaussianSpa,3DGS,Mip-NeRF 360,average,27.85,0.825,0.214,25,MB,,,,,,,GaussianSpa's storage uses LightGaussian's add-on SH distillation and vector quantization; the count budget alone does not produce a byte figure
gaussianspa_zhang_cvpr2025,2411.06019,Table 3,11,supplement,3DGS,3DGS,Mip-NeRF 360,bicycle,25.13,0.75,0.24,,,5310000,,,,,,
gaussianspa_zhang_cvpr2025,2411.06019,Table 3,11,supplement,Mini-Splatting,3DGS,Mip-NeRF 360,bicycle,25.21,0.76,0.247,,,646000,,,,,,
gaussianspa_zhang_cvpr2025,2411.06019,Table 3,11,supplement,GaussianSpa,3DGS,Mip-NeRF 360,bicycle,25.44,0.769,0.246,,,656000,,,,,,
gaussianspa_zhang_cvpr2025,2411.06019,Table 3,11,supplement,3DGS,3DGS,Mip-NeRF 360,bonsai,32.19,0.95,0.18,,,1250000,,,,,,
gaussianspa_zhang_cvpr2025,2411.06019,Table 3,11,supplement,Mini-Splatting,3DGS,Mip-NeRF 360,bonsai,31.73,0.945,0.18,,,360000,,,,,,
gaussianspa_zhang_cvpr2025,2411.06019,Table 3,11,supplement,GaussianSpa,3DGS,Mip-NeRF 360,bonsai,32.4,0.947,0.174,,,372000,,,,,,
gaussianspa_zhang_cvpr2025,2411.06019,Table 3,11,supplement,3DGS,3DGS,Mip-NeRF 360,counter,29.11,0.91,0.18,,,1170000,,,,,,
gaussianspa_zhang_cvpr2025,2411.06019,Table 3,11,supplement,Mini-Splatting,3DGS,Mip-NeRF 360,counter,28.53,0.911,0.184,,,408000,,,,,,
gaussianspa_zhang_cvpr2025,2411.06019,Table 3,11,supplement,GaussianSpa,3DGS,Mip-NeRF 360,counter,29.23,0.919,0.176,,,392000,,,,,,
gaussianspa_zhang_cvpr2025,2411.06019,Table 3,11,supplement,3DGS,3DGS,Mip-NeRF 360,flowers,21.37,0.59,0.36,,,3470000,,,,,,
gaussianspa_zhang_cvpr2025,2411.06019,Table 3,11,supplement,Mini-Splatting,3DGS,Mip-NeRF 360,flowers,21.42,0.616,0.336,,,670000,,,,,,
gaussianspa_zhang_cvpr2025,2411.06019,Table 3,11,supplement,GaussianSpa,3DGS,Mip-NeRF 360,flowers,21.75,0.61,0.329,,,674000,,,,,,
gaussianspa_zhang_cvpr2025,2411.06019,Table 3,11,supplement,3DGS,3DGS,Mip-NeRF 360,garden,27.32,0.86,0.12,,,5690000,,,,,,
gaussianspa_zhang_cvpr2025,2411.06019,Table 3,11,supplement,Mini-Splatting,3DGS,Mip-NeRF 360,garden,26.99,0.842,0.156,,,738000,,,,,,
gaussianspa_zhang_cvpr2025,2411.06019,Table 3,11,supplement,GaussianSpa,3DGS,Mip-NeRF 360,garden,27.26,0.848,0.151,,,728000,,,,,,
gaussianspa_zhang_cvpr2025,2411.06019,Table 3,11,supplement,3DGS,3DGS,Mip-NeRF 360,kitchen,31.53,0.93,0.12,,,1770000,,,,,,
gaussianspa_zhang_cvpr2025,2411.06019,Table 3,11,supplement,Mini-Splatting,3DGS,Mip-NeRF 360,kitchen,31.24,0.929,0.122,,,438000,,,,,,
gaussianspa_zhang_cvpr2025,2411.06019,Table 3,11,supplement,GaussianSpa,3DGS,Mip-NeRF 360,kitchen,32.03,0.934,0.117,,,423000,,,,,,
gaussianspa_zhang_cvpr2025,2411.06019,Table 3,11,supplement,3DGS,3DGS,Mip-NeRF 360,room,31.59,0.92,0.2,,,1500000,,,,,,
gaussianspa_zhang_cvpr2025,2411.06019,Table 3,11,supplement,Mini-Splatting,3DGS,Mip-NeRF 360,room,31.44,0.929,0.193,,,394000,,,,,,
gaussianspa_zhang_cvpr2025,2411.06019,Table 3,11,supplement,GaussianSpa,3DGS,Mip-NeRF 360,room,32.04,0.933,0.188,,,355000,,,,,,
gaussianspa_zhang_cvpr2025,2411.06019,Table 3,11,supplement,3DGS,3DGS,Mip-NeRF 360,stump,26.73,0.77,0.24,,,4420000,,,,,,
gaussianspa_zhang_cvpr2025,2411.06019,Table 3,11,supplement,Mini-Splatting,3DGS,Mip-NeRF 360,stump,27.35,0.803,0.219,,,717000,,,,,,
gaussianspa_zhang_cvpr2025,2411.06019,Table 3,11,supplement,GaussianSpa,3DGS,Mip-NeRF 360,stump,27.56,0.808,0.218,,,690000,,,,,,
gaussianspa_zhang_cvpr2025,2411.06019,Table 3,11,supplement,3DGS,3DGS,Mip-NeRF 360,treehill,22.61,0.64,0.35,,,3420000,,,,,,
gaussianspa_zhang_cvpr2025,2411.06019,Table 3,11,supplement,Mini-Splatting,3DGS,Mip-NeRF 360,treehill,22.69,0.652,0.332,,,663000,,,,,,
gaussianspa_zhang_cvpr2025,2411.06019,Table 3,11,supplement,GaussianSpa,3DGS,Mip-NeRF 360,treehill,22.94,0.66,0.329,,,637000,,,,,,
gaussianspa_zhang_cvpr2025,2411.06019,Table 3,11,supplement,3DGS,3DGS,Mip-NeRF 360,average,27.45,0.81,0.22,,,3110000,,,,,,
gaussianspa_zhang_cvpr2025,2411.06019,Table 3,11,supplement,Mini-Splatting,3DGS,Mip-NeRF 360,average,27.4,0.821,0.219,,,559000,,,,,,
gaussianspa_zhang_cvpr2025,2411.06019,Table 3,11,supplement,GaussianSpa,3DGS,Mip-NeRF 360,average,27.85,0.825,0.214,,,547000,,,,,,
gaussianspa_zhang_cvpr2025,2411.06019,Table 4,14,supplement,3DGS,3DGS,Tanks and Temples,train,21.94,0.81,0.2,,,1110000,,,,,,
gaussianspa_zhang_cvpr2025,2411.06019,Table 4,14,supplement,Mini-Splatting,3DGS,Tanks and Temples,train,21.78,0.805,0.231,,,287000,,,,,,
gaussianspa_zhang_cvpr2025,2411.06019,Table 4,14,supplement,GaussianSpa,3DGS,Tanks and Temples,train,22.17,0.815,0.228,,,199000,,,,,,
gaussianspa_zhang_cvpr2025,2411.06019,Table 4,14,supplement,3DGS,3DGS,Tanks and Temples,truck,25.31,0.88,0.15,,,2540000,,,,,,
gaussianspa_zhang_cvpr2025,2411.06019,Table 4,14,supplement,Mini-Splatting,3DGS,Tanks and Temples,truck,25.13,0.878,0.141,,,352000,,,,,,
gaussianspa_zhang_cvpr2025,2411.06019,Table 4,14,supplement,GaussianSpa,3DGS,Tanks and Temples,truck,25.79,0.888,0.132,,,338000,,,,,,
gaussianspa_zhang_cvpr2025,2411.06019,Table 4,14,supplement,3DGS,3DGS,Tanks and Temples,average,23.63,0.85,0.18,,,1830000,,,,,,
gaussianspa_zhang_cvpr2025,2411.06019,Table 4,14,supplement,Mini-Splatting,3DGS,Tanks and Temples,average,23.45,0.841,0.186,,,319000,,,,,,
gaussianspa_zhang_cvpr2025,2411.06019,Table 4,14,supplement,GaussianSpa,3DGS,Tanks and Temples,average,23.98,0.852,0.18,,,269000,,,,,,
gaussianspa_zhang_cvpr2025,2411.06019,Table 5,14,supplement,3DGS,3DGS,Deep Blending,drjohnson,28.77,0.9,0.25,,,3260000,,,,,,
gaussianspa_zhang_cvpr2025,2411.06019,Table 5,14,supplement,Mini-Splatting,3DGS,Deep Blending,drjohnson,29.37,0.904,0.261,,,377000,,,,,,
gaussianspa_zhang_cvpr2025,2411.06019,Table 5,14,supplement,GaussianSpa,3DGS,Deep Blending,drjohnson,29.89,0.913,0.243,,,450000,,,,,,
gaussianspa_zhang_cvpr2025,2411.06019,Table 5,14,supplement,GaussianSpa (smaller budget),3DGS,Deep Blending,drjohnson,29.82,0.909,0.254,,,293000,,,,,,
gaussianspa_zhang_cvpr2025,2411.06019,Table 5,14,supplement,3DGS,3DGS,Deep Blending,playroom,30.07,0.9,0.25,,,2290000,,,,,,
gaussianspa_zhang_cvpr2025,2411.06019,Table 5,14,supplement,Mini-Splatting,3DGS,Deep Blending,playroom,30.72,0.914,0.248,,,417000,,,,,,
gaussianspa_zhang_cvpr2025,2411.06019,Table 5,14,supplement,GaussianSpa,3DGS,Deep Blending,playroom,30.84,0.916,0.254,,,219000,,,,,,
gaussianspa_zhang_cvpr2025,2411.06019,Table 5,14,supplement,GaussianSpa (smaller budget),3DGS,Deep Blending,playroom,30.84,0.916,0.254,,,219000,,,,,,"the PDF prints the two GaussianSpa playroom rows with identical values; the two Deep Blending averages (0.335 M and 0.256 M) imply the two playroom points differ by about 0.001 M, so the duplication is plausible rather than an extraction error"
gaussianspa_zhang_cvpr2025,2411.06019,Table 5,14,supplement,3DGS,3DGS,Deep Blending,average,29.42,0.9,0.25,,,2780000,,,,,,
gaussianspa_zhang_cvpr2025,2411.06019,Table 5,14,supplement,Mini-Splatting,3DGS,Deep Blending,average,30.05,0.909,0.254,,,397000,,,,,,
gaussianspa_zhang_cvpr2025,2411.06019,Table 5,14,supplement,GaussianSpa,3DGS,Deep Blending,average,30.37,0.914,0.249,,,335000,,,,,,
gaussianspa_zhang_cvpr2025,2411.06019,Table 5,14,supplement,GaussianSpa (smaller budget),3DGS,Deep Blending,average,30.33,0.912,0.254,,,256000,,,,,,
maskgaussian_liu_cvpr2025,2412.20522,Table 1,6,main,3DGS (as reported),3DGS,Mip-NeRF 360,average,27.21,0.815,0.214,,,,,,,,,"quoted from the 3DGS paper; ""#GS"" is the Gaussian count in millions, no MB column in this table"
maskgaussian_liu_cvpr2025,2412.20522,Table 1,6,main,3DGS (as reported),3DGS,Tanks and Temples,average,23.14,0.841,0.183,,,,,,,,,"quoted from the 3DGS paper; ""#GS"" is the Gaussian count in millions, no MB column in this table"
maskgaussian_liu_cvpr2025,2412.20522,Table 1,6,main,3DGS (as reported),3DGS,Deep Blending,average,29.41,0.903,0.243,,,,,,,,,"quoted from the 3DGS paper; ""#GS"" is the Gaussian count in millions, no MB column in this table"
maskgaussian_liu_cvpr2025,2412.20522,Table 1,6,main,3DGS,3DGS,Mip-NeRF 360,average,27.45,0.811,0.223,,,3204000,187.8,,,,,"re-run by the MaskGaussian authors on an RTX 4090; ""#GS"" is the Gaussian count in millions, no MB column in this table"
maskgaussian_liu_cvpr2025,2412.20522,Table 1,6,main,3DGS,3DGS,Tanks and Temples,average,23.74,0.848,0.176,,,1825000,254.5,,,,,"re-run by the MaskGaussian authors on an RTX 4090; ""#GS"" is the Gaussian count in millions, no MB column in this table"
maskgaussian_liu_cvpr2025,2412.20522,Table 1,6,main,3DGS,3DGS,Deep Blending,average,29.53,0.903,0.243,,,2815000,201.3,,,,,"re-run by the MaskGaussian authors on an RTX 4090; ""#GS"" is the Gaussian count in millions, no MB column in this table"
maskgaussian_liu_cvpr2025,2412.20522,Table 1,6,main,Compact3DGS,3DGS,Mip-NeRF 360,average,27.32,0.805,0.233,,,1533000,281.1,,,,,"mask-learning component only, without NeRF init, vector quantization or SH distillation; ""#GS"" is the Gaussian count in millions, no MB column in this table"
maskgaussian_liu_cvpr2025,2412.20522,Table 1,6,main,Compact3DGS,3DGS,Tanks and Temples,average,23.61,0.846,0.18,,,960000,358.9,,,,,"mask-learning component only, without NeRF init, vector quantization or SH distillation; ""#GS"" is the Gaussian count in millions, no MB column in this table"
maskgaussian_liu_cvpr2025,2412.20522,Table 1,6,main,Compact3DGS,3DGS,Deep Blending,average,29.58,0.903,0.248,,,1310000,366.2,,,,,"mask-learning component only, without NeRF init, vector quantization or SH distillation; ""#GS"" is the Gaussian count in millions, no MB column in this table"
maskgaussian_liu_cvpr2025,2412.20522,Table 1,6,main,RadSplat,3DGS,Mip-NeRF 360,average,27.45,0.811,0.223,,,2184000,247.8,,,,,"pruning component only; ""#GS"" is the Gaussian count in millions, no MB column in this table"
maskgaussian_liu_cvpr2025,2412.20522,Table 1,6,main,RadSplat,3DGS,Tanks and Temples,average,23.61,0.847,0.178,,,1053000,396.4,,,,,"pruning component only; ""#GS"" is the Gaussian count in millions, no MB column in this table"
maskgaussian_liu_cvpr2025,2412.20522,Table 1,6,main,RadSplat,3DGS,Deep Blending,average,29.55,0.903,0.244,,,1515000,345.3,,,,,"pruning component only; ""#GS"" is the Gaussian count in millions, no MB column in this table"
maskgaussian_liu_cvpr2025,2412.20522,Table 1,6,main,MaskGaussian-alpha,3DGS,Mip-NeRF 360,average,27.43,0.811,0.227,,,1205000,384.7,,,,,"lambda_m=0.1 applied from iteration 19000 to 20000; ""#GS"" is the Gaussian count in millions, no MB column in this table"
maskgaussian_liu_cvpr2025,2412.20522,Table 1,6,main,MaskGaussian-alpha,3DGS,Tanks and Temples,average,23.72,0.847,0.181,,,590000,558.3,,,,,"lambda_m=0.1 applied from iteration 19000 to 20000; ""#GS"" is the Gaussian count in millions, no MB column in this table"
maskgaussian_liu_cvpr2025,2412.20522,Table 1,6,main,MaskGaussian-alpha,3DGS,Deep Blending,average,29.69,0.907,0.244,,,694000,637.1,,,,,"lambda_m=0.1 applied from iteration 19000 to 20000; ""#GS"" is the Gaussian count in millions, no MB column in this table"
maskgaussian_liu_cvpr2025,2412.20522,Table 2,6,main,Compact3DGS,3DGS,Mip-NeRF 360,average,27.32,0.805,0.233,362.7,MB,1533000,,1159,,,,baseline; training time printed as 19:19 (mm:ss)
maskgaussian_liu_cvpr2025,2412.20522,Table 2,6,main,Compact3DGS,3DGS,Tanks and Temples,average,23.61,0.846,0.18,228.3,MB,960000,,622,,,,baseline; training time printed as 10:22 (mm:ss)
maskgaussian_liu_cvpr2025,2412.20522,Table 2,6,main,Compact3DGS,3DGS,Deep Blending,average,29.58,0.903,0.248,311.1,MB,1310000,,983,,,,baseline; training time printed as 16:23 (mm:ss)
maskgaussian_liu_cvpr2025,2412.20522,Table 2,6,main,MaskGaussian-beta,3DGS,Mip-NeRF 360,average,27.44,0.811,0.226,362.5,MB,1520000,,1184,,,,"lambda_m=0.0005 across all 30000 iterations, the same setting as Compact3DGS; training time printed as 19:44 (mm:ss)"
maskgaussian_liu_cvpr2025,2412.20522,Table 2,6,main,MaskGaussian-beta,3DGS,Tanks and Temples,average,23.66,0.846,0.18,175.4,MB,740000,,592,,,,"lambda_m=0.0005 across all 30000 iterations, the same setting as Compact3DGS; training time printed as 09:52 (mm:ss)"
maskgaussian_liu_cvpr2025,2412.20522,Table 2,6,main,MaskGaussian-beta,3DGS,Deep Blending,average,29.76,0.907,0.244,215.2,MB,913000,,947,,,,"lambda_m=0.0005 across all 30000 iterations, the same setting as Compact3DGS; training time printed as 15:47 (mm:ss)"
maskgaussian_liu_cvpr2025,2412.20522,Table 2,6,main,MaskGaussian-gamma,3DGS,Mip-NeRF 360,average,27.42,0.809,0.228,274.2,MB,1171000,,1072,,,,lambda_m=0.001 across all 30000 iterations; training time printed as 17:52 (mm:ss)
maskgaussian_liu_cvpr2025,2412.20522,Table 2,6,main,MaskGaussian-gamma,3DGS,Tanks and Temples,average,23.59,0.845,0.183,129.8,MB,549000,,534,,,,lambda_m=0.001 across all 30000 iterations; training time printed as 08:54 (mm:ss)
maskgaussian_liu_cvpr2025,2412.20522,Table 2,6,main,MaskGaussian-gamma,3DGS,Deep Blending,average,29.74,0.907,0.247,134.9,MB,570000,,848,,,,lambda_m=0.001 across all 30000 iterations; training time printed as 14:08 (mm:ss)
maskgaussian_liu_cvpr2025,2412.20522,Table 5,8,ablation,3DGS baseline (30000 iterations),3DGS,Mip-NeRF 360,average,27.5,0.811,0.224,,,3188000,,,,,,post-training: both pruning methods finetune 5000 iterations on the same 30000-iteration 3DGS checkpoint
maskgaussian_liu_cvpr2025,2412.20522,Table 5,8,ablation,3DGS baseline (30000 iterations),3DGS,Tanks and Temples,average,23.62,0.847,0.176,,,1841000,,,,,,post-training: both pruning methods finetune 5000 iterations on the same 30000-iteration 3DGS checkpoint
maskgaussian_liu_cvpr2025,2412.20522,Table 5,8,ablation,3DGS baseline (30000 iterations),3DGS,Deep Blending,average,29.54,0.904,0.244,,,2820000,,,,,,post-training: both pruning methods finetune 5000 iterations on the same 30000-iteration 3DGS checkpoint
maskgaussian_liu_cvpr2025,2412.20522,Table 5,8,ablation,LightGaussian,3DGS,Mip-NeRF 360,average,27.5,0.809,0.232,,,1084000,,,,,,post-training: both pruning methods finetune 5000 iterations on the same 30000-iteration 3DGS checkpoint
maskgaussian_liu_cvpr2025,2412.20522,Table 5,8,ablation,LightGaussian,3DGS,Tanks and Temples,average,23.75,0.843,0.187,,,626000,,,,,,post-training: both pruning methods finetune 5000 iterations on the same 30000-iteration 3DGS checkpoint
maskgaussian_liu_cvpr2025,2412.20522,Table 5,8,ablation,LightGaussian,3DGS,Deep Blending,average,29.55,0.902,0.25,,,959000,,,,,,post-training: both pruning methods finetune 5000 iterations on the same 30000-iteration 3DGS checkpoint
maskgaussian_liu_cvpr2025,2412.20522,Table 5,8,ablation,MaskGaussian,3DGS,Mip-NeRF 360,average,27.49,0.811,0.228,,,1052000,,,,,,post-training: both pruning methods finetune 5000 iterations on the same 30000-iteration 3DGS checkpoint
maskgaussian_liu_cvpr2025,2412.20522,Table 5,8,ablation,MaskGaussian,3DGS,Tanks and Temples,average,23.75,0.847,0.178,,,579000,,,,,,post-training: both pruning methods finetune 5000 iterations on the same 30000-iteration 3DGS checkpoint
maskgaussian_liu_cvpr2025,2412.20522,Table 5,8,ablation,MaskGaussian,3DGS,Deep Blending,average,29.71,0.905,0.246,,,667000,,,,,,post-training: both pruning methods finetune 5000 iterations on the same 30000-iteration 3DGS checkpoint
maskgaussian_liu_cvpr2025,2412.20522,Table 6,8,ablation,MaskGaussian with straight-through estimator,3DGS,Mip-NeRF 360,average,27.3,0.808,0.232,,,1026000,,,,,,lambda_m = 0.0005 unless the row says smaller (0.0001) or larger (0.001)
maskgaussian_liu_cvpr2025,2412.20522,Table 6,8,ablation,MaskGaussian with Gumbel softmax,3DGS,Mip-NeRF 360,average,27.44,0.811,0.226,,,1520000,,,,,,lambda_m = 0.0005 unless the row says smaller (0.0001) or larger (0.001)
maskgaussian_liu_cvpr2025,2412.20522,Table 6,8,ablation,"MaskGaussian with Gumbel softmax, larger lambda_m",3DGS,Mip-NeRF 360,average,27.42,0.809,0.228,,,1171000,,,,,,lambda_m = 0.0005 unless the row says smaller (0.0001) or larger (0.001)
maskgaussian_liu_cvpr2025,2412.20522,Table 7,8,ablation,"MaskGaussian, mask x opacity, smaller lambda_m",3DGS,Mip-NeRF 360,average,27.37,0.808,0.229,,,1844000,,,,,,lambda_m = 0.0005 unless the row says smaller (0.0001) or larger (0.001)
maskgaussian_liu_cvpr2025,2412.20522,Table 7,8,ablation,"MaskGaussian, mask x opacity",3DGS,Mip-NeRF 360,average,27.05,0.801,0.245,,,866000,,,,,,lambda_m = 0.0005 unless the row says smaller (0.0001) or larger (0.001)
maskgaussian_liu_cvpr2025,2412.20522,Table 7,8,ablation,"MaskGaussian, masked rasterization",3DGS,Mip-NeRF 360,average,27.44,0.811,0.226,,,1520000,,,,,,lambda_m = 0.0005 unless the row says smaller (0.0001) or larger (0.001)
maskgaussian_liu_cvpr2025,2412.20522,Table 7,8,ablation,"MaskGaussian, masked rasterization, larger lambda_m",3DGS,Mip-NeRF 360,average,27.42,0.809,0.228,,,1171000,,,,,,lambda_m = 0.0005 unless the row says smaller (0.0001) or larger (0.001)
maskgaussian_liu_cvpr2025,2412.20522,Table 8,12,ablation,Compact3DGS with L1 masking loss,3DGS,Mip-NeRF 360,average,27.32,0.805,0.233,,,1533000,,,,,,
maskgaussian_liu_cvpr2025,2412.20522,Table 8,12,ablation,Compact3DGS with L1 masking loss,3DGS,Tanks and Temples,average,23.61,0.846,0.18,,,960000,,,,,,
maskgaussian_liu_cvpr2025,2412.20522,Table 8,12,ablation,Compact3DGS with L1 masking loss,3DGS,Deep Blending,average,29.58,0.903,0.248,,,1310000,,,,,,
maskgaussian_liu_cvpr2025,2412.20522,Table 8,12,ablation,Compact3DGS with L2 masking loss,3DGS,Mip-NeRF 360,average,27.33,0.805,0.231,,,1745000,,,,,,
maskgaussian_liu_cvpr2025,2412.20522,Table 8,12,ablation,Compact3DGS with L2 masking loss,3DGS,Tanks and Temples,average,23.69,0.846,0.18,,,1066000,,,,,,
maskgaussian_liu_cvpr2025,2412.20522,Table 8,12,ablation,Compact3DGS with L2 masking loss,3DGS,Deep Blending,average,29.58,0.904,0.246,,,1660000,,,,,,
maskgaussian_liu_cvpr2025,2412.20522,Table 8,12,ablation,MaskGaussian with L1 masking loss,3DGS,Mip-NeRF 360,average,27.42,0.811,0.225,,,1811000,,,,,,
maskgaussian_liu_cvpr2025,2412.20522,Table 8,12,ablation,MaskGaussian with L1 masking loss,3DGS,Tanks and Temples,average,23.56,0.845,0.179,,,900000,,,,,,
maskgaussian_liu_cvpr2025,2412.20522,Table 8,12,ablation,MaskGaussian with L1 masking loss,3DGS,Deep Blending,average,29.71,0.905,0.243,,,1208000,,,,,,
maskgaussian_liu_cvpr2025,2412.20522,Table 8,12,ablation,MaskGaussian with L2 masking loss,3DGS,Mip-NeRF 360,average,27.44,0.811,0.226,,,1520000,,,,,,
maskgaussian_liu_cvpr2025,2412.20522,Table 8,12,ablation,MaskGaussian with L2 masking loss,3DGS,Tanks and Temples,average,23.66,0.846,0.18,,,740000,,,,,,
maskgaussian_liu_cvpr2025,2412.20522,Table 8,12,ablation,MaskGaussian with L2 masking loss,3DGS,Deep Blending,average,29.76,0.907,0.244,,,913000,,,,,,
maskgaussian_liu_cvpr2025,2412.20522,Table 12,14,supplement,3DGS,3DGS,Mip-NeRF 360,bicycle,25.09,0.745,0.244,,,5700000,89.7,,,,,
maskgaussian_liu_cvpr2025,2412.20522,Table 12,14,supplement,3DGS,3DGS,Mip-NeRF 360,bonsai,32.29,0.946,0.179,,,1250000,332.6,,,,,
maskgaussian_liu_cvpr2025,2412.20522,Table 12,14,supplement,3DGS,3DGS,Mip-NeRF 360,counter,29.09,0.915,0.183,,,1160000,244.1,,,,,
maskgaussian_liu_cvpr2025,2412.20522,Table 12,14,supplement,3DGS,3DGS,Mip-NeRF 360,flowers,21.35,0.587,0.358,,,3470000,182.8,,,,,
maskgaussian_liu_cvpr2025,2412.20522,Table 12,14,supplement,3DGS,3DGS,Mip-NeRF 360,garden,27.38,0.857,0.122,,,5810000,100.9,,,,,
maskgaussian_liu_cvpr2025,2412.20522,Table 12,14,supplement,3DGS,3DGS,Mip-NeRF 360,kitchen,31.3,0.931,0.116,,,1750000,195.1,,,,,
maskgaussian_liu_cvpr2025,2412.20522,Table 12,14,supplement,3DGS,3DGS,Mip-NeRF 360,room,31.44,0.919,0.217,,,1560000,231.3,,,,,
maskgaussian_liu_cvpr2025,2412.20522,Table 12,14,supplement,3DGS,3DGS,Mip-NeRF 360,stump,26.59,0.767,0.244,,,4650000,148.8,,,,,
maskgaussian_liu_cvpr2025,2412.20522,Table 12,14,supplement,3DGS,3DGS,Mip-NeRF 360,treehill,22.53,0.633,0.347,,,3490000,164.8,,,,,
maskgaussian_liu_cvpr2025,2412.20522,Table 12,14,supplement,3DGS,3DGS,Mip-NeRF 360,average,27.45,0.811,0.223,,,3204000,187.7,,,,,
maskgaussian_liu_cvpr2025,2412.20522,Table 12,14,supplement,Compact3DGS,3DGS,Mip-NeRF 360,bicycle,24.8,0.729,0.264,,,2660000,146.8,,,,,
maskgaussian_liu_cvpr2025,2412.20522,Table 12,14,supplement,Compact3DGS,3DGS,Mip-NeRF 360,bonsai,32.23,0.946,0.181,,,660000,449.2,,,,,
maskgaussian_liu_cvpr2025,2412.20522,Table 12,14,supplement,Compact3DGS,3DGS,Mip-NeRF 360,counter,29.02,0.913,0.185,,,560000,337.4,,,,,
maskgaussian_liu_cvpr2025,2412.20522,Table 12,14,supplement,Compact3DGS,3DGS,Mip-NeRF 360,flowers,21.31,0.578,0.371,,,1690000,301.9,,,,,
maskgaussian_liu_cvpr2025,2412.20522,Table 12,14,supplement,Compact3DGS,3DGS,Mip-NeRF 360,garden,27.06,0.846,0.139,,,2460000,178.4,,,,,
maskgaussian_liu_cvpr2025,2412.20522,Table 12,14,supplement,Compact3DGS,3DGS,Mip-NeRF 360,kitchen,31.13,0.93,0.119,,,1070000,253.1,,,,,
maskgaussian_liu_cvpr2025,2412.20522,Table 12,14,supplement,Compact3DGS,3DGS,Mip-NeRF 360,room,31.45,0.917,0.223,,,580000,383.3,,,,,
maskgaussian_liu_cvpr2025,2412.20522,Table 12,14,supplement,Compact3DGS,3DGS,Mip-NeRF 360,stump,26.43,0.758,0.26,,,1970000,259.0,,,,,
maskgaussian_liu_cvpr2025,2412.20522,Table 12,14,supplement,Compact3DGS,3DGS,Mip-NeRF 360,treehill,22.45,0.628,0.354,,,2150000,220.6,,,,,
maskgaussian_liu_cvpr2025,2412.20522,Table 12,14,supplement,Compact3DGS,3DGS,Mip-NeRF 360,average,27.32,0.805,0.232,,,1533000,281.1,,,,,
maskgaussian_liu_cvpr2025,2412.20522,Table 12,14,supplement,RadSplat,3DGS,Mip-NeRF 360,bicycle,25.07,0.745,0.244,,,3850000,132.6,,,,,
maskgaussian_liu_cvpr2025,2412.20522,Table 12,14,supplement,RadSplat,3DGS,Mip-NeRF 360,bonsai,32.3,0.946,0.179,,,868000,411.0,,,,,
maskgaussian_liu_cvpr2025,2412.20522,Table 12,14,supplement,RadSplat,3DGS,Mip-NeRF 360,counter,29.08,0.915,0.183,,,778000,318.2,,,,,
maskgaussian_liu_cvpr2025,2412.20522,Table 12,14,supplement,RadSplat,3DGS,Mip-NeRF 360,flowers,21.38,0.588,0.359,,,2560000,228.6,,,,,
maskgaussian_liu_cvpr2025,2412.20522,Table 12,14,supplement,RadSplat,3DGS,Mip-NeRF 360,garden,27.31,0.856,0.123,,,4010000,139.3,,,,,
maskgaussian_liu_cvpr2025,2412.20522,Table 12,14,supplement,RadSplat,3DGS,Mip-NeRF 360,kitchen,31.49,0.932,0.116,,,1260000,244.8,,,,,
maskgaussian_liu_cvpr2025,2412.20522,Table 12,14,supplement,RadSplat,3DGS,Mip-NeRF 360,room,31.44,0.919,0.218,,,874000,347.3,,,,,
maskgaussian_liu_cvpr2025,2412.20522,Table 12,14,supplement,RadSplat,3DGS,Mip-NeRF 360,stump,26.58,0.768,0.244,,,2940000,199.1,,,,,
maskgaussian_liu_cvpr2025,2412.20522,Table 12,14,supplement,RadSplat,3DGS,Mip-NeRF 360,treehill,22.43,0.632,0.348,,,2520000,209.8,,,,,
maskgaussian_liu_cvpr2025,2412.20522,Table 12,14,supplement,RadSplat,3DGS,Mip-NeRF 360,average,27.45,0.811,0.223,,,2184000,247.8,,,,,
maskgaussian_liu_cvpr2025,2412.20522,Table 12,14,supplement,MaskGaussian-alpha,3DGS,Mip-NeRF 360,bicycle,25.08,0.746,0.248,,,2340000,200.5,,,,,
maskgaussian_liu_cvpr2025,2412.20522,Table 12,14,supplement,MaskGaussian-alpha,3DGS,Mip-NeRF 360,bonsai,31.9,0.944,0.184,,,353000,619.3,,,,,
maskgaussian_liu_cvpr2025,2412.20522,Table 12,14,supplement,MaskGaussian-alpha,3DGS,Mip-NeRF 360,counter,29.01,0.913,0.188,,,328000,492.1,,,,,
maskgaussian_liu_cvpr2025,2412.20522,Table 12,14,supplement,MaskGaussian-alpha,3DGS,Mip-NeRF 360,flowers,21.33,0.587,0.361,,,1410000,347.7,,,,,
maskgaussian_liu_cvpr2025,2412.20522,Table 12,14,supplement,MaskGaussian-alpha,3DGS,Mip-NeRF 360,garden,27.34,0.856,0.125,,,2130000,227.2,,,,,
maskgaussian_liu_cvpr2025,2412.20522,Table 12,14,supplement,MaskGaussian-alpha,3DGS,Mip-NeRF 360,kitchen,31.54,0.931,0.119,,,516000,435.0,,,,,
maskgaussian_liu_cvpr2025,2412.20522,Table 12,14,supplement,MaskGaussian-alpha,3DGS,Mip-NeRF 360,room,31.42,0.918,0.222,,,366000,542.0,,,,,
maskgaussian_liu_cvpr2025,2412.20522,Table 12,14,supplement,MaskGaussian-alpha,3DGS,Mip-NeRF 360,stump,26.67,0.77,0.244,,,1900000,289.2,,,,,
maskgaussian_liu_cvpr2025,2412.20522,Table 12,14,supplement,MaskGaussian-alpha,3DGS,Mip-NeRF 360,treehill,22.6,0.634,0.352,,,1510000,309.3,,,,,
maskgaussian_liu_cvpr2025,2412.20522,Table 12,14,supplement,MaskGaussian-alpha,3DGS,Mip-NeRF 360,average,27.43,0.811,0.227,,,1205000,384.7,,,,,
maskgaussian_liu_cvpr2025,2412.20522,Table 13,14,supplement,3DGS,3DGS,Tanks and Temples,train,22.06,0.815,0.206,,,1080000,296.6,,,,,
maskgaussian_liu_cvpr2025,2412.20522,Table 13,14,supplement,3DGS,3DGS,Tanks and Temples,truck,25.43,0.882,0.146,,,2570000,212.5,,,,,
maskgaussian_liu_cvpr2025,2412.20522,Table 13,14,supplement,3DGS,3DGS,Tanks and Temples,average,23.74,0.848,0.176,,,1825000,254.5,,,,,
maskgaussian_liu_cvpr2025,2412.20522,Table 13,14,supplement,3DGS,3DGS,Deep Blending,drjohnson,29.05,0.9,0.244,,,3300000,163.0,,,,,
maskgaussian_liu_cvpr2025,2412.20522,Table 13,14,supplement,3DGS,3DGS,Deep Blending,playroom,29.99,0.906,0.242,,,2330000,239.5,,,,,
maskgaussian_liu_cvpr2025,2412.20522,Table 13,14,supplement,3DGS,3DGS,Deep Blending,average,29.52,0.903,0.243,,,2815000,201.2,,,,,
maskgaussian_liu_cvpr2025,2412.20522,Table 13,14,supplement,Compact3DGS,3DGS,Tanks and Temples,train,21.89,0.812,0.21,,,810000,358.6,,,,,
maskgaussian_liu_cvpr2025,2412.20522,Table 13,14,supplement,Compact3DGS,3DGS,Tanks and Temples,truck,25.33,0.88,0.15,,,1110000,359.3,,,,,
maskgaussian_liu_cvpr2025,2412.20522,Table 13,14,supplement,Compact3DGS,3DGS,Tanks and Temples,average,23.61,0.846,0.18,,,960000,358.9,,,,,
maskgaussian_liu_cvpr2025,2412.20522,Table 13,14,supplement,Compact3DGS,3DGS,Deep Blending,drjohnson,29.14,0.9,0.248,,,1620000,293.3,,,,,
maskgaussian_liu_cvpr2025,2412.20522,Table 13,14,supplement,Compact3DGS,3DGS,Deep Blending,playroom,30.02,0.906,0.248,,,1000000,439.1,,,,,
maskgaussian_liu_cvpr2025,2412.20522,Table 13,14,supplement,Compact3DGS,3DGS,Deep Blending,average,29.58,0.903,0.248,,,1310000,366.2,,,,,
maskgaussian_liu_cvpr2025,2412.20522,Table 13,14,supplement,RadSplat,3DGS,Tanks and Temples,train,21.81,0.813,0.208,,,737000,433.5,,,,,
maskgaussian_liu_cvpr2025,2412.20522,Table 13,14,supplement,RadSplat,3DGS,Tanks and Temples,truck,25.4,0.882,0.147,,,1370000,359.4,,,,,
maskgaussian_liu_cvpr2025,2412.20522,Table 13,14,supplement,RadSplat,3DGS,Tanks and Temples,average,23.605,0.847,0.177,,,1053000,396.4,,,,,
maskgaussian_liu_cvpr2025,2412.20522,Table 13,14,supplement,RadSplat,3DGS,Deep Blending,drjohnson,29.06,0.9,0.244,,,1750000,296.9,,,,,
maskgaussian_liu_cvpr2025,2412.20522,Table 13,14,supplement,RadSplat,3DGS,Deep Blending,playroom,30.04,0.907,0.243,,,1280000,393.7,,,,,
maskgaussian_liu_cvpr2025,2412.20522,Table 13,14,supplement,RadSplat,3DGS,Deep Blending,average,29.55,0.903,0.243,,,1515000,345.3,,,,,
maskgaussian_liu_cvpr2025,2412.20522,Table 13,14,supplement,MaskGaussian-alpha,3DGS,Tanks and Temples,train,22.01,0.812,0.214,,,402000,607.0,,,,,
maskgaussian_liu_cvpr2025,2412.20522,Table 13,14,supplement,MaskGaussian-alpha,3DGS,Tanks and Temples,truck,25.43,0.882,0.148,,,779000,509.7,,,,,
maskgaussian_liu_cvpr2025,2412.20522,Table 13,14,supplement,MaskGaussian-alpha,3DGS,Tanks and Temples,average,23.72,0.847,0.181,,,590000,558.3,,,,,
maskgaussian_liu_cvpr2025,2412.20522,Table 13,14,supplement,MaskGaussian-alpha,3DGS,Deep Blending,drjohnson,29.21,0.904,0.244,,,880000,466.1,,,,,
maskgaussian_liu_cvpr2025,2412.20522,Table 13,14,supplement,MaskGaussian-alpha,3DGS,Deep Blending,playroom,30.18,0.91,0.245,,,508000,598.7,,,,,
maskgaussian_liu_cvpr2025,2412.20522,Table 13,14,supplement,MaskGaussian-alpha,3DGS,Deep Blending,average,29.695,0.907,0.244,,,694000,532.4,,,,,
mini_splatting_fang_eccv2024,2403.14166,Table 1,11,main,Plenoxels,Plenoxels,Mip-NeRF 360,average,23.08,0.626,0.463,,,,,,,,,"""Num"" is the Gaussian count in millions; no MB column is reported. Mini-Splatting-C, the storage-compressed variant, appears only as a rate-distortion curve in Fig. 9, not as a table"
mini_splatting_fang_eccv2024,2403.14166,Table 1,11,main,Plenoxels,Plenoxels,Tanks and Temples,average,21.08,0.719,0.379,,,,,,,,,"""Num"" is the Gaussian count in millions; no MB column is reported. Mini-Splatting-C, the storage-compressed variant, appears only as a rate-distortion curve in Fig. 9, not as a table"
mini_splatting_fang_eccv2024,2403.14166,Table 1,11,main,Plenoxels,Plenoxels,Deep Blending,average,23.06,0.795,0.51,,,,,,,,,"""Num"" is the Gaussian count in millions; no MB column is reported. Mini-Splatting-C, the storage-compressed variant, appears only as a rate-distortion curve in Fig. 9, not as a table"
mini_splatting_fang_eccv2024,2403.14166,Table 1,11,main,INGP-Big,Instant-NGP,Mip-NeRF 360,average,25.59,0.699,0.331,,,,,,,,,"""Num"" is the Gaussian count in millions; no MB column is reported. Mini-Splatting-C, the storage-compressed variant, appears only as a rate-distortion curve in Fig. 9, not as a table"
mini_splatting_fang_eccv2024,2403.14166,Table 1,11,main,INGP-Big,Instant-NGP,Tanks and Temples,average,21.92,0.745,0.305,,,,,,,,,"""Num"" is the Gaussian count in millions; no MB column is reported. Mini-Splatting-C, the storage-compressed variant, appears only as a rate-distortion curve in Fig. 9, not as a table"
mini_splatting_fang_eccv2024,2403.14166,Table 1,11,main,INGP-Big,Instant-NGP,Deep Blending,average,24.96,0.817,0.39,,,,,,,,,"""Num"" is the Gaussian count in millions; no MB column is reported. Mini-Splatting-C, the storage-compressed variant, appears only as a rate-distortion curve in Fig. 9, not as a table"
mini_splatting_fang_eccv2024,2403.14166,Table 1,11,main,Mip-NeRF 360,NeRF,Mip-NeRF 360,average,27.69,0.792,0.237,,,,,,,,,"""Num"" is the Gaussian count in millions; no MB column is reported. Mini-Splatting-C, the storage-compressed variant, appears only as a rate-distortion curve in Fig. 9, not as a table"
mini_splatting_fang_eccv2024,2403.14166,Table 1,11,main,Mip-NeRF 360,NeRF,Tanks and Temples,average,22.22,0.759,0.257,,,,,,,,,"""Num"" is the Gaussian count in millions; no MB column is reported. Mini-Splatting-C, the storage-compressed variant, appears only as a rate-distortion curve in Fig. 9, not as a table"
mini_splatting_fang_eccv2024,2403.14166,Table 1,11,main,Mip-NeRF 360,NeRF,Deep Blending,average,29.4,0.901,0.245,,,,,,,,,"""Num"" is the Gaussian count in millions; no MB column is reported. Mini-Splatting-C, the storage-compressed variant, appears only as a rate-distortion curve in Fig. 9, not as a table"
mini_splatting_fang_eccv2024,2403.14166,Table 1,11,main,Zip-NeRF,NeRF,Mip-NeRF 360,average,28.54,0.828,0.189,,,,,,,,,"""Num"" is the Gaussian count in millions; no MB column is reported. Mini-Splatting-C, the storage-compressed variant, appears only as a rate-distortion curve in Fig. 9, not as a table"
mini_splatting_fang_eccv2024,2403.14166,Table 1,11,main,3DGS (as reported),3DGS,Mip-NeRF 360,average,27.21,0.815,0.214,,,3360000,,,,,,"""Num"" is the Gaussian count in millions; no MB column is reported. Mini-Splatting-C, the storage-compressed variant, appears only as a rate-distortion curve in Fig. 9, not as a table"
mini_splatting_fang_eccv2024,2403.14166,Table 1,11,main,3DGS (as reported),3DGS,Tanks and Temples,average,23.14,0.841,0.183,,,1780000,,,,,,"""Num"" is the Gaussian count in millions; no MB column is reported. Mini-Splatting-C, the storage-compressed variant, appears only as a rate-distortion curve in Fig. 9, not as a table"
mini_splatting_fang_eccv2024,2403.14166,Table 1,11,main,3DGS (as reported),3DGS,Deep Blending,average,29.41,0.903,0.243,,,2980000,,,,,,"""Num"" is the Gaussian count in millions; no MB column is reported. Mini-Splatting-C, the storage-compressed variant, appears only as a rate-distortion curve in Fig. 9, not as a table"
mini_splatting_fang_eccv2024,2403.14166,Table 1,11,main,3DGS (retrained by the authors),3DGS,Mip-NeRF 360,average,27.47,0.815,0.216,,,3350000,,,,,,"""Num"" is the Gaussian count in millions; no MB column is reported. Mini-Splatting-C, the storage-compressed variant, appears only as a rate-distortion curve in Fig. 9, not as a table"
mini_splatting_fang_eccv2024,2403.14166,Table 1,11,main,3DGS (retrained by the authors),3DGS,Tanks and Temples,average,23.66,0.848,0.176,,,1840000,,,,,,"""Num"" is the Gaussian count in millions; no MB column is reported. Mini-Splatting-C, the storage-compressed variant, appears only as a rate-distortion curve in Fig. 9, not as a table"
mini_splatting_fang_eccv2024,2403.14166,Table 1,11,main,3DGS (retrained by the authors),3DGS,Deep Blending,average,29.54,0.904,0.244,,,2820000,,,,,,"""Num"" is the Gaussian count in millions; no MB column is reported. Mini-Splatting-C, the storage-compressed variant, appears only as a rate-distortion curve in Fig. 9, not as a table"
mini_splatting_fang_eccv2024,2403.14166,Table 1,11,main,Mini-Splatting-D,3DGS,Mip-NeRF 360,average,27.51,0.831,0.176,,,4690000,,,,,,"""Num"" is the Gaussian count in millions; no MB column is reported. Mini-Splatting-C, the storage-compressed variant, appears only as a rate-distortion curve in Fig. 9, not as a table"
mini_splatting_fang_eccv2024,2403.14166,Table 1,11,main,Mini-Splatting-D,3DGS,Tanks and Temples,average,23.23,0.853,0.14,,,4280000,,,,,,"""Num"" is the Gaussian count in millions; no MB column is reported. Mini-Splatting-C, the storage-compressed variant, appears only as a rate-distortion curve in Fig. 9, not as a table"
mini_splatting_fang_eccv2024,2403.14166,Table 1,11,main,Mini-Splatting-D,3DGS,Deep Blending,average,29.88,0.906,0.211,,,4630000,,,,,,"""Num"" is the Gaussian count in millions; no MB column is reported. Mini-Splatting-C, the storage-compressed variant, appears only as a rate-distortion curve in Fig. 9, not as a table"
mini_splatting_fang_eccv2024,2403.14166,Table 1,11,main,Mini-Splatting,3DGS,Mip-NeRF 360,average,27.34,0.822,0.217,,,490000,,,,,,"""Num"" is the Gaussian count in millions; no MB column is reported. Mini-Splatting-C, the storage-compressed variant, appears only as a rate-distortion curve in Fig. 9, not as a table"
mini_splatting_fang_eccv2024,2403.14166,Table 1,11,main,Mini-Splatting,3DGS,Tanks and Temples,average,23.18,0.835,0.202,,,200000,,,,,,"""Num"" is the Gaussian count in millions; no MB column is reported. Mini-Splatting-C, the storage-compressed variant, appears only as a rate-distortion curve in Fig. 9, not as a table"
mini_splatting_fang_eccv2024,2403.14166,Table 1,11,main,Mini-Splatting,3DGS,Deep Blending,average,29.98,0.908,0.253,,,350000,,,,,,"""Num"" is the Gaussian count in millions; no MB column is reported. Mini-Splatting-C, the storage-compressed variant, appears only as a rate-distortion curve in Fig. 9, not as a table"
mini_splatting_fang_eccv2024,2403.14166,Table 2,13,main,3DGS,3DGS,Mip-NeRF 360,average (outdoor),,,,,,4860000,98,1808,,,,"Mip-NeRF 360 outdoor split; training peak memory 7.45GB, rendering peak memory 2.79GB; RTX 3090 unless the method name says otherwise"
mini_splatting_fang_eccv2024,2403.14166,Table 2,13,main,3DGS,3DGS,Mip-NeRF 360,average (indoor),,,,,,1460000,151,1481,,,,"Mip-NeRF 360 indoor split; training peak memory 2.75GB, rendering peak memory 1.07GB; RTX 3090 unless the method name says otherwise"
mini_splatting_fang_eccv2024,2403.14166,Table 2,13,main,Mini-Splatting-D,3DGS,Mip-NeRF 360,average (outdoor),,,,,,5400000,83,1908,,,,"Mip-NeRF 360 outdoor split; training peak memory 7.45GB, rendering peak memory 3.12GB; RTX 3090 unless the method name says otherwise"
mini_splatting_fang_eccv2024,2403.14166,Table 2,13,main,Mini-Splatting-D,3DGS,Mip-NeRF 360,average (indoor),,,,,,3800000,83,2413,,,,"Mip-NeRF 360 indoor split; training peak memory 5.55GB, rendering peak memory 2.46GB; RTX 3090 unless the method name says otherwise"
mini_splatting_fang_eccv2024,2403.14166,Table 2,13,main,Mini-Splatting,3DGS,Mip-NeRF 360,average (outdoor),,,,,,570000,410,1076,,,,"Mip-NeRF 360 outdoor split; training peak memory 2.61GB, rendering peak memory 0.40GB; RTX 3090 unless the method name says otherwise"
mini_splatting_fang_eccv2024,2403.14166,Table 2,13,main,Mini-Splatting,3DGS,Mip-NeRF 360,average (indoor),,,,,,400000,362,1622,,,,"Mip-NeRF 360 indoor split; training peak memory 2.77GB, rendering peak memory 0.35GB; RTX 3090 unless the method name says otherwise"
mini_splatting_fang_eccv2024,2403.14166,Table 2,13,main,Mini-Splatting (GTX 1060 6G),3DGS,Mip-NeRF 360,average (outdoor),,,,,,570000,64,6071,,,,"Mip-NeRF 360 outdoor split; training peak memory 2.61GB, rendering peak memory 0.40GB; RTX 3090 unless the method name says otherwise"
mini_splatting_fang_eccv2024,2403.14166,Table 2,13,main,Mini-Splatting (GTX 1060 6G),3DGS,Mip-NeRF 360,average (indoor),,,,,,400000,40,9240,,,,"Mip-NeRF 360 indoor split; training peak memory 2.82GB, rendering peak memory 0.35GB; RTX 3090 unless the method name says otherwise"
mini_splatting_fang_eccv2024,2403.14166,Table 3,14,ablation,3DGS baseline,3DGS,Mip-NeRF 360,average,27.47,0.815,0.216,,,3350000,,,,,,
mini_splatting_fang_eccv2024,2403.14166,Table 3,14,ablation,+ blur split,3DGS,Mip-NeRF 360,average,27.47,0.819,0.195,,,3740000,,,,,,
mini_splatting_fang_eccv2024,2403.14166,Table 3,14,ablation,+ depth reinitialization (Mini-Splatting-D),3DGS,Mip-NeRF 360,average,27.54,0.832,0.175,,,4320000,,,,,,
mini_splatting_fang_eccv2024,2403.14166,Table 4,14,ablation,depth reinit from blending depth,3DGS,Mip-NeRF 360,average,17.67,0.513,0.475,,,4010000,,,,,,
mini_splatting_fang_eccv2024,2403.14166,Table 4,14,ablation,depth reinit from Gaussian center,3DGS,Mip-NeRF 360,average,27.57,0.832,0.176,,,4700000,,,,,,
mini_splatting_fang_eccv2024,2403.14166,Table 4,14,ablation,depth reinit from mid-point,3DGS,Mip-NeRF 360,average,27.54,0.832,0.175,,,4690000,,,,,,
mini_splatting_fang_eccv2024,2403.14166,Table 5,17,ablation,3DGS,3DGS,Mip-NeRF 360,average,27.47,0.815,0.216,,,3350000,,,,,,sparse initialization
mini_splatting_fang_eccv2024,2403.14166,Table 5,17,ablation,3DGS,3DGS,Mip-NeRF 360,average,27.78,0.831,0.18,,,4400000,,,,,,dense initialization
mini_splatting_fang_eccv2024,2403.14166,Table 5,17,ablation,Mini-Splatting-D,3DGS,Mip-NeRF 360,average,27.54,0.832,0.175,,,4690000,,,,,,sparse initialization
mini_splatting_fang_eccv2024,2403.14166,Table 5,17,ablation,Mini-Splatting-D,3DGS,Mip-NeRF 360,average,27.76,0.838,0.171,,,4710000,,,,,,dense initialization
mini_splatting_fang_eccv2024,2403.14166,Table 5,17,ablation,Mini-Splatting,3DGS,Mip-NeRF 360,average,27.22,0.822,0.218,,,480000,,,,,,sparse initialization
mini_splatting_fang_eccv2024,2403.14166,Table 5,17,ablation,Mini-Splatting,3DGS,Mip-NeRF 360,average,27.31,0.825,0.215,,,480000,,,,,,dense initialization
mini_splatting_fang_eccv2024,2403.14166,Table 6,23,supplement,Mip-NeRF 360 [2],NeRF,Mip-NeRF 360,bicycle,24.4,0.693,0.289,,,,,,,,,per-scene; no size or Gaussian count reported per scene
mini_splatting_fang_eccv2024,2403.14166,Table 6,23,supplement,Mip-NeRF 360 [2],NeRF,Mip-NeRF 360,flowers,21.64,0.583,0.345,,,,,,,,,per-scene; no size or Gaussian count reported per scene
mini_splatting_fang_eccv2024,2403.14166,Table 6,23,supplement,Mip-NeRF 360 [2],NeRF,Mip-NeRF 360,garden,26.94,0.816,0.164,,,,,,,,,per-scene; no size or Gaussian count reported per scene
mini_splatting_fang_eccv2024,2403.14166,Table 6,23,supplement,Mip-NeRF 360 [2],NeRF,Mip-NeRF 360,stump,26.36,0.746,0.254,,,,,,,,,per-scene; no size or Gaussian count reported per scene
mini_splatting_fang_eccv2024,2403.14166,Table 6,23,supplement,Mip-NeRF 360 [2],NeRF,Mip-NeRF 360,treehill,22.81,0.632,0.338,,,,,,,,,per-scene; no size or Gaussian count reported per scene
mini_splatting_fang_eccv2024,2403.14166,Table 6,23,supplement,Mip-NeRF 360 [2],NeRF,Mip-NeRF 360,room,31.4,0.913,0.211,,,,,,,,,per-scene; no size or Gaussian count reported per scene
mini_splatting_fang_eccv2024,2403.14166,Table 6,23,supplement,Mip-NeRF 360 [2],NeRF,Mip-NeRF 360,counter,29.44,0.895,0.203,,,,,,,,,per-scene; no size or Gaussian count reported per scene
mini_splatting_fang_eccv2024,2403.14166,Table 6,23,supplement,Mip-NeRF 360 [2],NeRF,Mip-NeRF 360,kitchen,32.02,0.92,0.126,,,,,,,,,per-scene; no size or Gaussian count reported per scene
mini_splatting_fang_eccv2024,2403.14166,Table 6,23,supplement,Mip-NeRF 360 [2],NeRF,Mip-NeRF 360,bonsai,33.11,0.939,0.177,,,,,,,,,per-scene; no size or Gaussian count reported per scene
mini_splatting_fang_eccv2024,2403.14166,Table 6,23,supplement,Mip-NeRF 360 [2],NeRF,Tanks and Temples,truck,24.91,0.857,0.159,,,,,,,,,per-scene; no size or Gaussian count reported per scene
mini_splatting_fang_eccv2024,2403.14166,Table 6,23,supplement,Mip-NeRF 360 [2],NeRF,Tanks and Temples,train,19.52,0.66,0.354,,,,,,,,,per-scene; no size or Gaussian count reported per scene
mini_splatting_fang_eccv2024,2403.14166,Table 6,23,supplement,Mip-NeRF 360 [2],NeRF,Deep Blending,drjohnson,29.14,0.901,0.237,,,,,,,,,per-scene; no size or Gaussian count reported per scene
mini_splatting_fang_eccv2024,2403.14166,Table 6,23,supplement,Mip-NeRF 360 [2],NeRF,Deep Blending,playroom,29.66,0.9,0.252,,,,,,,,,per-scene; no size or Gaussian count reported per scene
mini_splatting_fang_eccv2024,2403.14166,Table 6,23,supplement,Zip-NeRF,NeRF,Mip-NeRF 360,bicycle,25.8,0.769,0.208,,,,,,,,,per-scene; no size or Gaussian count reported per scene
mini_splatting_fang_eccv2024,2403.14166,Table 6,23,supplement,Zip-NeRF,NeRF,Mip-NeRF 360,flowers,22.4,0.642,0.273,,,,,,,,,per-scene; no size or Gaussian count reported per scene
mini_splatting_fang_eccv2024,2403.14166,Table 6,23,supplement,Zip-NeRF,NeRF,Mip-NeRF 360,garden,28.2,0.86,0.118,,,,,,,,,per-scene; no size or Gaussian count reported per scene
mini_splatting_fang_eccv2024,2403.14166,Table 6,23,supplement,Zip-NeRF,NeRF,Mip-NeRF 360,stump,27.55,0.8,0.193,,,,,,,,,per-scene; no size or Gaussian count reported per scene
mini_splatting_fang_eccv2024,2403.14166,Table 6,23,supplement,Zip-NeRF,NeRF,Mip-NeRF 360,treehill,23.89,0.681,0.242,,,,,,,,,per-scene; no size or Gaussian count reported per scene
mini_splatting_fang_eccv2024,2403.14166,Table 6,23,supplement,Zip-NeRF,NeRF,Mip-NeRF 360,room,32.65,0.925,0.196,,,,,,,,,per-scene; no size or Gaussian count reported per scene
mini_splatting_fang_eccv2024,2403.14166,Table 6,23,supplement,Zip-NeRF,NeRF,Mip-NeRF 360,counter,29.38,0.902,0.185,,,,,,,,,per-scene; no size or Gaussian count reported per scene
mini_splatting_fang_eccv2024,2403.14166,Table 6,23,supplement,Zip-NeRF,NeRF,Mip-NeRF 360,kitchen,32.5,0.928,0.116,,,,,,,,,per-scene; no size or Gaussian count reported per scene
mini_splatting_fang_eccv2024,2403.14166,Table 6,23,supplement,Zip-NeRF,NeRF,Mip-NeRF 360,bonsai,34.46,0.949,0.173,,,,,,,,,per-scene; no size or Gaussian count reported per scene
mini_splatting_fang_eccv2024,2403.14166,Table 6,23,supplement,3DGS (as reported),3DGS,Mip-NeRF 360,bicycle,25.25,0.771,0.205,,,,,,,,,per-scene; no size or Gaussian count reported per scene
mini_splatting_fang_eccv2024,2403.14166,Table 6,23,supplement,3DGS (as reported),3DGS,Mip-NeRF 360,flowers,21.52,0.605,0.336,,,,,,,,,per-scene; no size or Gaussian count reported per scene
mini_splatting_fang_eccv2024,2403.14166,Table 6,23,supplement,3DGS (as reported),3DGS,Mip-NeRF 360,garden,27.41,0.868,0.103,,,,,,,,,per-scene; no size or Gaussian count reported per scene
mini_splatting_fang_eccv2024,2403.14166,Table 6,23,supplement,3DGS (as reported),3DGS,Mip-NeRF 360,stump,26.55,0.775,0.21,,,,,,,,,per-scene; no size or Gaussian count reported per scene
mini_splatting_fang_eccv2024,2403.14166,Table 6,23,supplement,3DGS (as reported),3DGS,Mip-NeRF 360,treehill,22.49,0.638,0.317,,,,,,,,,per-scene; no size or Gaussian count reported per scene
mini_splatting_fang_eccv2024,2403.14166,Table 6,23,supplement,3DGS (as reported),3DGS,Mip-NeRF 360,room,30.63,0.914,0.22,,,,,,,,,per-scene; no size or Gaussian count reported per scene
mini_splatting_fang_eccv2024,2403.14166,Table 6,23,supplement,3DGS (as reported),3DGS,Mip-NeRF 360,counter,28.7,0.905,0.204,,,,,,,,,per-scene; no size or Gaussian count reported per scene
mini_splatting_fang_eccv2024,2403.14166,Table 6,23,supplement,3DGS (as reported),3DGS,Mip-NeRF 360,kitchen,30.32,0.922,0.129,,,,,,,,,per-scene; no size or Gaussian count reported per scene
mini_splatting_fang_eccv2024,2403.14166,Table 6,23,supplement,3DGS (as reported),3DGS,Mip-NeRF 360,bonsai,31.98,0.938,0.205,,,,,,,,,per-scene; no size or Gaussian count reported per scene
mini_splatting_fang_eccv2024,2403.14166,Table 6,23,supplement,3DGS (as reported),3DGS,Tanks and Temples,truck,25.19,0.879,0.148,,,,,,,,,per-scene; no size or Gaussian count reported per scene
mini_splatting_fang_eccv2024,2403.14166,Table 6,23,supplement,3DGS (as reported),3DGS,Tanks and Temples,train,21.1,0.802,0.218,,,,,,,,,per-scene; no size or Gaussian count reported per scene
mini_splatting_fang_eccv2024,2403.14166,Table 6,23,supplement,3DGS (as reported),3DGS,Deep Blending,drjohnson,28.77,0.899,0.244,,,,,,,,,per-scene; no size or Gaussian count reported per scene
mini_splatting_fang_eccv2024,2403.14166,Table 6,23,supplement,3DGS (as reported),3DGS,Deep Blending,playroom,30.04,0.906,0.241,,,,,,,,,per-scene; no size or Gaussian count reported per scene
mini_splatting_fang_eccv2024,2403.14166,Table 6,23,supplement,3DGS (retrained by the authors),3DGS,Mip-NeRF 360,bicycle,25.19,0.764,0.21,,,,,,,,,per-scene; no size or Gaussian count reported per scene
mini_splatting_fang_eccv2024,2403.14166,Table 6,23,supplement,3DGS (retrained by the authors),3DGS,Mip-NeRF 360,flowers,21.55,0.605,0.336,,,,,,,,,per-scene; no size or Gaussian count reported per scene
mini_splatting_fang_eccv2024,2403.14166,Table 6,23,supplement,3DGS (retrained by the authors),3DGS,Mip-NeRF 360,garden,27.41,0.867,0.107,,,,,,,,,per-scene; no size or Gaussian count reported per scene
mini_splatting_fang_eccv2024,2403.14166,Table 6,23,supplement,3DGS (retrained by the authors),3DGS,Mip-NeRF 360,stump,26.59,0.772,0.217,,,,,,,,,per-scene; no size or Gaussian count reported per scene
mini_splatting_fang_eccv2024,2403.14166,Table 6,23,supplement,3DGS (retrained by the authors),3DGS,Mip-NeRF 360,treehill,22.47,0.632,0.325,,,,,,,,,per-scene; no size or Gaussian count reported per scene
mini_splatting_fang_eccv2024,2403.14166,Table 6,23,supplement,3DGS (retrained by the authors),3DGS,Mip-NeRF 360,room,31.46,0.919,0.219,,,,,,,,,per-scene; no size or Gaussian count reported per scene
mini_splatting_fang_eccv2024,2403.14166,Table 6,23,supplement,3DGS (retrained by the authors),3DGS,Mip-NeRF 360,counter,29.03,0.909,0.2,,,,,,,,,per-scene; no size or Gaussian count reported per scene
mini_splatting_fang_eccv2024,2403.14166,Table 6,23,supplement,3DGS (retrained by the authors),3DGS,Mip-NeRF 360,kitchen,31.27,0.927,0.126,,,,,,,,,per-scene; no size or Gaussian count reported per scene
mini_splatting_fang_eccv2024,2403.14166,Table 6,23,supplement,3DGS (retrained by the authors),3DGS,Mip-NeRF 360,bonsai,32.24,0.942,0.203,,,,,,,,,per-scene; no size or Gaussian count reported per scene
mini_splatting_fang_eccv2024,2403.14166,Table 6,23,supplement,3DGS (retrained by the authors),3DGS,Tanks and Temples,truck,25.43,0.882,0.146,,,,,,,,,per-scene; no size or Gaussian count reported per scene
mini_splatting_fang_eccv2024,2403.14166,Table 6,23,supplement,3DGS (retrained by the authors),3DGS,Tanks and Temples,train,21.9,0.814,0.207,,,,,,,,,per-scene; no size or Gaussian count reported per scene
mini_splatting_fang_eccv2024,2403.14166,Table 6,23,supplement,3DGS (retrained by the authors),3DGS,Deep Blending,drjohnson,29.12,0.9,0.244,,,,,,,,,per-scene; no size or Gaussian count reported per scene
mini_splatting_fang_eccv2024,2403.14166,Table 6,23,supplement,3DGS (retrained by the authors),3DGS,Deep Blending,playroom,29.95,0.907,0.243,,,,,,,,,per-scene; no size or Gaussian count reported per scene
mini_splatting_fang_eccv2024,2403.14166,Table 6,23,supplement,Mini-Splatting-D,3DGS,Mip-NeRF 360,bicycle,25.55,0.798,0.158,,,,,,,,,per-scene; no size or Gaussian count reported per scene
mini_splatting_fang_eccv2024,2403.14166,Table 6,23,supplement,Mini-Splatting-D,3DGS,Mip-NeRF 360,flowers,21.5,0.642,0.255,,,,,,,,,per-scene; no size or Gaussian count reported per scene
mini_splatting_fang_eccv2024,2403.14166,Table 6,23,supplement,Mini-Splatting-D,3DGS,Mip-NeRF 360,garden,27.67,0.878,0.09,,,,,,,,,per-scene; no size or Gaussian count reported per scene
mini_splatting_fang_eccv2024,2403.14166,Table 6,23,supplement,Mini-Splatting-D,3DGS,Mip-NeRF 360,stump,27.11,0.804,0.169,,,,,,,,,per-scene; no size or Gaussian count reported per scene
mini_splatting_fang_eccv2024,2403.14166,Table 6,23,supplement,Mini-Splatting-D,3DGS,Mip-NeRF 360,treehill,22.13,0.64,0.262,,,,,,,,,per-scene; no size or Gaussian count reported per scene
mini_splatting_fang_eccv2024,2403.14166,Table 6,23,supplement,Mini-Splatting-D,3DGS,Mip-NeRF 360,room,31.41,0.928,0.19,,,,,,,,,per-scene; no size or Gaussian count reported per scene
mini_splatting_fang_eccv2024,2403.14166,Table 6,23,supplement,Mini-Splatting-D,3DGS,Mip-NeRF 360,counter,28.72,0.913,0.172,,,,,,,,,per-scene; no size or Gaussian count reported per scene
mini_splatting_fang_eccv2024,2403.14166,Table 6,23,supplement,Mini-Splatting-D,3DGS,Mip-NeRF 360,kitchen,31.75,0.934,0.114,,,,,,,,,per-scene; no size or Gaussian count reported per scene
mini_splatting_fang_eccv2024,2403.14166,Table 6,23,supplement,Mini-Splatting-D,3DGS,Mip-NeRF 360,bonsai,31.72,0.946,0.175,,,,,,,,,per-scene; no size or Gaussian count reported per scene
mini_splatting_fang_eccv2024,2403.14166,Table 6,23,supplement,Mini-Splatting-D,3DGS,Tanks and Temples,truck,25.43,0.89,0.1,,,,,,,,,per-scene; no size or Gaussian count reported per scene
mini_splatting_fang_eccv2024,2403.14166,Table 6,23,supplement,Mini-Splatting-D,3DGS,Tanks and Temples,train,21.04,0.817,0.181,,,,,,,,,per-scene; no size or Gaussian count reported per scene
mini_splatting_fang_eccv2024,2403.14166,Table 6,23,supplement,Mini-Splatting-D,3DGS,Deep Blending,drjohnson,29.32,0.905,0.218,,,,,,,,,per-scene; no size or Gaussian count reported per scene
mini_splatting_fang_eccv2024,2403.14166,Table 6,23,supplement,Mini-Splatting-D,3DGS,Deep Blending,playroom,30.43,0.908,0.204,,,,,,,,,per-scene; no size or Gaussian count reported per scene
mini_splatting_fang_eccv2024,2403.14166,Table 6,23,supplement,Mini-Splatting,3DGS,Mip-NeRF 360,bicycle,25.15,0.772,0.225,,,,,,,,,per-scene; no size or Gaussian count reported per scene
mini_splatting_fang_eccv2024,2403.14166,Table 6,23,supplement,Mini-Splatting,3DGS,Mip-NeRF 360,flowers,21.58,0.626,0.327,,,,,,,,,per-scene; no size or Gaussian count reported per scene
mini_splatting_fang_eccv2024,2403.14166,Table 6,23,supplement,Mini-Splatting,3DGS,Mip-NeRF 360,garden,26.84,0.847,0.15,,,,,,,,,per-scene; no size or Gaussian count reported per scene
mini_splatting_fang_eccv2024,2403.14166,Table 6,23,supplement,Mini-Splatting,3DGS,Mip-NeRF 360,stump,27.26,0.806,0.199,,,,,,,,,per-scene; no size or Gaussian count reported per scene
mini_splatting_fang_eccv2024,2403.14166,Table 6,23,supplement,Mini-Splatting,3DGS,Mip-NeRF 360,treehill,22.72,0.654,0.312,,,,,,,,,per-scene; no size or Gaussian count reported per scene
mini_splatting_fang_eccv2024,2403.14166,Table 6,23,supplement,Mini-Splatting,3DGS,Mip-NeRF 360,room,31.39,0.921,0.211,,,,,,,,,per-scene; no size or Gaussian count reported per scene
mini_splatting_fang_eccv2024,2403.14166,Table 6,23,supplement,Mini-Splatting,3DGS,Mip-NeRF 360,counter,28.41,0.904,0.199,,,,,,,,,per-scene; no size or Gaussian count reported per scene
mini_splatting_fang_eccv2024,2403.14166,Table 6,23,supplement,Mini-Splatting,3DGS,Mip-NeRF 360,kitchen,31.17,0.926,0.13,,,,,,,,,per-scene; no size or Gaussian count reported per scene
mini_splatting_fang_eccv2024,2403.14166,Table 6,23,supplement,Mini-Splatting,3DGS,Mip-NeRF 360,bonsai,31.57,0.94,0.199,,,,,,,,,per-scene; no size or Gaussian count reported per scene
mini_splatting_fang_eccv2024,2403.14166,Table 6,23,supplement,Mini-Splatting,3DGS,Tanks and Temples,truck,25.09,0.874,0.159,,,,,,,,,per-scene; no size or Gaussian count reported per scene
mini_splatting_fang_eccv2024,2403.14166,Table 6,23,supplement,Mini-Splatting,3DGS,Tanks and Temples,train,21.28,0.796,0.245,,,,,,,,,per-scene; no size or Gaussian count reported per scene
mini_splatting_fang_eccv2024,2403.14166,Table 6,23,supplement,Mini-Splatting,3DGS,Deep Blending,drjohnson,29.47,0.904,0.257,,,,,,,,,per-scene; no size or Gaussian count reported per scene
mini_splatting_fang_eccv2024,2403.14166,Table 6,23,supplement,Mini-Splatting,3DGS,Deep Blending,playroom,30.49,0.912,0.25,,,,,,,,,per-scene; no size or Gaussian count reported per scene
pup_3dgs_hanson_cvpr2025,2406.10219,Table 2,6,main,3D-GS,3DGS,Mip-NeRF 360,average,27.47,0.8123,0.2216,746.46,MB,,64.07,,,,,"two rounds of prune-refine, 80% then 50% of the remaining, for 90% total; final sizes are matched between methods by construction; RTX A4000"
pup_3dgs_hanson_cvpr2025,2406.10219,Table 2,6,main,LightGaussian,3DGS,Mip-NeRF 360,average,26.28,0.7622,0.3054,74.65,MB,,162.12,,,,,"two rounds of prune-refine, 80% then 50% of the remaining, for 90% total; final sizes are matched between methods by construction; RTX A4000"
pup_3dgs_hanson_cvpr2025,2406.10219,Table 2,6,main,PUP 3D-GS,3DGS,Mip-NeRF 360,average,26.67,0.7862,0.2719,74.65,MB,,204.81,,,,,"two rounds of prune-refine, 80% then 50% of the remaining, for 90% total; final sizes are matched between methods by construction; RTX A4000"
pup_3dgs_hanson_cvpr2025,2406.10219,Table 2,6,main,3D-GS,3DGS,Tanks and Temples,average,23.77,0.8458,0.1777,433.24,MB,,97.86,,,,,"two rounds of prune-refine, 80% then 50% of the remaining, for 90% total; final sizes are matched between methods by construction; RTX A4000"
pup_3dgs_hanson_cvpr2025,2406.10219,Table 2,6,main,LightGaussian,3DGS,Tanks and Temples,average,23.08,0.795,0.2634,43.33,MB,,329.03,,,,,"two rounds of prune-refine, 80% then 50% of the remaining, for 90% total; final sizes are matched between methods by construction; RTX A4000"
pup_3dgs_hanson_cvpr2025,2406.10219,Table 2,6,main,PUP 3D-GS,3DGS,Tanks and Temples,average,22.72,0.8013,0.2441,43.33,MB,,391.1,,,,,"two rounds of prune-refine, 80% then 50% of the remaining, for 90% total; final sizes are matched between methods by construction; RTX A4000"
pup_3dgs_hanson_cvpr2025,2406.10219,Table 2,6,main,3D-GS,3DGS,Deep Blending,average,28.98,0.8816,0.2859,699.19,MB,,66.79,,,,,"two rounds of prune-refine, 80% then 50% of the remaining, for 90% total; final sizes are matched between methods by construction; RTX A4000"
pup_3dgs_hanson_cvpr2025,2406.10219,Table 2,6,main,LightGaussian,3DGS,Deep Blending,average,28.51,0.8675,0.3292,69.92,MB,,234.1,,,,,"two rounds of prune-refine, 80% then 50% of the remaining, for 90% total; final sizes are matched between methods by construction; RTX A4000"
pup_3dgs_hanson_cvpr2025,2406.10219,Table 2,6,main,PUP 3D-GS,3DGS,Deep Blending,average,28.85,0.881,0.3015,69.92,MB,,301.43,,,,,"two rounds of prune-refine, 80% then 50% of the remaining, for 90% total; final sizes are matched between methods by construction; RTX A4000"
pup_3dgs_hanson_cvpr2025,2406.10219,Table 3,7,main,3D-GS,3DGS,Mip-NeRF 360,average,27.47,0.8123,0.2216,746.46,MB,,64.07,,,,,"90% pruning followed by LightGaussian Vectree quantization; average size reduction against unpruned 3D-GS is 51.70x, 52.56x and 51.06x on the three datasets"
pup_3dgs_hanson_cvpr2025,2406.10219,Table 3,7,main,LightGaussian + Vectree,3DGS,Mip-NeRF 360,average,24.65,0.7302,0.3341,14.44,MB,,162.34,,,,,"90% pruning followed by LightGaussian Vectree quantization; average size reduction against unpruned 3D-GS is 51.70x, 52.56x and 51.06x on the three datasets"
pup_3dgs_hanson_cvpr2025,2406.10219,Table 3,7,main,PUP 3D-GS + Vectree,3DGS,Mip-NeRF 360,average,24.93,0.7584,0.2988,14.44,MB,,205.97,,,,,"90% pruning followed by LightGaussian Vectree quantization; average size reduction against unpruned 3D-GS is 51.70x, 52.56x and 51.06x on the three datasets"
pup_3dgs_hanson_cvpr2025,2406.10219,Table 3,7,main,3D-GS,3DGS,Tanks and Temples,average,23.77,0.8458,0.1777,433.24,MB,,97.86,,,,,"90% pruning followed by LightGaussian Vectree quantization; average size reduction against unpruned 3D-GS is 51.70x, 52.56x and 51.06x on the three datasets"
pup_3dgs_hanson_cvpr2025,2406.10219,Table 3,7,main,LightGaussian + Vectree,3DGS,Tanks and Temples,average,21.88,0.7679,0.2886,8.53,MB,,331.47,,,,,"90% pruning followed by LightGaussian Vectree quantization; average size reduction against unpruned 3D-GS is 51.70x, 52.56x and 51.06x on the three datasets"
pup_3dgs_hanson_cvpr2025,2406.10219,Table 3,7,main,PUP 3D-GS + Vectree,3DGS,Tanks and Temples,average,21.61,0.7787,0.267,8.49,MB,,389.18,,,,,"90% pruning followed by LightGaussian Vectree quantization; average size reduction against unpruned 3D-GS is 51.70x, 52.56x and 51.06x on the three datasets"
pup_3dgs_hanson_cvpr2025,2406.10219,Table 3,7,main,3D-GS,3DGS,Deep Blending,average,28.98,0.8816,0.2859,699.19,MB,,66.79,,,,,"90% pruning followed by LightGaussian Vectree quantization; average size reduction against unpruned 3D-GS is 51.70x, 52.56x and 51.06x on the three datasets"
pup_3dgs_hanson_cvpr2025,2406.10219,Table 3,7,main,LightGaussian + Vectree,3DGS,Deep Blending,average,27.9,0.8586,0.3403,13.38,MB,,233.28,,,,,"90% pruning followed by LightGaussian Vectree quantization; average size reduction against unpruned 3D-GS is 51.70x, 52.56x and 51.06x on the three datasets"
pup_3dgs_hanson_cvpr2025,2406.10219,Table 3,7,main,PUP 3D-GS + Vectree,3DGS,Deep Blending,average,28.24,0.8735,0.3108,13.3,MB,,300.15,,,,,"90% pruning followed by LightGaussian Vectree quantization; average size reduction against unpruned 3D-GS is 51.70x, 52.56x and 51.06x on the three datasets"
pup_3dgs_hanson_cvpr2025,2406.10219,Table 4,7,ablation,3D-GS,3DGS,Mip-NeRF 360,average,27.47,0.8123,0.2216,746.46,MB,,95.59,,,,,both settings reach 90% total pruning with 10000 finetuning iterations
pup_3dgs_hanson_cvpr2025,2406.10219,Table 4,7,ablation,PUP 3D-GS prune 90% + 10k finetune,3DGS,Mip-NeRF 360,average,26.12,0.7761,0.2807,74.65,MB,,189.95,,,,,both settings reach 90% total pruning with 10000 finetuning iterations
pup_3dgs_hanson_cvpr2025,2406.10219,Table 4,7,ablation,"PUP 3D-GS prune 80% then 50%, 5k finetune each",3DGS,Mip-NeRF 360,average,26.67,0.7862,0.2719,74.65,MB,,204.81,,,,,both settings reach 90% total pruning with 10000 finetuning iterations
pup_3dgs_hanson_cvpr2025,2406.10219,Tables 7-10,12,supplement,3D-GS,3DGS,Mip-NeRF 360,bicycle,25.09,0.7467,0.2442,,,,32.32,,,,,after two rounds of prune-refine to 90%; no per-scene size column; FPS on an RTX A4000
pup_3dgs_hanson_cvpr2025,2406.10219,Tables 7-10,12,supplement,3D-GS,3DGS,Mip-NeRF 360,bonsai,32.25,0.9457,0.1811,,,,106.65,,,,,after two rounds of prune-refine to 90%; no per-scene size column; FPS on an RTX A4000
pup_3dgs_hanson_cvpr2025,2406.10219,Tables 7-10,12,supplement,3D-GS,3DGS,Mip-NeRF 360,counter,29.11,0.914,0.1838,,,,79.7,,,,,after two rounds of prune-refine to 90%; no per-scene size column; FPS on an RTX A4000
pup_3dgs_hanson_cvpr2025,2406.10219,Tables 7-10,12,supplement,3D-GS,3DGS,Mip-NeRF 360,flowers,21.34,0.5875,0.3602,,,,66.48,,,,,after two rounds of prune-refine to 90%; no per-scene size column; FPS on an RTX A4000
pup_3dgs_hanson_cvpr2025,2406.10219,Tables 7-10,12,supplement,3D-GS,3DGS,Mip-NeRF 360,garden,27.28,0.8558,0.1225,,,,37.6,,,,,after two rounds of prune-refine to 90%; no per-scene size column; FPS on an RTX A4000
pup_3dgs_hanson_cvpr2025,2406.10219,Tables 7-10,12,supplement,3D-GS,3DGS,Mip-NeRF 360,kitchen,31.57,0.9317,0.1165,,,,64.46,,,,,after two rounds of prune-refine to 90%; no per-scene size column; FPS on an RTX A4000
pup_3dgs_hanson_cvpr2025,2406.10219,Tables 7-10,12,supplement,3D-GS,3DGS,Mip-NeRF 360,room,31.51,0.9255,0.1973,,,,76.31,,,,,after two rounds of prune-refine to 90%; no per-scene size column; FPS on an RTX A4000
pup_3dgs_hanson_cvpr2025,2406.10219,Tables 7-10,12,supplement,3D-GS,3DGS,Mip-NeRF 360,stump,26.55,0.7687,0.2429,,,,54.04,,,,,after two rounds of prune-refine to 90%; no per-scene size column; FPS on an RTX A4000
pup_3dgs_hanson_cvpr2025,2406.10219,Tables 7-10,12,supplement,3D-GS,3DGS,Mip-NeRF 360,treehill,22.56,0.6352,0.346,,,,59.08,,,,,after two rounds of prune-refine to 90%; no per-scene size column; FPS on an RTX A4000
pup_3dgs_hanson_cvpr2025,2406.10219,Tables 7-10,12,supplement,3D-GS,3DGS,Tanks and Temples,train,22.1,0.8134,0.2077,,,,114.45,,,,,after two rounds of prune-refine to 90%; no per-scene size column; FPS on an RTX A4000
pup_3dgs_hanson_cvpr2025,2406.10219,Tables 7-10,12,supplement,3D-GS,3DGS,Tanks and Temples,truck,25.43,0.8782,0.1476,,,,81.26,,,,,after two rounds of prune-refine to 90%; no per-scene size column; FPS on an RTX A4000
pup_3dgs_hanson_cvpr2025,2406.10219,Tables 7-10,12,supplement,3D-GS,3DGS,Deep Blending,drjohnson,28.15,0.8778,0.2895,,,,56.79,,,,,after two rounds of prune-refine to 90%; no per-scene size column; FPS on an RTX A4000
pup_3dgs_hanson_cvpr2025,2406.10219,Tables 7-10,12,supplement,3D-GS,3DGS,Deep Blending,playroom,29.81,0.8854,0.2823,,,,76.79,,,,,after two rounds of prune-refine to 90%; no per-scene size column; FPS on an RTX A4000
pup_3dgs_hanson_cvpr2025,2406.10219,Tables 7-10,12,supplement,LightGaussian,3DGS,Mip-NeRF 360,bicycle,24.34,0.6801,0.3338,,,,110.94,,,,,after two rounds of prune-refine to 90%; no per-scene size column; FPS on an RTX A4000
pup_3dgs_hanson_cvpr2025,2406.10219,Tables 7-10,12,supplement,LightGaussian,3DGS,Mip-NeRF 360,bonsai,29.64,0.8921,0.2568,,,,208.15,,,,,after two rounds of prune-refine to 90%; no per-scene size column; FPS on an RTX A4000
pup_3dgs_hanson_cvpr2025,2406.10219,Tables 7-10,12,supplement,LightGaussian,3DGS,Mip-NeRF 360,counter,27.57,0.8562,0.2801,,,,168.48,,,,,after two rounds of prune-refine to 90%; no per-scene size column; FPS on an RTX A4000
pup_3dgs_hanson_cvpr2025,2406.10219,Tables 7-10,12,supplement,LightGaussian,3DGS,Mip-NeRF 360,flowers,20.7,0.5343,0.4258,,,,182.28,,,,,after two rounds of prune-refine to 90%; no per-scene size column; FPS on an RTX A4000
pup_3dgs_hanson_cvpr2025,2406.10219,Tables 7-10,12,supplement,LightGaussian,3DGS,Mip-NeRF 360,garden,25.78,0.7833,0.2407,,,,133.77,,,,,after two rounds of prune-refine to 90%; no per-scene size column; FPS on an RTX A4000
pup_3dgs_hanson_cvpr2025,2406.10219,Tables 7-10,12,supplement,LightGaussian,3DGS,Mip-NeRF 360,kitchen,29.45,0.883,0.2042,,,,165.98,,,,,after two rounds of prune-refine to 90%; no per-scene size column; FPS on an RTX A4000
pup_3dgs_hanson_cvpr2025,2406.10219,Tables 7-10,12,supplement,LightGaussian,3DGS,Mip-NeRF 360,room,30.65,0.8989,0.2625,,,,172.46,,,,,after two rounds of prune-refine to 90%; no per-scene size column; FPS on an RTX A4000
pup_3dgs_hanson_cvpr2025,2406.10219,Tables 7-10,12,supplement,LightGaussian,3DGS,Mip-NeRF 360,stump,25.88,0.7256,0.3132,,,,169.98,,,,,after two rounds of prune-refine to 90%; no per-scene size column; FPS on an RTX A4000
pup_3dgs_hanson_cvpr2025,2406.10219,Tables 7-10,12,supplement,LightGaussian,3DGS,Mip-NeRF 360,treehill,22.49,0.5956,0.4315,,,,147.03,,,,,after two rounds of prune-refine to 90%; no per-scene size column; FPS on an RTX A4000
pup_3dgs_hanson_cvpr2025,2406.10219,Tables 7-10,12,supplement,LightGaussian,3DGS,Tanks and Temples,train,21.35,0.7349,0.3227,,,,378.5,,,,,after two rounds of prune-refine to 90%; no per-scene size column; FPS on an RTX A4000
pup_3dgs_hanson_cvpr2025,2406.10219,Tables 7-10,12,supplement,LightGaussian,3DGS,Tanks and Temples,truck,24.81,0.8512,0.2041,,,,279.55,,,,,after two rounds of prune-refine to 90%; no per-scene size column; FPS on an RTX A4000
pup_3dgs_hanson_cvpr2025,2406.10219,Tables 7-10,12,supplement,LightGaussian,3DGS,Deep Blending,drjohnson,27.73,0.8546,0.3383,,,,206.94,,,,,after two rounds of prune-refine to 90%; no per-scene size column; FPS on an RTX A4000
pup_3dgs_hanson_cvpr2025,2406.10219,Tables 7-10,12,supplement,LightGaussian,3DGS,Deep Blending,playroom,29.29,0.8747,0.3201,,,,261.27,,,,,after two rounds of prune-refine to 90%; no per-scene size column; FPS on an RTX A4000
pup_3dgs_hanson_cvpr2025,2406.10219,Tables 7-10,12,supplement,PUP 3D-GS,3DGS,Mip-NeRF 360,bicycle,24.72,0.727,0.2965,,,,127.85,,,,,after two rounds of prune-refine to 90%; no per-scene size column; FPS on an RTX A4000
pup_3dgs_hanson_cvpr2025,2406.10219,Tables 7-10,12,supplement,PUP 3D-GS,3DGS,Mip-NeRF 360,bonsai,30.64,0.9261,0.2281,,,,289.21,,,,,after two rounds of prune-refine to 90%; no per-scene size column; FPS on an RTX A4000
pup_3dgs_hanson_cvpr2025,2406.10219,Tables 7-10,12,supplement,PUP 3D-GS,3DGS,Mip-NeRF 360,counter,28.0,0.8917,0.2297,,,,222.77,,,,,after two rounds of prune-refine to 90%; no per-scene size column; FPS on an RTX A4000
pup_3dgs_hanson_cvpr2025,2406.10219,Tables 7-10,12,supplement,PUP 3D-GS,3DGS,Mip-NeRF 360,flowers,20.86,0.5548,0.4211,,,,205.21,,,,,after two rounds of prune-refine to 90%; no per-scene size column; FPS on an RTX A4000
pup_3dgs_hanson_cvpr2025,2406.10219,Tables 7-10,12,supplement,PUP 3D-GS,3DGS,Mip-NeRF 360,garden,26.23,0.8189,0.1997,,,,164.79,,,,,after two rounds of prune-refine to 90%; no per-scene size column; FPS on an RTX A4000
pup_3dgs_hanson_cvpr2025,2406.10219,Tables 7-10,12,supplement,PUP 3D-GS,3DGS,Mip-NeRF 360,kitchen,29.83,0.9128,0.1545,,,,237.66,,,,,after two rounds of prune-refine to 90%; no per-scene size column; FPS on an RTX A4000
pup_3dgs_hanson_cvpr2025,2406.10219,Tables 7-10,12,supplement,PUP 3D-GS,3DGS,Mip-NeRF 360,room,31.03,0.9152,0.2278,,,,231.63,,,,,after two rounds of prune-refine to 90%; no per-scene size column; FPS on an RTX A4000
pup_3dgs_hanson_cvpr2025,2406.10219,Tables 7-10,12,supplement,PUP 3D-GS,3DGS,Mip-NeRF 360,stump,26.3,0.757,0.2836,,,,179.38,,,,,after two rounds of prune-refine to 90%; no per-scene size column; FPS on an RTX A4000
pup_3dgs_hanson_cvpr2025,2406.10219,Tables 7-10,12,supplement,PUP 3D-GS,3DGS,Mip-NeRF 360,treehill,22.39,0.6248,0.4062,,,,184.78,,,,,after two rounds of prune-refine to 90%; no per-scene size column; FPS on an RTX A4000
pup_3dgs_hanson_cvpr2025,2406.10219,Tables 7-10,12,supplement,PUP 3D-GS,3DGS,Tanks and Temples,train,21.03,0.76,0.2967,,,,494.76,,,,,after two rounds of prune-refine to 90%; no per-scene size column; FPS on an RTX A4000
pup_3dgs_hanson_cvpr2025,2406.10219,Tables 7-10,12,supplement,PUP 3D-GS,3DGS,Tanks and Temples,truck,24.4,0.8541,0.1916,,,,287.44,,,,,after two rounds of prune-refine to 90%; no per-scene size column; FPS on an RTX A4000
pup_3dgs_hanson_cvpr2025,2406.10219,Tables 7-10,12,supplement,PUP 3D-GS,3DGS,Deep Blending,drjohnson,28.0,0.8762,0.3067,,,,284.81,,,,,after two rounds of prune-refine to 90%; no per-scene size column; FPS on an RTX A4000
pup_3dgs_hanson_cvpr2025,2406.10219,Tables 7-10,12,supplement,PUP 3D-GS,3DGS,Deep Blending,playroom,29.71,0.8861,0.2963,,,,318.06,,,,,after two rounds of prune-refine to 90%; no per-scene size column; FPS on an RTX A4000
smart_target_point_control_bisht_2026,2605.16158,Table 1,6,main,2DGS (unconstrained),2DGS,Mip-NeRF 360,average,30.01,0.894,0.074,,,833000,,,,,,"SSIM column holds MS-SSIM, not SSIM. Mip-NeRF 360 uses 7 scenes here (bicycle, bonsai, counter, garden, kitchen, room, stump), not the usual 9. No size in MB, the budget is a primitive count. RTX 3090; no point control, the default densify/prune hyperparameters"
smart_target_point_control_bisht_2026,2605.16158,Table 1,6,main,3DGS (unconstrained),3DGS,Mip-NeRF 360,average,30.47,0.903,0.062,,,1582000,,,,,,"SSIM column holds MS-SSIM, not SSIM. Mip-NeRF 360 uses 7 scenes here (bicycle, bonsai, counter, garden, kitchen, room, stump), not the usual 9. No size in MB, the budget is a primitive count. RTX 3090; no point control, the default densify/prune hyperparameters"
smart_target_point_control_bisht_2026,2605.16158,Table 1,6,main,2DGS (unconstrained),2DGS,NeRF Synthetic,average,32.92,0.965,0.03,,,96000,,,,,,"SSIM column holds MS-SSIM, not SSIM. Mip-NeRF 360 uses 7 scenes here (bicycle, bonsai, counter, garden, kitchen, room, stump), not the usual 9. No size in MB, the budget is a primitive count. RTX 3090; no point control, the default densify/prune hyperparameters"
smart_target_point_control_bisht_2026,2605.16158,Table 1,6,main,3DGS (unconstrained),3DGS,NeRF Synthetic,average,33.88,0.969,0.023,,,288000,,,,,,"SSIM column holds MS-SSIM, not SSIM. Mip-NeRF 360 uses 7 scenes here (bicycle, bonsai, counter, garden, kitchen, room, stump), not the usual 9. No size in MB, the budget is a primitive count. RTX 3090; no point control, the default densify/prune hyperparameters"
smart_target_point_control_bisht_2026,2605.16158,Table 2,6,main,2DGS + hard cutoff,2DGS,Mip-NeRF 360,average,29.96,0.892,0.077,,,785000,,,,,,"SSIM column holds MS-SSIM, not SSIM. Mip-NeRF 360 uses 7 scenes here (bicycle, bonsai, counter, garden, kitchen, room, stump), not the usual 9. No size in MB, the budget is a primitive count. RTX 3090; capacity-matched at a target average budget of 0.785M points; regime: hard cutoff"
smart_target_point_control_bisht_2026,2605.16158,Table 2,6,main,3DGS + hard cutoff,3DGS,Mip-NeRF 360,average,30.33,0.897,0.073,,,785000,,,,,,"SSIM column holds MS-SSIM, not SSIM. Mip-NeRF 360 uses 7 scenes here (bicycle, bonsai, counter, garden, kitchen, room, stump), not the usual 9. No size in MB, the budget is a primitive count. RTX 3090; capacity-matched at a target average budget of 0.785M points; regime: hard cutoff"
smart_target_point_control_bisht_2026,2605.16158,Table 2,6,main,2DGS + TPC,2DGS,Mip-NeRF 360,average,30.054,0.893,0.076,,,785000,,,,,,"SSIM column holds MS-SSIM, not SSIM. Mip-NeRF 360 uses 7 scenes here (bicycle, bonsai, counter, garden, kitchen, room, stump), not the usual 9. No size in MB, the budget is a primitive count. RTX 3090; capacity-matched at a target average budget of 0.785M points; regime: TPC"
smart_target_point_control_bisht_2026,2605.16158,Table 2,6,main,3DGS + TPC,3DGS,Mip-NeRF 360,average,30.447,0.901,0.068,,,785000,,,,,,"SSIM column holds MS-SSIM, not SSIM. Mip-NeRF 360 uses 7 scenes here (bicycle, bonsai, counter, garden, kitchen, room, stump), not the usual 9. No size in MB, the budget is a primitive count. RTX 3090; capacity-matched at a target average budget of 0.785M points; regime: TPC"
smart_target_point_control_bisht_2026,2605.16158,Table 3,7,main,2DGS + hard cutoff,2DGS,NeRF Synthetic,average,30.84,0.949,0.056,,,91200,,,,,,"SSIM column holds MS-SSIM, not SSIM. Mip-NeRF 360 uses 7 scenes here (bicycle, bonsai, counter, garden, kitchen, room, stump), not the usual 9. No size in MB, the budget is a primitive count. RTX 3090; capacity-matched at a target average budget of 0.0912M points; regime: hard cutoff"
smart_target_point_control_bisht_2026,2605.16158,Table 3,7,main,3DGS + hard cutoff,3DGS,NeRF Synthetic,average,31.32,0.952,0.054,,,91200,,,,,,"SSIM column holds MS-SSIM, not SSIM. Mip-NeRF 360 uses 7 scenes here (bicycle, bonsai, counter, garden, kitchen, room, stump), not the usual 9. No size in MB, the budget is a primitive count. RTX 3090; capacity-matched at a target average budget of 0.0912M points; regime: hard cutoff"
smart_target_point_control_bisht_2026,2605.16158,Table 3,7,main,2DGS + TPC,2DGS,NeRF Synthetic,average,32.94,0.966,0.03,,,91200,,,,,,"SSIM column holds MS-SSIM, not SSIM. Mip-NeRF 360 uses 7 scenes here (bicycle, bonsai, counter, garden, kitchen, room, stump), not the usual 9. No size in MB, the budget is a primitive count. RTX 3090; capacity-matched at a target average budget of 0.0912M points; regime: TPC"
smart_target_point_control_bisht_2026,2605.16158,Table 3,7,main,3DGS + TPC,3DGS,NeRF Synthetic,average,33.5,0.967,0.027,,,91200,,,,,,"SSIM column holds MS-SSIM, not SSIM. Mip-NeRF 360 uses 7 scenes here (bicycle, bonsai, counter, garden, kitchen, room, stump), not the usual 9. No size in MB, the budget is a primitive count. RTX 3090; capacity-matched at a target average budget of 0.0912M points; regime: TPC"
spare_gs_chen_2026,2607.16624,Table I,9,main,Vanilla 3DGS,Vanilla 3DGS,Mip-NeRF 360,average,27.52,0.813,0.221,,,2640494,,1327.08,,,,"drop-in modulation of the base pipeline's own densification and pruning heuristics; no size column, the budget is a primitive count; Intel i9 + RTX 3090"
spare_gs_chen_2026,2607.16624,Table I,9,main,Vanilla 3DGS + SPARE-GS,Vanilla 3DGS,Mip-NeRF 360,average,27.44,0.809,0.234,,,1691678,,939.23,,,,"drop-in modulation of the base pipeline's own densification and pruning heuristics; no size column, the budget is a primitive count; Intel i9 + RTX 3090"
spare_gs_chen_2026,2607.16624,Table I,9,main,Vanilla 3DGS,Vanilla 3DGS,Mip-NeRF 360,average,29.63,0.902,0.241,,,2458697,,1257.89,,,,"drop-in modulation of the base pipeline's own densification and pruning heuristics; no size column, the budget is a primitive count; Intel i9 + RTX 3090"
spare_gs_chen_2026,2607.16624,Table I,9,main,Vanilla 3DGS + SPARE-GS,Vanilla 3DGS,Deep Blending,average,29.77,0.906,0.246,,,1124510,,779.11,,,,"drop-in modulation of the base pipeline's own densification and pruning heuristics; no size column, the budget is a primitive count; Intel i9 + RTX 3090"
spare_gs_chen_2026,2607.16624,Table I,9,main,Vanilla 3DGS,Vanilla 3DGS,Deep Blending,average,23.83,0.85,0.171,,,1572798,,718.15,,,,"drop-in modulation of the base pipeline's own densification and pruning heuristics; no size column, the budget is a primitive count; Intel i9 + RTX 3090"
spare_gs_chen_2026,2607.16624,Table I,9,main,Vanilla 3DGS + SPARE-GS,Vanilla 3DGS,Tanks and Temples,average,24.01,0.849,0.181,,,973619,,485.66,,,,"drop-in modulation of the base pipeline's own densification and pruning heuristics; no size column, the budget is a primitive count; Intel i9 + RTX 3090"
spare_gs_chen_2026,2607.16624,Table I,9,main,Vanilla 3DGS,Vanilla 3DGS,Tanks and Temples,average,27.83,0.915,0.098,,,6506221,,2364.79,,,,"drop-in modulation of the base pipeline's own densification and pruning heuristics; no size column, the budget is a primitive count; Intel i9 + RTX 3090"
spare_gs_chen_2026,2607.16624,Table I,9,main,Vanilla 3DGS + SPARE-GS,Vanilla 3DGS,BungeeNeRF,average,27.74,0.916,0.106,,,3589073,,1478.6,,,,"drop-in modulation of the base pipeline's own densification and pruning heuristics; no size column, the budget is a primitive count; Intel i9 + RTX 3090"
spare_gs_chen_2026,2607.16624,Table I,9,main,Mip-Splatting,Mip-Splatting,BungeeNeRF,average,27.74,0.827,0.19,,,4202055,,2727.37,,,,"drop-in modulation of the base pipeline's own densification and pruning heuristics; no size column, the budget is a primitive count; Intel i9 + RTX 3090"
spare_gs_chen_2026,2607.16624,Table I,9,main,Mip-Splatting + SPARE-GS,Mip-Splatting,Mip-NeRF 360,average,27.72,0.826,0.201,,,2511604,,1899.76,,,,"drop-in modulation of the base pipeline's own densification and pruning heuristics; no size column, the budget is a primitive count; Intel i9 + RTX 3090"
spare_gs_chen_2026,2607.16624,Table I,9,main,Mip-Splatting,Mip-Splatting,Mip-NeRF 360,average,29.43,0.903,0.239,,,3503352,,2246.0,,,,"drop-in modulation of the base pipeline's own densification and pruning heuristics; no size column, the budget is a primitive count; Intel i9 + RTX 3090"
spare_gs_chen_2026,2607.16624,Table I,9,main,Mip-Splatting + SPARE-GS,Mip-Splatting,Deep Blending,average,29.75,0.908,0.24,,,1752417,,1367.55,,,,"drop-in modulation of the base pipeline's own densification and pruning heuristics; no size column, the budget is a primitive count; Intel i9 + RTX 3090"
spare_gs_chen_2026,2607.16624,Table I,9,main,Mip-Splatting,Mip-Splatting,Deep Blending,average,23.8,0.86,0.157,,,2358386,,1415.7,,,,"drop-in modulation of the base pipeline's own densification and pruning heuristics; no size column, the budget is a primitive count; Intel i9 + RTX 3090"
spare_gs_chen_2026,2607.16624,Table I,9,main,Mip-Splatting + SPARE-GS,Mip-Splatting,Tanks and Temples,average,24.1,0.86,0.165,,,1371594,,946.15,,,,"drop-in modulation of the base pipeline's own densification and pruning heuristics; no size column, the budget is a primitive count; Intel i9 + RTX 3090"
spare_gs_chen_2026,2607.16624,Table I,9,main,Mip-Splatting,Mip-Splatting,Tanks and Temples,average,28.25,0.924,0.088,,,7675877,,4015.86,,,,"drop-in modulation of the base pipeline's own densification and pruning heuristics; no size column, the budget is a primitive count; Intel i9 + RTX 3090"
spare_gs_chen_2026,2607.16624,Table I,9,main,Mip-Splatting + SPARE-GS,Mip-Splatting,BungeeNeRF,average,28.06,0.921,0.097,,,4336878,,2604.42,,,,"drop-in modulation of the base pipeline's own densification and pruning heuristics; no size column, the budget is a primitive count; Intel i9 + RTX 3090"
spare_gs_chen_2026,2607.16624,Table I,9,main,Taming 3DGS,Taming 3DGS,BungeeNeRF,average,27.82,0.805,0.24,,,1416946,,871.08,,,,"drop-in modulation of the base pipeline's own densification and pruning heuristics; no size column, the budget is a primitive count; Intel i9 + RTX 3090"
spare_gs_chen_2026,2607.16624,Table I,9,main,Taming 3DGS + SPARE-GS,Taming 3DGS,Mip-NeRF 360,average,27.77,0.808,0.238,,,1052388,,716.64,,,,"drop-in modulation of the base pipeline's own densification and pruning heuristics; no size column, the budget is a primitive count; Intel i9 + RTX 3090"
spare_gs_chen_2026,2607.16624,Table I,9,main,Taming 3DGS,Taming 3DGS,Mip-NeRF 360,average,29.97,0.907,0.246,,,1178605,,597.56,,,,"drop-in modulation of the base pipeline's own densification and pruning heuristics; no size column, the budget is a primitive count; Intel i9 + RTX 3090"
spare_gs_chen_2026,2607.16624,Table I,9,main,Taming 3DGS + SPARE-GS,Taming 3DGS,Deep Blending,average,30.11,0.911,0.243,,,1052175,,550.27,,,,"drop-in modulation of the base pipeline's own densification and pruning heuristics; no size column, the budget is a primitive count; Intel i9 + RTX 3090"
spare_gs_chen_2026,2607.16624,Table I,9,main,Taming 3DGS,Taming 3DGS,Deep Blending,average,24.47,0.863,0.156,,,2206907,,848.8,,,,"drop-in modulation of the base pipeline's own densification and pruning heuristics; no size column, the budget is a primitive count; Intel i9 + RTX 3090"
spare_gs_chen_2026,2607.16624,Table I,9,main,Taming 3DGS + SPARE-GS,Taming 3DGS,Tanks and Temples,average,24.41,0.86,0.167,,,981097,,518.31,,,,"drop-in modulation of the base pipeline's own densification and pruning heuristics; no size column, the budget is a primitive count; Intel i9 + RTX 3090"
spare_gs_chen_2026,2607.16624,Table I,9,main,Taming 3DGS,Taming 3DGS,Tanks and Temples,average,27.39,0.903,0.127,,,2426465,,1209.5,,,,"drop-in modulation of the base pipeline's own densification and pruning heuristics; no size column, the budget is a primitive count; Intel i9 + RTX 3090"
spare_gs_chen_2026,2607.16624,Table I,9,main,Taming 3DGS + SPARE-GS,Taming 3DGS,BungeeNeRF,average,27.71,0.913,0.113,,,2422162,,1210.51,,,,"drop-in modulation of the base pipeline's own densification and pruning heuristics; no size column, the budget is a primitive count; Intel i9 + RTX 3090"
spare_gs_chen_2026,2607.16624,Table I,9,main,DashGaussian,DashGaussian,BungeeNeRF,average,27.73,0.815,0.22,,,2532764,,1102.76,,,,"drop-in modulation of the base pipeline's own densification and pruning heuristics; no size column, the budget is a primitive count; Intel i9 + RTX 3090"
spare_gs_chen_2026,2607.16624,Table I,9,main,DashGaussian + SPARE-GS,DashGaussian,Mip-NeRF 360,average,27.65,0.814,0.227,,,1762803,,803.87,,,,"drop-in modulation of the base pipeline's own densification and pruning heuristics; no size column, the budget is a primitive count; Intel i9 + RTX 3090"
spare_gs_chen_2026,2607.16624,Table I,9,main,DashGaussian,DashGaussian,Mip-NeRF 360,average,29.6,0.906,0.237,,,2313205,,858.09,,,,"drop-in modulation of the base pipeline's own densification and pruning heuristics; no size column, the budget is a primitive count; Intel i9 + RTX 3090"
spare_gs_chen_2026,2607.16624,Table I,9,main,DashGaussian + SPARE-GS,DashGaussian,Deep Blending,average,29.78,0.907,0.241,,,1129622,,579.23,,,,"drop-in modulation of the base pipeline's own densification and pruning heuristics; no size column, the budget is a primitive count; Intel i9 + RTX 3090"
spare_gs_chen_2026,2607.16624,Table I,9,main,DashGaussian,DashGaussian,Deep Blending,average,24.15,0.858,0.165,,,1501090,,698.44,,,,"drop-in modulation of the base pipeline's own densification and pruning heuristics; no size column, the budget is a primitive count; Intel i9 + RTX 3090"
spare_gs_chen_2026,2607.16624,Table I,9,main,DashGaussian + SPARE-GS,DashGaussian,Tanks and Temples,average,24.39,0.857,0.175,,,931448,,498.9,,,,"drop-in modulation of the base pipeline's own densification and pruning heuristics; no size column, the budget is a primitive count; Intel i9 + RTX 3090"
spare_gs_chen_2026,2607.16624,Table I,9,main,DashGaussian,DashGaussian,Tanks and Temples,average,27.94,0.918,0.095,,,5054017,,2266.32,,,,"drop-in modulation of the base pipeline's own densification and pruning heuristics; no size column, the budget is a primitive count; Intel i9 + RTX 3090"
spare_gs_chen_2026,2607.16624,Table I,9,main,DashGaussian + SPARE-GS,DashGaussian,BungeeNeRF,average,28.1,0.924,0.095,,,2994782,,1451.74,,,,"drop-in modulation of the base pipeline's own densification and pruning heuristics; no size column, the budget is a primitive count; Intel i9 + RTX 3090"
spare_gs_chen_2026,2607.16624,Table I,9,main,FastGS,FastGS,BungeeNeRF,average,27.29,0.8,0.254,,,558202,,269.08,,,,"drop-in modulation of the base pipeline's own densification and pruning heuristics; no size column, the budget is a primitive count; Intel i9 + RTX 3090"
spare_gs_chen_2026,2607.16624,Table I,9,main,FastGS + SPARE-GS,FastGS,Mip-NeRF 360,average,27.26,0.797,0.259,,,508898,,248.83,,,,"drop-in modulation of the base pipeline's own densification and pruning heuristics; no size column, the budget is a primitive count; Intel i9 + RTX 3090"
spare_gs_chen_2026,2607.16624,Table I,9,main,FastGS,FastGS,Mip-NeRF 360,average,30.14,0.908,0.254,,,316890,,168.76,,,,"drop-in modulation of the base pipeline's own densification and pruning heuristics; no size column, the budget is a primitive count; Intel i9 + RTX 3090"
spare_gs_chen_2026,2607.16624,Table I,9,main,FastGS + SPARE-GS,FastGS,Deep Blending,average,30.09,0.908,0.256,,,281643,,158.02,,,,"drop-in modulation of the base pipeline's own densification and pruning heuristics; no size column, the budget is a primitive count; Intel i9 + RTX 3090"
spare_gs_chen_2026,2607.16624,Table I,9,main,FastGS,FastGS,Deep Blending,average,23.48,0.837,0.212,,,247905,,151.04,,,,"drop-in modulation of the base pipeline's own densification and pruning heuristics; no size column, the budget is a primitive count; Intel i9 + RTX 3090"
spare_gs_chen_2026,2607.16624,Table I,9,main,FastGS + SPARE-GS,FastGS,Tanks and Temples,average,23.46,0.834,0.216,,,221914,,139.74,,,,"drop-in modulation of the base pipeline's own densification and pruning heuristics; no size column, the budget is a primitive count; Intel i9 + RTX 3090"
spare_gs_chen_2026,2607.16624,Table I,9,main,FastGS,FastGS,Tanks and Temples,average,27.3,0.903,0.14,,,1173619,,453.17,,,,"drop-in modulation of the base pipeline's own densification and pruning heuristics; no size column, the budget is a primitive count; Intel i9 + RTX 3090"
spare_gs_chen_2026,2607.16624,Table I,9,main,FastGS + SPARE-GS,FastGS,BungeeNeRF,average,27.21,0.895,0.148,,,933641,,399.1,,,,"drop-in modulation of the base pipeline's own densification and pruning heuristics; no size column, the budget is a primitive count; Intel i9 + RTX 3090"
spare_gs_chen_2026,2607.16624,Table II,12,main,LightGaussian on vanilla 3DGS,3DGS,Mip-NeRF 360,average,27.19,0.807,0.228,407.56,MB,,,,101.25,,,compression method LightGaussian applied to a vanilla 3DGS representation; one of three rate points per block
spare_gs_chen_2026,2607.16624,Table II,12,main,LightGaussian on SPARE-GS,SPARE-GS,Mip-NeRF 360,average,27.05,0.802,0.244,244.08,MB,,,,85.89,,,compression method LightGaussian applied to a SPARE-GS representation; one of three rate points per block
spare_gs_chen_2026,2607.16624,Table II,12,main,LightGaussian on vanilla 3DGS,3DGS,Mip-NeRF 360,average,26.98,0.802,0.233,321.67,MB,,,,97.4,,,compression method LightGaussian applied to a vanilla 3DGS representation; one of three rate points per block; block summary against the vanilla input: -13.89% -27.78% N/A
spare_gs_chen_2026,2607.16624,Table II,12,main,LightGaussian on SPARE-GS,SPARE-GS,Mip-NeRF 360,average,26.83,0.798,0.248,192.69,MB,,,,83.72,,,compression method LightGaussian applied to a SPARE-GS representation; one of three rate points per block; block summary against the vanilla input: -13.89% -27.78% N/A
spare_gs_chen_2026,2607.16624,Table II,12,main,LightGaussian on vanilla 3DGS,3DGS,Mip-NeRF 360,average,26.76,0.797,0.239,235.9,MB,,,,92.23,,,compression method LightGaussian applied to a vanilla 3DGS representation; one of three rate points per block
spare_gs_chen_2026,2607.16624,Table II,12,main,LightGaussian on SPARE-GS,SPARE-GS,Mip-NeRF 360,average,26.58,0.792,0.254,141.19,MB,,,,80.87,,,compression method LightGaussian applied to a SPARE-GS representation; one of three rate points per block
spare_gs_chen_2026,2607.16624,Table II,12,main,LightGaussian on vanilla 3DGS,3DGS,Mip-NeRF 360,average,29.66,0.905,0.242,365.53,MB,,,,98.21,,,compression method LightGaussian applied to a vanilla 3DGS representation; one of three rate points per block
spare_gs_chen_2026,2607.16624,Table II,12,main,LightGaussian on SPARE-GS,SPARE-GS,Mip-NeRF 360,average,29.63,0.908,0.25,150.59,MB,,,,77.36,,,compression method LightGaussian applied to a SPARE-GS representation; one of three rate points per block
spare_gs_chen_2026,2607.16624,Table II,12,main,LightGaussian on vanilla 3DGS,3DGS,Deep Blending,average,29.54,0.903,0.244,289.13,MB,,,,94.27,,,compression method LightGaussian applied to a vanilla 3DGS representation; one of three rate points per block; block summary against the vanilla input: -19.16% -55.38% N/A
spare_gs_chen_2026,2607.16624,Table II,12,main,LightGaussian on SPARE-GS,SPARE-GS,Deep Blending,average,29.48,0.906,0.252,119.31,MB,,,,76.77,,,compression method LightGaussian applied to a SPARE-GS representation; one of three rate points per block; block summary against the vanilla input: -19.16% -55.38% N/A
spare_gs_chen_2026,2607.16624,Table II,12,main,LightGaussian on vanilla 3DGS,3DGS,Deep Blending,average,29.31,0.9,0.247,212.78,MB,,,,90.75,,,compression method LightGaussian applied to a vanilla 3DGS representation; one of three rate points per block
spare_gs_chen_2026,2607.16624,Table II,12,main,LightGaussian on SPARE-GS,SPARE-GS,Deep Blending,average,29.3,0.904,0.255,88.09,MB,,,,74.82,,,compression method LightGaussian applied to a SPARE-GS representation; one of three rate points per block
spare_gs_chen_2026,2607.16624,Table II,12,main,LightGaussian on vanilla 3DGS,3DGS,Deep Blending,average,23.56,0.849,0.174,238.77,MB,,,,86.05,,,compression method LightGaussian applied to a vanilla 3DGS representation; one of three rate points per block
spare_gs_chen_2026,2607.16624,Table II,12,main,LightGaussian on SPARE-GS,SPARE-GS,Deep Blending,average,23.69,0.841,0.194,137.43,MB,,,,76.25,,,compression method LightGaussian applied to a SPARE-GS representation; one of three rate points per block
spare_gs_chen_2026,2607.16624,Table II,12,main,LightGaussian on vanilla 3DGS,3DGS,Tanks and Temples,average,23.44,0.845,0.178,188.82,MB,,,,83.51,,,compression method LightGaussian applied to a vanilla 3DGS representation; one of three rate points per block; block summary against the vanilla input: -10.42% -51.75% N/A
spare_gs_chen_2026,2607.16624,Table II,12,main,LightGaussian on SPARE-GS,SPARE-GS,Tanks and Temples,average,23.53,0.837,0.198,108.81,MB,,,,75.2,,,compression method LightGaussian applied to a SPARE-GS representation; one of three rate points per block; block summary against the vanilla input: -10.42% -51.75% N/A
spare_gs_chen_2026,2607.16624,Table II,12,main,LightGaussian on vanilla 3DGS,3DGS,Tanks and Temples,average,23.29,0.842,0.182,138.66,MB,,,,81.57,,,compression method LightGaussian applied to a vanilla 3DGS representation; one of three rate points per block
spare_gs_chen_2026,2607.16624,Table II,12,main,LightGaussian on SPARE-GS,SPARE-GS,Tanks and Temples,average,23.4,0.833,0.202,79.85,MB,,,,73.51,,,compression method LightGaussian applied to a SPARE-GS representation; one of three rate points per block
spare_gs_chen_2026,2607.16624,Table II,12,main,LightGaussian on vanilla 3DGS,3DGS,Tanks and Temples,average,27.68,0.911,0.103,1020.73,MB,,,,158.37,,,compression method LightGaussian applied to a vanilla 3DGS representation; one of three rate points per block
spare_gs_chen_2026,2607.16624,Table II,12,main,LightGaussian on SPARE-GS,SPARE-GS,Tanks and Temples,average,27.56,0.91,0.115,510.44,MB,,,,112.34,,,compression method LightGaussian applied to a SPARE-GS representation; one of three rate points per block
spare_gs_chen_2026,2607.16624,Table II,12,main,LightGaussian on vanilla 3DGS,3DGS,BungeeNeRF,average,27.51,0.908,0.108,804.53,MB,,,,149.28,,,compression method LightGaussian applied to a vanilla 3DGS representation; one of three rate points per block; block summary against the vanilla input: -28.23% -37.50% N/A
spare_gs_chen_2026,2607.16624,Table II,12,main,LightGaussian on SPARE-GS,SPARE-GS,BungeeNeRF,average,27.37,0.906,0.12,402.31,MB,,,,106.59,,,compression method LightGaussian applied to a SPARE-GS representation; one of three rate points per block; block summary against the vanilla input: -28.23% -37.50% N/A
spare_gs_chen_2026,2607.16624,Table II,12,main,LightGaussian on vanilla 3DGS,3DGS,BungeeNeRF,average,27.36,0.905,0.112,587.86,MB,,,,136.87,,,compression method LightGaussian applied to a vanilla 3DGS representation; one of three rate points per block
spare_gs_chen_2026,2607.16624,Table II,12,main,LightGaussian on SPARE-GS,SPARE-GS,BungeeNeRF,average,27.18,0.902,0.125,294.05,MB,,,,100.08,,,compression method LightGaussian applied to a SPARE-GS representation; one of three rate points per block
spare_gs_chen_2026,2607.16624,Table II,12,main,SOG on vanilla 3DGS,3DGS,BungeeNeRF,average,26.44,0.782,0.255,45.92,MB,,,,39.45,,,compression method SOG applied to a vanilla 3DGS representation; one of three rate points per block
spare_gs_chen_2026,2607.16624,Table II,12,main,SOG on SPARE-GS,SPARE-GS,BungeeNeRF,average,26.25,0.777,0.271,28.13,MB,,,,26.63,,,compression method SOG applied to a SPARE-GS representation; one of three rate points per block
spare_gs_chen_2026,2607.16624,Table II,12,main,SOG on vanilla 3DGS,3DGS,Mip-NeRF 360,average,25.98,0.772,0.267,39.28,MB,,,,38.64,,,compression method SOG applied to a vanilla 3DGS representation; one of three rate points per block; block summary against the vanilla input: -32.65% -35.60% N/A
spare_gs_chen_2026,2607.16624,Table II,12,main,SOG on SPARE-GS,SPARE-GS,Mip-NeRF 360,average,25.8,0.766,0.283,24.13,MB,,,,26.01,,,compression method SOG applied to a SPARE-GS representation; one of three rate points per block; block summary against the vanilla input: -32.65% -35.60% N/A
spare_gs_chen_2026,2607.16624,Table II,12,main,SOG on vanilla 3DGS,3DGS,Mip-NeRF 360,average,24.71,0.742,0.298,29.56,MB,,,,37.46,,,compression method SOG applied to a vanilla 3DGS representation; one of three rate points per block
spare_gs_chen_2026,2607.16624,Table II,12,main,SOG on SPARE-GS,SPARE-GS,Mip-NeRF 360,average,24.49,0.736,0.314,18.18,MB,,,,25.18,,,compression method SOG applied to a SPARE-GS representation; one of three rate points per block
spare_gs_chen_2026,2607.16624,Table II,12,main,SOG on vanilla 3DGS,3DGS,Mip-NeRF 360,average,29.35,0.9,0.246,45.2,MB,,,,36.81,,,compression method SOG applied to a vanilla 3DGS representation; one of three rate points per block
spare_gs_chen_2026,2607.16624,Table II,12,main,SOG on SPARE-GS,SPARE-GS,Mip-NeRF 360,average,29.28,0.902,0.256,19.27,MB,,,,19.88,,,compression method SOG applied to a SPARE-GS representation; one of three rate points per block
spare_gs_chen_2026,2607.16624,Table II,12,main,SOG on vanilla 3DGS,3DGS,Deep Blending,average,29.05,0.897,0.251,38.64,MB,,,,35.77,,,compression method SOG applied to a vanilla 3DGS representation; one of three rate points per block; block summary against the vanilla input: -46.77% -55.99% N/A
spare_gs_chen_2026,2607.16624,Table II,12,main,SOG on SPARE-GS,SPARE-GS,Deep Blending,average,28.99,0.899,0.261,16.54,MB,,,,18.87,,,compression method SOG applied to a SPARE-GS representation; one of three rate points per block; block summary against the vanilla input: -46.77% -55.99% N/A
spare_gs_chen_2026,2607.16624,Table II,12,main,SOG on vanilla 3DGS,3DGS,Deep Blending,average,28.02,0.883,0.27,28.54,MB,,,,34.42,,,compression method SOG applied to a vanilla 3DGS representation; one of three rate points per block
spare_gs_chen_2026,2607.16624,Table II,12,main,SOG on SPARE-GS,SPARE-GS,Deep Blending,average,27.81,0.884,0.28,12.27,MB,,,,18.21,,,compression method SOG applied to a SPARE-GS representation; one of three rate points per block
spare_gs_chen_2026,2607.16624,Table II,12,main,SOG on vanilla 3DGS,3DGS,Deep Blending,average,23.1,0.83,0.194,25.84,MB,,,,26.97,,,compression method SOG applied to a vanilla 3DGS representation; one of three rate points per block
spare_gs_chen_2026,2607.16624,Table II,12,main,SOG on SPARE-GS,SPARE-GS,Deep Blending,average,23.17,0.821,0.216,15.21,MB,,,,18.23,,,compression method SOG applied to a SPARE-GS representation; one of three rate points per block
spare_gs_chen_2026,2607.16624,Table II,12,main,SOG on vanilla 3DGS,3DGS,Tanks and Temples,average,22.8,0.821,0.205,22.02,MB,,,,26.64,,,compression method SOG applied to a vanilla 3DGS representation; one of three rate points per block; block summary against the vanilla input: -32.89% -39.88% N/A
spare_gs_chen_2026,2607.16624,Table II,12,main,SOG on SPARE-GS,SPARE-GS,Tanks and Temples,average,22.79,0.811,0.228,13.03,MB,,,,17.74,,,compression method SOG applied to a SPARE-GS representation; one of three rate points per block; block summary against the vanilla input: -32.89% -39.88% N/A
spare_gs_chen_2026,2607.16624,Table II,12,main,SOG on vanilla 3DGS,3DGS,Tanks and Temples,average,21.85,0.794,0.237,16.57,MB,,,,25.66,,,compression method SOG applied to a vanilla 3DGS representation; one of three rate points per block
spare_gs_chen_2026,2607.16624,Table II,12,main,SOG on SPARE-GS,SPARE-GS,Tanks and Temples,average,21.74,0.783,0.26,9.87,MB,,,,17.23,,,compression method SOG applied to a SPARE-GS representation; one of three rate points per block
spare_gs_chen_2026,2607.16624,Table II,12,main,SOG on vanilla 3DGS,3DGS,Tanks and Temples,average,27.4,0.903,0.116,128.33,MB,,,,80.67,,,compression method SOG applied to a vanilla 3DGS representation; one of three rate points per block
spare_gs_chen_2026,2607.16624,Table II,12,main,SOG on SPARE-GS,SPARE-GS,Tanks and Temples,average,27.15,0.898,0.132,66.24,MB,,,,45.68,,,compression method SOG applied to a SPARE-GS representation; one of three rate points per block
spare_gs_chen_2026,2607.16624,Table II,12,main,SOG on vanilla 3DGS,3DGS,BungeeNeRF,average,27.0,0.895,0.127,110.47,MB,,,,77.24,,,compression method SOG applied to a vanilla 3DGS representation; one of three rate points per block; block summary against the vanilla input: -43.74% -44.17% N/A
spare_gs_chen_2026,2607.16624,Table II,12,main,SOG on SPARE-GS,SPARE-GS,BungeeNeRF,average,26.72,0.889,0.144,57.22,MB,,,,43.65,,,compression method SOG applied to a SPARE-GS representation; one of three rate points per block; block summary against the vanilla input: -43.74% -44.17% N/A
spare_gs_chen_2026,2607.16624,Table II,12,main,SOG on vanilla 3DGS,3DGS,BungeeNeRF,average,25.71,0.868,0.163,82.65,MB,,,,74.05,,,compression method SOG applied to a vanilla 3DGS representation; one of three rate points per block
spare_gs_chen_2026,2607.16624,Table II,12,main,SOG on SPARE-GS,SPARE-GS,BungeeNeRF,average,25.43,0.859,0.181,42.91,MB,,,,41.18,,,compression method SOG applied to a SPARE-GS representation; one of three rate points per block
spare_gs_chen_2026,2607.16624,Table II,12,main,MesonGS on vanilla 3DGS,3DGS,BungeeNeRF,average,26.61,0.796,0.245,24.41,MB,,,,5840.3,,,compression method MesonGS applied to a vanilla 3DGS representation; one of three rate points per block
spare_gs_chen_2026,2607.16624,Table II,12,main,MesonGS on SPARE-GS,SPARE-GS,BungeeNeRF,average,26.49,0.792,0.257,16.43,MB,,,,4539.65,,,compression method MesonGS applied to a SPARE-GS representation; one of three rate points per block
spare_gs_chen_2026,2607.16624,Table II,12,main,MesonGS on vanilla 3DGS,3DGS,Mip-NeRF 360,average,26.54,0.794,0.247,18.05,MB,,,,4925.81,,,compression method MesonGS applied to a vanilla 3DGS representation; one of three rate points per block; block summary against the vanilla input: -19.77% -4.30% +0.07 dB
spare_gs_chen_2026,2607.16624,Table II,12,main,MesonGS on SPARE-GS,SPARE-GS,Mip-NeRF 360,average,26.28,0.788,0.263,12.16,MB,,,,3890.42,,,compression method MesonGS applied to a SPARE-GS representation; one of three rate points per block; block summary against the vanilla input: -19.77% -4.30% +0.07 dB
spare_gs_chen_2026,2607.16624,Table II,12,main,MesonGS on vanilla 3DGS,3DGS,Mip-NeRF 360,average,26.06,0.781,0.265,11.38,MB,,,,3973.4,,,compression method MesonGS applied to a vanilla 3DGS representation; one of three rate points per block
spare_gs_chen_2026,2607.16624,Table II,12,main,MesonGS on SPARE-GS,SPARE-GS,Mip-NeRF 360,average,25.56,0.768,0.289,7.72,MB,,,,3395.97,,,compression method MesonGS applied to a SPARE-GS representation; one of three rate points per block
spare_gs_chen_2026,2607.16624,Table II,12,main,MesonGS on vanilla 3DGS,3DGS,Mip-NeRF 360,average,29.82,0.903,0.25,23.57,MB,,,,5553.81,,,compression method MesonGS applied to a vanilla 3DGS representation; one of three rate points per block
spare_gs_chen_2026,2607.16624,Table II,12,main,MesonGS on SPARE-GS,SPARE-GS,Mip-NeRF 360,average,29.82,0.906,0.258,11.57,MB,,,,3492.71,,,compression method MesonGS applied to a SPARE-GS representation; one of three rate points per block
spare_gs_chen_2026,2607.16624,Table II,12,main,MesonGS on vanilla 3DGS,3DGS,Deep Blending,average,29.82,0.903,0.254,17.5,MB,,,,4664.81,,,compression method MesonGS applied to a vanilla 3DGS representation; one of three rate points per block; block summary against the vanilla input: -30.92% -21.35% +0.25 dB
spare_gs_chen_2026,2607.16624,Table II,12,main,MesonGS on SPARE-GS,SPARE-GS,Deep Blending,average,29.64,0.901,0.269,8.58,MB,,,,3280.84,,,compression method MesonGS applied to a SPARE-GS representation; one of three rate points per block; block summary against the vanilla input: -30.92% -21.35% +0.25 dB
spare_gs_chen_2026,2607.16624,Table II,12,main,MesonGS on vanilla 3DGS,3DGS,Deep Blending,average,29.54,0.896,0.269,11.02,MB,,,,3642.29,,,compression method MesonGS applied to a vanilla 3DGS representation; one of three rate points per block
spare_gs_chen_2026,2607.16624,Table II,12,main,MesonGS on SPARE-GS,SPARE-GS,Deep Blending,average,29.03,0.889,0.292,5.5,MB,,,,2801.2,,,compression method MesonGS applied to a SPARE-GS representation; one of three rate points per block
spare_gs_chen_2026,2607.16624,Table II,12,main,MesonGS on vanilla 3DGS,3DGS,Deep Blending,average,23.31,0.838,0.197,12.56,MB,,,,4248.56,,,compression method MesonGS applied to a vanilla 3DGS representation; one of three rate points per block
spare_gs_chen_2026,2607.16624,Table II,12,main,MesonGS on SPARE-GS,SPARE-GS,Deep Blending,average,23.36,0.836,0.203,10.52,MB,,,,3419.86,,,compression method MesonGS applied to a SPARE-GS representation; one of three rate points per block
spare_gs_chen_2026,2607.16624,Table II,12,main,MesonGS on vanilla 3DGS,3DGS,Tanks and Temples,average,23.19,0.83,0.209,9.35,MB,,,,3673.83,,,compression method MesonGS applied to a vanilla 3DGS representation; one of three rate points per block; block summary against the vanilla input: -19.81% -14.38% +0.13 dB
spare_gs_chen_2026,2607.16624,Table II,12,main,MesonGS on SPARE-GS,SPARE-GS,Tanks and Temples,average,23.12,0.824,0.219,7.83,MB,,,,2916.13,,,compression method MesonGS applied to a SPARE-GS representation; one of three rate points per block; block summary against the vanilla input: -19.81% -14.38% +0.13 dB
spare_gs_chen_2026,2607.16624,Table II,12,main,MesonGS on vanilla 3DGS,3DGS,Tanks and Temples,average,22.81,0.814,0.224,7.54,MB,,,,3164.61,,,compression method MesonGS applied to a vanilla 3DGS representation; one of three rate points per block
spare_gs_chen_2026,2607.16624,Table II,12,main,MesonGS on SPARE-GS,SPARE-GS,Tanks and Temples,average,22.64,0.8,0.248,5.12,MB,,,,2555.14,,,compression method MesonGS applied to a SPARE-GS representation; one of three rate points per block
spare_gs_chen_2026,2607.16624,Table II,12,main,MesonGS on vanilla 3DGS,3DGS,Tanks and Temples,average,27.18,0.901,0.118,65.79,MB,,,,11658.14,,,compression method MesonGS applied to a vanilla 3DGS representation; one of three rate points per block
spare_gs_chen_2026,2607.16624,Table II,12,main,MesonGS on SPARE-GS,SPARE-GS,Tanks and Temples,average,27.09,0.899,0.129,36.57,MB,,,,7109.88,,,compression method MesonGS applied to a SPARE-GS representation; one of three rate points per block
spare_gs_chen_2026,2607.16624,Table II,12,main,MesonGS on vanilla 3DGS,3DGS,BungeeNeRF,average,27.35,0.903,0.119,47.99,MB,,,,9018.83,,,compression method MesonGS applied to a vanilla 3DGS representation; one of three rate points per block; block summary against the vanilla input: -35.69% N/A N/A
spare_gs_chen_2026,2607.16624,Table II,12,main,MesonGS on SPARE-GS,SPARE-GS,BungeeNeRF,average,27.12,0.897,0.135,26.67,MB,,,,5871.53,,,compression method MesonGS applied to a SPARE-GS representation; one of three rate points per block; block summary against the vanilla input: -35.69% N/A N/A
spare_gs_chen_2026,2607.16624,Table II,12,main,MesonGS on vanilla 3DGS,3DGS,BungeeNeRF,average,27.21,0.894,0.135,29.62,MB,,,,6374.47,,,compression method MesonGS applied to a vanilla 3DGS representation; one of three rate points per block
spare_gs_chen_2026,2607.16624,Table II,12,main,MesonGS on SPARE-GS,SPARE-GS,BungeeNeRF,average,26.67,0.878,0.162,16.53,MB,,,,4415.33,,,compression method MesonGS applied to a SPARE-GS representation; one of three rate points per block
spare_gs_chen_2026,2607.16624,Table II,12,main,FCGS on vanilla 3DGS,3DGS,BungeeNeRF,average,27.35,0.804,0.233,41.68,MB,,,,386.81,,,compression method FCGS applied to a vanilla 3DGS representation; one of three rate points per block
spare_gs_chen_2026,2607.16624,Table II,12,main,FCGS on SPARE-GS,SPARE-GS,BungeeNeRF,average,27.28,0.802,0.239,34.08,MB,,,,181.79,,,compression method FCGS applied to a SPARE-GS representation; one of three rate points per block
spare_gs_chen_2026,2607.16624,Table II,12,main,FCGS on vanilla 3DGS,3DGS,Mip-NeRF 360,average,27.19,0.801,0.231,34.75,MB,,,,907.27,,,compression method FCGS applied to a vanilla 3DGS representation; one of three rate points per block; block summary against the vanilla input: -77.72% -24.34% +0.17 dB
spare_gs_chen_2026,2607.16624,Table II,12,main,FCGS on SPARE-GS,SPARE-GS,Mip-NeRF 360,average,27.16,0.799,0.243,24.71,MB,,,,165.2,,,compression method FCGS applied to a SPARE-GS representation; one of three rate points per block; block summary against the vanilla input: -77.72% -24.34% +0.17 dB
spare_gs_chen_2026,2607.16624,Table II,12,main,FCGS on vanilla 3DGS,3DGS,Mip-NeRF 360,average,27.01,0.797,0.238,27.75,MB,,,,763.06,,,compression method FCGS applied to a vanilla 3DGS representation; one of three rate points per block
spare_gs_chen_2026,2607.16624,Table II,12,main,FCGS on SPARE-GS,SPARE-GS,Mip-NeRF 360,average,27.01,0.796,0.247,20.72,MB,,,,111.44,,,compression method FCGS applied to a SPARE-GS representation; one of three rate points per block
spare_gs_chen_2026,2607.16624,Table II,12,main,FCGS on vanilla 3DGS,3DGS,Mip-NeRF 360,average,29.67,0.901,0.244,37.23,MB,,,,554.19,,,compression method FCGS applied to a vanilla 3DGS representation; one of three rate points per block
spare_gs_chen_2026,2607.16624,Table II,12,main,FCGS on SPARE-GS,SPARE-GS,Mip-NeRF 360,average,29.71,0.905,0.249,20.59,MB,,,,73.47,,,compression method FCGS applied to a SPARE-GS representation; one of three rate points per block
spare_gs_chen_2026,2607.16624,Table II,12,main,FCGS on vanilla 3DGS,3DGS,Deep Blending,average,29.49,0.899,0.247,27.62,MB,,,,675.78,,,compression method FCGS applied to a vanilla 3DGS representation; one of three rate points per block; block summary against the vanilla input: -86.41% -53.99% N/A
spare_gs_chen_2026,2607.16624,Table II,12,main,FCGS on SPARE-GS,SPARE-GS,Deep Blending,average,29.6,0.903,0.251,14.75,MB,,,,62.63,,,compression method FCGS applied to a SPARE-GS representation; one of three rate points per block; block summary against the vanilla input: -86.41% -53.99% N/A
spare_gs_chen_2026,2607.16624,Table II,12,main,FCGS on vanilla 3DGS,3DGS,Deep Blending,average,29.24,0.896,0.252,24.31,MB,,,,224.61,,,compression method FCGS applied to a vanilla 3DGS representation; one of three rate points per block
spare_gs_chen_2026,2607.16624,Table II,12,main,FCGS on SPARE-GS,SPARE-GS,Deep Blending,average,29.47,0.902,0.254,12.56,MB,,,,61.55,,,compression method FCGS applied to a SPARE-GS representation; one of three rate points per block
spare_gs_chen_2026,2607.16624,Table II,12,main,FCGS on vanilla 3DGS,3DGS,Deep Blending,average,23.47,0.841,0.181,24.71,MB,,,,461.62,,,compression method FCGS applied to a vanilla 3DGS representation; one of three rate points per block
spare_gs_chen_2026,2607.16624,Table II,12,main,FCGS on SPARE-GS,SPARE-GS,Deep Blending,average,23.82,0.843,0.188,17.73,MB,,,,89.69,,,compression method FCGS applied to a SPARE-GS representation; one of three rate points per block
spare_gs_chen_2026,2607.16624,Table II,12,main,FCGS on vanilla 3DGS,3DGS,Tanks and Temples,average,23.39,0.838,0.184,18.4,MB,,,,435.02,,,compression method FCGS applied to a vanilla 3DGS representation; one of three rate points per block; block summary against the vanilla input: -55.54% N/A +0.47 dB
spare_gs_chen_2026,2607.16624,Table II,12,main,FCGS on SPARE-GS,SPARE-GS,Tanks and Temples,average,23.77,0.84,0.191,13.06,MB,,,,193.63,,,compression method FCGS applied to a SPARE-GS representation; one of three rate points per block; block summary against the vanilla input: -55.54% N/A +0.47 dB
spare_gs_chen_2026,2607.16624,Table II,12,main,FCGS on vanilla 3DGS,3DGS,Tanks and Temples,average,23.32,0.835,0.188,16.0,MB,,,,186.84,,,compression method FCGS applied to a vanilla 3DGS representation; one of three rate points per block
spare_gs_chen_2026,2607.16624,Table II,12,main,FCGS on SPARE-GS,SPARE-GS,Tanks and Temples,average,23.67,0.837,0.195,11.18,MB,,,,198.37,,,compression method FCGS applied to a SPARE-GS representation; one of three rate points per block
spare_gs_chen_2026,2607.16624,Table II,12,main,GHAP on vanilla 3DGS,3DGS,Tanks and Temples,average,27.43,0.808,0.231,436.52,MB,,,,129.57,,,compression method GHAP applied to a vanilla 3DGS representation; one of three rate points per block
spare_gs_chen_2026,2607.16624,Table II,12,main,GHAP on SPARE-GS,SPARE-GS,Tanks and Temples,average,27.31,0.802,0.247,281.14,MB,,,,127.93,,,compression method GHAP applied to a SPARE-GS representation; one of three rate points per block
spare_gs_chen_2026,2607.16624,Table II,12,main,GHAP on vanilla 3DGS,3DGS,Mip-NeRF 360,average,27.29,0.802,0.245,311.69,MB,,,,121.37,,,compression method GHAP applied to a vanilla 3DGS representation; one of three rate points per block; block summary against the vanilla input: -19.56% -9.29% +0.06 dB
spare_gs_chen_2026,2607.16624,Table II,12,main,GHAP on SPARE-GS,SPARE-GS,Mip-NeRF 360,average,27.1,0.794,0.263,200.73,MB,,,,86.35,,,compression method GHAP applied to a SPARE-GS representation; one of three rate points per block; block summary against the vanilla input: -19.56% -9.29% +0.06 dB
spare_gs_chen_2026,2607.16624,Table II,12,main,GHAP on vanilla 3DGS,3DGS,Mip-NeRF 360,average,27.0,0.79,0.269,186.95,MB,,,,112.02,,,compression method GHAP applied to a vanilla 3DGS representation; one of three rate points per block
spare_gs_chen_2026,2607.16624,Table II,12,main,GHAP on SPARE-GS,SPARE-GS,Mip-NeRF 360,average,26.73,0.778,0.291,120.39,MB,,,,77.7,,,compression method GHAP applied to a SPARE-GS representation; one of three rate points per block
spare_gs_chen_2026,2607.16624,Table II,12,main,GHAP on vanilla 3DGS,3DGS,Mip-NeRF 360,average,29.81,0.903,0.245,410.42,MB,,,,108.53,,,compression method GHAP applied to a vanilla 3DGS representation; one of three rate points per block
spare_gs_chen_2026,2607.16624,Table II,12,main,GHAP on SPARE-GS,SPARE-GS,Mip-NeRF 360,average,29.75,0.905,0.251,186.02,MB,,,,64.26,,,compression method GHAP applied to a SPARE-GS representation; one of three rate points per block
spare_gs_chen_2026,2607.16624,Table II,12,main,GHAP on vanilla 3DGS,3DGS,Deep Blending,average,29.82,0.903,0.249,293.08,MB,,,,94.18,,,compression method GHAP applied to a vanilla 3DGS representation; one of three rate points per block; block summary against the vanilla input: -27.84% N/A -0.05 dB
spare_gs_chen_2026,2607.16624,Table II,12,main,GHAP on SPARE-GS,SPARE-GS,Deep Blending,average,29.7,0.904,0.256,132.83,MB,,,,76.99,,,compression method GHAP applied to a SPARE-GS representation; one of three rate points per block; block summary against the vanilla input: -27.84% N/A -0.05 dB
spare_gs_chen_2026,2607.16624,Table II,12,main,GHAP on vanilla 3DGS,3DGS,Deep Blending,average,29.79,0.902,0.257,175.83,MB,,,,91.61,,,compression method GHAP applied to a vanilla 3DGS representation; one of three rate points per block
spare_gs_chen_2026,2607.16624,Table II,12,main,GHAP on SPARE-GS,SPARE-GS,Deep Blending,average,29.66,0.903,0.264,79.67,MB,,,,71.14,,,compression method GHAP applied to a SPARE-GS representation; one of three rate points per block
spare_gs_chen_2026,2607.16624,Table II,12,main,GHAP on vanilla 3DGS,3DGS,Deep Blending,average,23.79,0.846,0.18,258.91,MB,,,,116.62,,,compression method GHAP applied to a vanilla 3DGS representation; one of three rate points per block
spare_gs_chen_2026,2607.16624,Table II,12,main,GHAP on SPARE-GS,SPARE-GS,Deep Blending,average,23.92,0.843,0.193,162.22,MB,,,,60.88,,,compression method GHAP applied to a SPARE-GS representation; one of three rate points per block
spare_gs_chen_2026,2607.16624,Table II,12,main,GHAP on vanilla 3DGS,3DGS,Tanks and Temples,average,23.76,0.842,0.192,184.86,MB,,,,92.72,,,compression method GHAP applied to a vanilla 3DGS representation; one of three rate points per block; block summary against the vanilla input: -42.11% -39.07% +0.14 dB
spare_gs_chen_2026,2607.16624,Table II,12,main,GHAP on SPARE-GS,SPARE-GS,Tanks and Temples,average,23.8,0.836,0.207,115.82,MB,,,,49.98,,,compression method GHAP applied to a SPARE-GS representation; one of three rate points per block; block summary against the vanilla input: -42.11% -39.07% +0.14 dB
spare_gs_chen_2026,2607.16624,Table II,12,main,GHAP on vanilla 3DGS,3DGS,Tanks and Temples,average,23.67,0.832,0.212,110.87,MB,,,,52.65,,,compression method GHAP applied to a vanilla 3DGS representation; one of three rate points per block
spare_gs_chen_2026,2607.16624,Table II,12,main,GHAP on SPARE-GS,SPARE-GS,Tanks and Temples,average,23.64,0.823,0.231,69.46,MB,,,,40.8,,,compression method GHAP applied to a SPARE-GS representation; one of three rate points per block
spare_gs_chen_2026,2607.16624,Table II,12,main,GHAP on vanilla 3DGS,3DGS,Tanks and Temples,average,27.63,0.91,0.106,1114.36,MB,,,,452.21,,,compression method GHAP applied to a vanilla 3DGS representation; one of three rate points per block
spare_gs_chen_2026,2607.16624,Table II,12,main,GHAP on SPARE-GS,SPARE-GS,Tanks and Temples,average,27.46,0.907,0.119,594.8,MB,,,,319.47,,,compression method GHAP applied to a SPARE-GS representation; one of three rate points per block
spare_gs_chen_2026,2607.16624,Table II,12,main,GHAP on vanilla 3DGS,3DGS,BungeeNeRF,average,27.41,0.903,0.119,795.87,MB,,,,316.6,,,compression method GHAP applied to a vanilla 3DGS representation; one of three rate points per block; block summary against the vanilla input: -23.63% -26.10% +0.30 dB
spare_gs_chen_2026,2607.16624,Table II,12,main,GHAP on SPARE-GS,SPARE-GS,BungeeNeRF,average,27.12,0.897,0.138,424.8,MB,,,,251.97,,,compression method GHAP applied to a SPARE-GS representation; one of three rate points per block; block summary against the vanilla input: -23.63% -26.10% +0.30 dB
spare_gs_chen_2026,2607.16624,Table II,12,main,GHAP on vanilla 3DGS,3DGS,BungeeNeRF,average,26.94,0.889,0.146,477.5,MB,,,,260.45,,,compression method GHAP applied to a vanilla 3DGS representation; one of three rate points per block
spare_gs_chen_2026,2607.16624,Table II,12,main,GHAP on SPARE-GS,SPARE-GS,BungeeNeRF,average,26.47,0.876,0.174,254.86,MB,,,,214.57,,,compression method GHAP applied to a SPARE-GS representation; one of three rate points per block
spare_gs_chen_2026,2607.16624,Table III,13,main,PUP on vanilla 3DGS,3DGS,Mip-NeRF 360,average,26.94,0.807,0.227,436.61,MB,,,,137.39,,,pruning method PUP applied to a vanilla 3DGS representation; one of three rate points per block
spare_gs_chen_2026,2607.16624,Table III,13,main,PUP on SPARE-GS,SPARE-GS,Mip-NeRF 360,average,26.39,0.798,0.243,281.21,MB,,,,108.93,,,pruning method PUP applied to a SPARE-GS representation; one of three rate points per block
spare_gs_chen_2026,2607.16624,Table III,13,main,PUP on vanilla 3DGS,3DGS,Mip-NeRF 360,average,24.66,0.781,0.248,311.87,MB,,,,132.38,,,pruning method PUP applied to a vanilla 3DGS representation; one of three rate points per block; block summary against the vanilla input: -18.42% -22.18% +2.04 dB
spare_gs_chen_2026,2607.16624,Table III,13,main,PUP on SPARE-GS,SPARE-GS,Mip-NeRF 360,average,23.05,0.753,0.275,200.87,MB,,,,108.4,,,pruning method PUP applied to a SPARE-GS representation; one of three rate points per block; block summary against the vanilla input: -18.42% -22.18% +2.04 dB
spare_gs_chen_2026,2607.16624,Table III,13,main,PUP on vanilla 3DGS,3DGS,Mip-NeRF 360,average,20.62,0.703,0.305,187.12,MB,,,,130.16,,,pruning method PUP applied to a vanilla 3DGS representation; one of three rate points per block
spare_gs_chen_2026,2607.16624,Table III,13,main,PUP on SPARE-GS,SPARE-GS,Mip-NeRF 360,average,18.87,0.651,0.343,120.52,MB,,,,108.92,,,pruning method PUP applied to a SPARE-GS representation; one of three rate points per block
spare_gs_chen_2026,2607.16624,Table III,13,main,PUP on vanilla 3DGS,3DGS,Mip-NeRF 360,average,29.77,0.906,0.239,410.46,MB,,,,110.27,,,pruning method PUP applied to a vanilla 3DGS representation; one of three rate points per block
spare_gs_chen_2026,2607.16624,Table III,13,main,PUP on SPARE-GS,SPARE-GS,Mip-NeRF 360,average,29.61,0.906,0.248,186.05,MB,,,,73.0,,,pruning method PUP applied to a SPARE-GS representation; one of three rate points per block
spare_gs_chen_2026,2607.16624,Table III,13,main,PUP on vanilla 3DGS,3DGS,Deep Blending,average,29.08,0.898,0.251,293.19,MB,,,,107.79,,,pruning method PUP applied to a vanilla 3DGS representation; one of three rate points per block; block summary against the vanilla input: -33.00% -39.48% +3.57 dB
spare_gs_chen_2026,2607.16624,Table III,13,main,PUP on SPARE-GS,SPARE-GS,Deep Blending,average,27.65,0.884,0.275,132.9,MB,,,,72.25,,,pruning method PUP applied to a SPARE-GS representation; one of three rate points per block; block summary against the vanilla input: -33.00% -39.48% +3.57 dB
spare_gs_chen_2026,2607.16624,Table III,13,main,PUP on vanilla 3DGS,3DGS,Deep Blending,average,25.67,0.86,0.296,175.91,MB,,,,105.55,,,pruning method PUP applied to a vanilla 3DGS representation; one of three rate points per block
spare_gs_chen_2026,2607.16624,Table III,13,main,PUP on SPARE-GS,SPARE-GS,Deep Blending,average,21.73,0.812,0.344,79.74,MB,,,,71.58,,,pruning method PUP applied to a SPARE-GS representation; one of three rate points per block
spare_gs_chen_2026,2607.16624,Table III,13,main,PUP on vanilla 3DGS,3DGS,Deep Blending,average,23.06,0.84,0.182,258.98,MB,,,,65.04,,,pruning method PUP applied to a vanilla 3DGS representation; one of three rate points per block
spare_gs_chen_2026,2607.16624,Table III,13,main,PUP on SPARE-GS,SPARE-GS,Deep Blending,average,22.96,0.834,0.196,162.26,MB,,,,49.02,,,pruning method PUP applied to a SPARE-GS representation; one of three rate points per block
spare_gs_chen_2026,2607.16624,Table III,13,main,PUP on vanilla 3DGS,3DGS,Tanks and Temples,average,21.38,0.813,0.207,184.98,MB,,,,67.11,,,pruning method PUP applied to a vanilla 3DGS representation; one of three rate points per block; block summary against the vanilla input: -24.06% -26.16% +2.03 dB
spare_gs_chen_2026,2607.16624,Table III,13,main,PUP on SPARE-GS,SPARE-GS,Tanks and Temples,average,20.24,0.795,0.231,115.9,MB,,,,50.01,,,pruning method PUP applied to a SPARE-GS representation; one of three rate points per block; block summary against the vanilla input: -24.06% -26.16% +2.03 dB
spare_gs_chen_2026,2607.16624,Table III,13,main,PUP on vanilla 3DGS,3DGS,Tanks and Temples,average,18.06,0.742,0.265,110.99,MB,,,,62.05,,,pruning method PUP applied to a vanilla 3DGS representation; one of three rate points per block
spare_gs_chen_2026,2607.16624,Table III,13,main,PUP on SPARE-GS,SPARE-GS,Tanks and Temples,average,16.54,0.708,0.295,69.54,MB,,,,48.44,,,pruning method PUP applied to a SPARE-GS representation; one of three rate points per block
spare_gs_chen_2026,2607.16624,Table III,13,main,PUP on vanilla 3DGS,3DGS,Tanks and Temples,average,27.68,0.912,0.099,1114.41,MB,,,,212.16,,,pruning method PUP applied to a vanilla 3DGS representation; one of three rate points per block
spare_gs_chen_2026,2607.16624,Table III,13,main,PUP on SPARE-GS,SPARE-GS,Tanks and Temples,average,27.38,0.907,0.112,594.84,MB,,,,109.42,,,pruning method PUP applied to a SPARE-GS representation; one of three rate points per block
spare_gs_chen_2026,2607.16624,Table III,13,main,PUP on vanilla 3DGS,3DGS,BungeeNeRF,average,26.75,0.894,0.114,796.01,MB,,,,186.75,,,pruning method PUP applied to a vanilla 3DGS representation; one of three rate points per block; block summary against the vanilla input: -45.84% -35.97% +2.65 dB
spare_gs_chen_2026,2607.16624,Table III,13,main,PUP on SPARE-GS,SPARE-GS,BungeeNeRF,average,25.98,0.879,0.136,424.89,MB,,,,99.66,,,pruning method PUP applied to a SPARE-GS representation; one of three rate points per block; block summary against the vanilla input: -45.84% -35.97% +2.65 dB
spare_gs_chen_2026,2607.16624,Table III,13,main,PUP on vanilla 3DGS,3DGS,BungeeNeRF,average,23.49,0.831,0.166,477.61,MB,,,,164.91,,,pruning method PUP applied to a vanilla 3DGS representation; one of three rate points per block
spare_gs_chen_2026,2607.16624,Table III,13,main,PUP on SPARE-GS,SPARE-GS,BungeeNeRF,average,21.67,0.792,0.206,254.93,MB,,,,96.29,,,pruning method PUP applied to a SPARE-GS representation; one of three rate points per block
spare_gs_chen_2026,2607.16624,Table III,13,main,REFINE on vanilla 3DGS,3DGS,BungeeNeRF,average,27.25,0.807,0.227,436.61,MB,,,,5.21,,,pruning method REFINE applied to a vanilla 3DGS representation; one of three rate points per block
spare_gs_chen_2026,2607.16624,Table III,13,main,REFINE on SPARE-GS,SPARE-GS,BungeeNeRF,average,26.65,0.798,0.244,281.06,MB,,,,3.46,,,pruning method REFINE applied to a SPARE-GS representation; one of three rate points per block
spare_gs_chen_2026,2607.16624,Table III,13,main,REFINE on vanilla 3DGS,3DGS,Mip-NeRF 360,average,26.21,0.789,0.247,311.87,MB,,,,4.44,,,pruning method REFINE applied to a vanilla 3DGS representation; one of three rate points per block; block summary against the vanilla input: -32.63% -18.55% +1.07 dB
spare_gs_chen_2026,2607.16624,Table III,13,main,REFINE on SPARE-GS,SPARE-GS,Mip-NeRF 360,average,25.2,0.77,0.272,200.91,MB,,,,3.73,,,pruning method REFINE applied to a SPARE-GS representation; one of three rate points per block; block summary against the vanilla input: -32.63% -18.55% +1.07 dB
spare_gs_chen_2026,2607.16624,Table III,13,main,REFINE on vanilla 3DGS,3DGS,Mip-NeRF 360,average,23.55,0.733,0.299,187.12,MB,,,,4.48,,,pruning method REFINE applied to a vanilla 3DGS representation; one of three rate points per block
spare_gs_chen_2026,2607.16624,Table III,13,main,REFINE on SPARE-GS,SPARE-GS,Mip-NeRF 360,average,21.89,0.68,0.34,120.57,MB,,,,2.33,,,pruning method REFINE applied to a SPARE-GS representation; one of three rate points per block
spare_gs_chen_2026,2607.16624,Table III,13,main,REFINE on vanilla 3DGS,3DGS,Mip-NeRF 360,average,29.59,0.9,0.245,410.46,MB,,,,3.79,,,pruning method REFINE applied to a vanilla 3DGS representation; one of three rate points per block
spare_gs_chen_2026,2607.16624,Table III,13,main,REFINE on SPARE-GS,SPARE-GS,Mip-NeRF 360,average,29.4,0.9,0.255,186.05,MB,,,,2.52,,,pruning method REFINE applied to a SPARE-GS representation; one of three rate points per block
spare_gs_chen_2026,2607.16624,Table III,13,main,REFINE on vanilla 3DGS,3DGS,Deep Blending,average,29.09,0.893,0.255,293.19,MB,,,,3.71,,,pruning method REFINE applied to a vanilla 3DGS representation; one of three rate points per block; block summary against the vanilla input: -43.08% -40.77% +1.59 dB
spare_gs_chen_2026,2607.16624,Table III,13,main,REFINE on SPARE-GS,SPARE-GS,Deep Blending,average,28.44,0.886,0.274,132.9,MB,,,,1.83,,,pruning method REFINE applied to a SPARE-GS representation; one of three rate points per block; block summary against the vanilla input: -43.08% -40.77% +1.59 dB
spare_gs_chen_2026,2607.16624,Table III,13,main,REFINE on vanilla 3DGS,3DGS,Deep Blending,average,27.64,0.87,0.283,175.91,MB,,,,2.9,,,pruning method REFINE applied to a vanilla 3DGS representation; one of three rate points per block
spare_gs_chen_2026,2607.16624,Table III,13,main,REFINE on SPARE-GS,SPARE-GS,Deep Blending,average,26.29,0.849,0.315,79.74,MB,,,,1.57,,,pruning method REFINE applied to a SPARE-GS representation; one of three rate points per block
spare_gs_chen_2026,2607.16624,Table III,13,main,REFINE on vanilla 3DGS,3DGS,Deep Blending,average,23.35,0.839,0.182,258.98,MB,,,,3.24,,,pruning method REFINE applied to a vanilla 3DGS representation; one of three rate points per block
spare_gs_chen_2026,2607.16624,Table III,13,main,REFINE on SPARE-GS,SPARE-GS,Deep Blending,average,23.27,0.835,0.194,162.26,MB,,,,1.66,,,pruning method REFINE applied to a SPARE-GS representation; one of three rate points per block
spare_gs_chen_2026,2607.16624,Table III,13,main,REFINE on vanilla 3DGS,3DGS,Tanks and Temples,average,22.35,0.816,0.203,184.98,MB,,,,2.59,,,pruning method REFINE applied to a vanilla 3DGS representation; one of three rate points per block; block summary against the vanilla input: -33.11% -28.60% +1.43 dB
spare_gs_chen_2026,2607.16624,Table III,13,main,REFINE on SPARE-GS,SPARE-GS,Tanks and Temples,average,21.83,0.804,0.222,115.9,MB,,,,2.0,,,pruning method REFINE applied to a SPARE-GS representation; one of three rate points per block; block summary against the vanilla input: -33.11% -28.60% +1.43 dB
spare_gs_chen_2026,2607.16624,Table III,13,main,REFINE on vanilla 3DGS,3DGS,Tanks and Temples,average,20.15,0.758,0.256,110.99,MB,,,,1.69,,,pruning method REFINE applied to a vanilla 3DGS representation; one of three rate points per block
spare_gs_chen_2026,2607.16624,Table III,13,main,REFINE on SPARE-GS,SPARE-GS,Tanks and Temples,average,19.33,0.737,0.282,69.54,MB,,,,1.37,,,pruning method REFINE applied to a SPARE-GS representation; one of three rate points per block
spare_gs_chen_2026,2607.16624,Table III,13,main,REFINE on vanilla 3DGS,3DGS,Tanks and Temples,average,26.95,0.904,0.109,1114.41,MB,,,,14.2,,,pruning method REFINE applied to a vanilla 3DGS representation; one of three rate points per block
spare_gs_chen_2026,2607.16624,Table III,13,main,REFINE on SPARE-GS,SPARE-GS,Tanks and Temples,average,26.45,0.893,0.127,594.84,MB,,,,6.24,,,pruning method REFINE applied to a SPARE-GS representation; one of three rate points per block
spare_gs_chen_2026,2607.16624,Table III,13,main,REFINE on vanilla 3DGS,3DGS,BungeeNeRF,average,25.45,0.874,0.136,796.01,MB,,,,10.48,,,pruning method REFINE applied to a vanilla 3DGS representation; one of three rate points per block; block summary against the vanilla input: -49.08% -36.41% +2.63 dB
spare_gs_chen_2026,2607.16624,Table III,13,main,REFINE on SPARE-GS,SPARE-GS,BungeeNeRF,average,24.52,0.845,0.171,424.89,MB,,,,4.83,,,pruning method REFINE applied to a SPARE-GS representation; one of three rate points per block; block summary against the vanilla input: -49.08% -36.41% +2.63 dB
spare_gs_chen_2026,2607.16624,Table III,13,main,REFINE on vanilla 3DGS,3DGS,BungeeNeRF,average,22.53,0.783,0.214,477.61,MB,,,,7.31,,,pruning method REFINE applied to a vanilla 3DGS representation; one of three rate points per block
spare_gs_chen_2026,2607.16624,Table III,13,main,REFINE on SPARE-GS,SPARE-GS,BungeeNeRF,average,21.08,0.718,0.276,254.93,MB,,,,5.22,,,pruning method REFINE applied to a SPARE-GS representation; one of three rate points per block
spare_gs_chen_2026,2607.16624,Table III,13,main,RAP on vanilla 3DGS,3DGS,BungeeNeRF,average,27.37,0.81,0.23,436.61,MB,,,,78.81,,,pruning method RAP applied to a vanilla 3DGS representation; one of three rate points per block
spare_gs_chen_2026,2607.16624,Table III,13,main,RAP on SPARE-GS,SPARE-GS,BungeeNeRF,average,27.02,0.8,0.25,281.21,MB,,,,47.62,,,pruning method RAP applied to a SPARE-GS representation; one of three rate points per block
spare_gs_chen_2026,2607.16624,Table III,13,main,RAP on vanilla 3DGS,3DGS,Mip-NeRF 360,average,26.47,0.79,0.25,311.87,MB,,,,74.15,,,pruning method RAP applied to a vanilla 3DGS representation; one of three rate points per block; block summary against the vanilla input: -34.05% -21.54% +1.08 dB
spare_gs_chen_2026,2607.16624,Table III,13,main,RAP on SPARE-GS,SPARE-GS,Mip-NeRF 360,average,25.7,0.77,0.28,200.87,MB,,,,59.7,,,pruning method RAP applied to a SPARE-GS representation; one of three rate points per block; block summary against the vanilla input: -34.05% -21.54% +1.08 dB
spare_gs_chen_2026,2607.16624,Table III,13,main,RAP on vanilla 3DGS,3DGS,Mip-NeRF 360,average,24.08,0.73,0.304,187.12,MB,,,,71.81,,,pruning method RAP applied to a vanilla 3DGS representation; one of three rate points per block
spare_gs_chen_2026,2607.16624,Table III,13,main,RAP on SPARE-GS,SPARE-GS,Mip-NeRF 360,average,23.12,0.697,0.342,120.52,MB,,,,40.91,,,pruning method RAP applied to a SPARE-GS representation; one of three rate points per block
spare_gs_chen_2026,2607.16624,Table III,13,main,RAP on vanilla 3DGS,3DGS,Mip-NeRF 360,average,29.72,0.905,0.243,410.46,MB,,,,79.44,,,pruning method RAP applied to a vanilla 3DGS representation; one of three rate points per block
spare_gs_chen_2026,2607.16624,Table III,13,main,RAP on SPARE-GS,SPARE-GS,Mip-NeRF 360,average,29.48,0.904,0.254,186.05,MB,,,,30.97,,,pruning method RAP applied to a SPARE-GS representation; one of three rate points per block
spare_gs_chen_2026,2607.16624,Table III,13,main,RAP on vanilla 3DGS,3DGS,Deep Blending,average,29.22,0.898,0.256,293.19,MB,,,,73.17,,,pruning method RAP applied to a vanilla 3DGS representation; one of three rate points per block; block summary against the vanilla input: -57.70% -39.69% +1.46 dB
spare_gs_chen_2026,2607.16624,Table III,13,main,RAP on SPARE-GS,SPARE-GS,Deep Blending,average,28.54,0.889,0.277,132.9,MB,,,,37.25,,,pruning method RAP applied to a SPARE-GS representation; one of three rate points per block; block summary against the vanilla input: -57.70% -39.69% +1.46 dB
spare_gs_chen_2026,2607.16624,Table III,13,main,RAP on vanilla 3DGS,3DGS,Deep Blending,average,27.86,0.877,0.287,175.91,MB,,,,70.76,,,pruning method RAP applied to a vanilla 3DGS representation; one of three rate points per block
spare_gs_chen_2026,2607.16624,Table III,13,main,RAP on SPARE-GS,SPARE-GS,Deep Blending,average,26.69,0.857,0.32,79.74,MB,,,,26.27,,,pruning method RAP applied to a SPARE-GS representation; one of three rate points per block
spare_gs_chen_2026,2607.16624,Table III,13,main,RAP on vanilla 3DGS,3DGS,Deep Blending,average,23.61,0.847,0.176,258.98,MB,,,,42.74,,,pruning method RAP applied to a vanilla 3DGS representation; one of three rate points per block
spare_gs_chen_2026,2607.16624,Table III,13,main,RAP on SPARE-GS,SPARE-GS,Deep Blending,average,23.63,0.84,0.191,162.26,MB,,,,25.09,,,pruning method RAP applied to a SPARE-GS representation; one of three rate points per block
spare_gs_chen_2026,2607.16624,Table III,13,main,RAP on vanilla 3DGS,3DGS,Tanks and Temples,average,22.93,0.825,0.198,184.98,MB,,,,41.19,,,pruning method RAP applied to a vanilla 3DGS representation; one of three rate points per block; block summary against the vanilla input: -37.22% -29.98% +1.16 dB
spare_gs_chen_2026,2607.16624,Table III,13,main,RAP on SPARE-GS,SPARE-GS,Tanks and Temples,average,22.62,0.808,0.223,115.9,MB,,,,30.19,,,pruning method RAP applied to a SPARE-GS representation; one of three rate points per block; block summary against the vanilla input: -37.22% -29.98% +1.16 dB
spare_gs_chen_2026,2607.16624,Table III,13,main,RAP on vanilla 3DGS,3DGS,Tanks and Temples,average,21.18,0.765,0.254,110.99,MB,,,,39.1,,,pruning method RAP applied to a vanilla 3DGS representation; one of three rate points per block
spare_gs_chen_2026,2607.16624,Table III,13,main,RAP on SPARE-GS,SPARE-GS,Tanks and Temples,average,20.6,0.734,0.291,69.54,MB,,,,21.96,,,pruning method RAP applied to a SPARE-GS representation; one of three rate points per block
spare_gs_chen_2026,2607.16624,Table IV,14,ablation,SPARE-GS (Baseline),3DGS,Mip-NeRF 360,average,27.51,0.813,0.221,,,2640000,,1314,,,,"leave-one-out: BMD=×, RAP=×, EDT=× (BMD = budget-modulated densification, RAP = redundancy-aware pruning, EDT = equilibrium-driven termination); Gaussian count printed as 2.64M"
spare_gs_chen_2026,2607.16624,Table IV,14,ablation,SPARE-GS (w/o BMD),3DGS,Mip-NeRF 360,average,27.50,0.813,0.227,,,1880000,,1091,,,,"leave-one-out: BMD=×, RAP=✓, EDT=✓ (BMD = budget-modulated densification, RAP = redundancy-aware pruning, EDT = equilibrium-driven termination); Gaussian count printed as 1.88M"
spare_gs_chen_2026,2607.16624,Table IV,14,ablation,SPARE-GS (w/o RAP),3DGS,Mip-NeRF 360,average,27.48,0.809,0.228,,,2320000,,1161,,,,"leave-one-out: BMD=✓, RAP=×, EDT=✓ (BMD = budget-modulated densification, RAP = redundancy-aware pruning, EDT = equilibrium-driven termination); Gaussian count printed as 2.32M"
spare_gs_chen_2026,2607.16624,Table IV,14,ablation,SPARE-GS (w/o EDT),3DGS,Mip-NeRF 360,average,27.45,0.809,0.233,,,1680000,,964,,,,"leave-one-out: BMD=✓, RAP=✓, EDT=× (BMD = budget-modulated densification, RAP = redundancy-aware pruning, EDT = equilibrium-driven termination); Gaussian count printed as 1.68M"
spare_gs_chen_2026,2607.16624,Table IV,14,ablation,SPARE-GS (Full),3DGS,Mip-NeRF 360,average,27.46,0.809,0.234,,,1690000,,928,,,,"leave-one-out: BMD=✓, RAP=✓, EDT=✓ (BMD = budget-modulated densification, RAP = redundancy-aware pruning, EDT = equilibrium-driven termination); Gaussian count printed as 1.69M"
spare_gs_chen_2026,2607.16624,Table V,15,ablation,SPARE-GS (K = 16^3),3DGS,Mip-NeRF 360,average,27.43,0.809,0.234,,,1685685,,888.92,,,,"hyperparameter sensitivity: K voxel resolution, tau_alpha pruning opacity threshold, l termination patience, epsilon_L loss-saturation tolerance, epsilon_N count-saturation tolerance"
spare_gs_chen_2026,2607.16624,Table V,15,ablation,SPARE-GS (K = 32^3 (default)),3DGS,Mip-NeRF 360,average,27.46,0.809,0.234,,,1693989,,928.40,,,,"hyperparameter sensitivity: K voxel resolution, tau_alpha pruning opacity threshold, l termination patience, epsilon_L loss-saturation tolerance, epsilon_N count-saturation tolerance"
spare_gs_chen_2026,2607.16624,Table V,15,ablation,SPARE-GS (K = 64^3),3DGS,Mip-NeRF 360,average,27.42,0.809,0.234,,,1688937,,894.68,,,,"hyperparameter sensitivity: K voxel resolution, tau_alpha pruning opacity threshold, l termination patience, epsilon_L loss-saturation tolerance, epsilon_N count-saturation tolerance"
spare_gs_chen_2026,2607.16624,Table V,15,ablation,SPARE-GS (tau_alpha = 0.01),3DGS,Mip-NeRF 360,average,27.48,0.809,0.228,,,2230887,,1136.96,,,,"hyperparameter sensitivity: K voxel resolution, tau_alpha pruning opacity threshold, l termination patience, epsilon_L loss-saturation tolerance, epsilon_N count-saturation tolerance"
spare_gs_chen_2026,2607.16624,Table V,15,ablation,SPARE-GS (tau_alpha = 0.05 (default)),3DGS,Mip-NeRF 360,average,27.46,0.809,0.234,,,1693989,,928.40,,,,"hyperparameter sensitivity: K voxel resolution, tau_alpha pruning opacity threshold, l termination patience, epsilon_L loss-saturation tolerance, epsilon_N count-saturation tolerance"
spare_gs_chen_2026,2607.16624,Table V,15,ablation,SPARE-GS (tau_alpha = 0.10),3DGS,Mip-NeRF 360,average,27.34,0.804,0.245,,,1313693,,744.71,,,,"hyperparameter sensitivity: K voxel resolution, tau_alpha pruning opacity threshold, l termination patience, epsilon_L loss-saturation tolerance, epsilon_N count-saturation tolerance"
spare_gs_chen_2026,2607.16624,Table V,15,ablation,SPARE-GS (l = 1 step),3DGS,Mip-NeRF 360,average,27.31,0.807,0.236,,,1688295,,788.26,,,,"hyperparameter sensitivity: K voxel resolution, tau_alpha pruning opacity threshold, l termination patience, epsilon_L loss-saturation tolerance, epsilon_N count-saturation tolerance"
spare_gs_chen_2026,2607.16624,Table V,15,ablation,SPARE-GS (l = 2 steps (default)),3DGS,Mip-NeRF 360,average,27.46,0.809,0.234,,,1693989,,928.40,,,,"hyperparameter sensitivity: K voxel resolution, tau_alpha pruning opacity threshold, l termination patience, epsilon_L loss-saturation tolerance, epsilon_N count-saturation tolerance"
spare_gs_chen_2026,2607.16624,Table V,15,ablation,SPARE-GS (l = 3 steps),3DGS,Mip-NeRF 360,average,27.46,0.809,0.234,,,1694566,,937.14,,,,"hyperparameter sensitivity: K voxel resolution, tau_alpha pruning opacity threshold, l termination patience, epsilon_L loss-saturation tolerance, epsilon_N count-saturation tolerance"
spare_gs_chen_2026,2607.16624,Table V,15,ablation,SPARE-GS (epsilon_L = 0.016),3DGS,Mip-NeRF 360,average,27.43,0.808,0.235,,,1692243,,868.78,,,,"hyperparameter sensitivity: K voxel resolution, tau_alpha pruning opacity threshold, l termination patience, epsilon_L loss-saturation tolerance, epsilon_N count-saturation tolerance"
spare_gs_chen_2026,2607.16624,Table V,15,ablation,SPARE-GS (epsilon_L = 0.008 (default)),3DGS,Mip-NeRF 360,average,27.46,0.809,0.234,,,1693989,,928.40,,,,"hyperparameter sensitivity: K voxel resolution, tau_alpha pruning opacity threshold, l termination patience, epsilon_L loss-saturation tolerance, epsilon_N count-saturation tolerance"
spare_gs_chen_2026,2607.16624,Table V,15,ablation,SPARE-GS (epsilon_L = 0.004),3DGS,Mip-NeRF 360,average,27.49,0.809,0.234,,,1692740,,962.89,,,,"hyperparameter sensitivity: K voxel resolution, tau_alpha pruning opacity threshold, l termination patience, epsilon_L loss-saturation tolerance, epsilon_N count-saturation tolerance"
spare_gs_chen_2026,2607.16624,Table V,15,ablation,SPARE-GS (epsilon_N = 0.05),3DGS,Mip-NeRF 360,average,27.37,0.808,0.234,,,1694729,,898.40,,,,"hyperparameter sensitivity: K voxel resolution, tau_alpha pruning opacity threshold, l termination patience, epsilon_L loss-saturation tolerance, epsilon_N count-saturation tolerance"
spare_gs_chen_2026,2607.16624,Table V,15,ablation,SPARE-GS (epsilon_N = 0.01 (default)),3DGS,Mip-NeRF 360,average,27.46,0.809,0.234,,,1693989,,928.40,,,,"hyperparameter sensitivity: K voxel resolution, tau_alpha pruning opacity threshold, l termination patience, epsilon_L loss-saturation tolerance, epsilon_N count-saturation tolerance"
spare_gs_chen_2026,2607.16624,Table V,15,ablation,SPARE-GS (epsilon_N = 0.001),3DGS,Mip-NeRF 360,average,27.46,0.809,0.234,,,1694289,,941.40,,,,"hyperparameter sensitivity: K voxel resolution, tau_alpha pruning opacity threshold, l termination patience, epsilon_L loss-saturation tolerance, epsilon_N count-saturation tolerance"
taming_3dgs_mallick_sigasia2024,2406.15643,Table 1,9,main,Compressed3D (C3DGS),3DGS,Tanks and Temples,average,23.57,0.843,0.182,,,1530000,,1680,,,,"the top half budgets each scene from its SfM point count (2x for Mip-NeRF 360 indoor and Tanks and Temples, 5x for Deep Blending, 15x for unbounded outdoor); the bottom half matches the 3DGS Gaussian count exactly. Budget is a primitive count, not bytes; no MB column is reported. Peak Gaussian count during training 1.84e6."
taming_3dgs_mallick_sigasia2024,2406.15643,Table 1,9,main,Compressed3D (C3DGS),3DGS,Mip-NeRF 360,average,27.34,0.811,0.221,,,2440000,,2580,,,,"the top half budgets each scene from its SfM point count (2x for Mip-NeRF 360 indoor and Tanks and Temples, 5x for Deep Blending, 15x for unbounded outdoor); the bottom half matches the 3DGS Gaussian count exactly. Budget is a primitive count, not bytes; no MB column is reported. Peak Gaussian count during training 2.94e6."
taming_3dgs_mallick_sigasia2024,2406.15643,Table 1,9,main,Compressed3D (C3DGS),3DGS,Deep Blending,average,29.54,0.9,0.252,,,2430000,,2340,,,,"the top half budgets each scene from its SfM point count (2x for Mip-NeRF 360 indoor and Tanks and Temples, 5x for Deep Blending, 15x for unbounded outdoor); the bottom half matches the 3DGS Gaussian count exactly. Budget is a primitive count, not bytes; no MB column is reported. Peak Gaussian count during training 2.81e6."
taming_3dgs_mallick_sigasia2024,2406.15643,Table 1,9,main,Compact 3DGS (R-VQ),3DGS,Tanks and Temples,average,23.3,0.831,0.202,,,830000,,1620,,,,"the top half budgets each scene from its SfM point count (2x for Mip-NeRF 360 indoor and Tanks and Temples, 5x for Deep Blending, 15x for unbounded outdoor); the bottom half matches the 3DGS Gaussian count exactly. Budget is a primitive count, not bytes; no MB column is reported. Peak Gaussian count during training 1.46e6."
taming_3dgs_mallick_sigasia2024,2406.15643,Table 1,9,main,Compact 3DGS (R-VQ),3DGS,Mip-NeRF 360,average,26.99,0.797,0.245,,,1410000,,2880,,,,"the top half budgets each scene from its SfM point count (2x for Mip-NeRF 360 indoor and Tanks and Temples, 5x for Deep Blending, 15x for unbounded outdoor); the bottom half matches the 3DGS Gaussian count exactly. Budget is a primitive count, not bytes; no MB column is reported. Peak Gaussian count during training 2.57e6."
taming_3dgs_mallick_sigasia2024,2406.15643,Table 1,9,main,Compact 3DGS (R-VQ),3DGS,Deep Blending,average,29.75,0.901,0.26,,,1040000,,2280,,,,"the top half budgets each scene from its SfM point count (2x for Mip-NeRF 360 indoor and Tanks and Temples, 5x for Deep Blending, 15x for unbounded outdoor); the bottom half matches the 3DGS Gaussian count exactly. Budget is a primitive count, not bytes; no MB column is reported. Peak Gaussian count during training 2.25e6."
taming_3dgs_mallick_sigasia2024,2406.15643,Table 1,9,main,Reduced 3DGS [26],3DGS,Tanks and Temples,average,23.66,0.844,0.178,,,710000,,1080,,,,"the top half budgets each scene from its SfM point count (2x for Mip-NeRF 360 indoor and Tanks and Temples, 5x for Deep Blending, 15x for unbounded outdoor); the bottom half matches the 3DGS Gaussian count exactly. Budget is a primitive count, not bytes; no MB column is reported. Peak Gaussian count during training 0.71e6."
taming_3dgs_mallick_sigasia2024,2406.15643,Table 1,9,main,Reduced 3DGS [26],3DGS,Mip-NeRF 360,average,27.43,0.814,0.22,,,830000,,1500,,,,"the top half budgets each scene from its SfM point count (2x for Mip-NeRF 360 indoor and Tanks and Temples, 5x for Deep Blending, 15x for unbounded outdoor); the bottom half matches the 3DGS Gaussian count exactly. Budget is a primitive count, not bytes; no MB column is reported. Peak Gaussian count during training 0.83e6."
taming_3dgs_mallick_sigasia2024,2406.15643,Table 1,9,main,Reduced 3DGS [26],3DGS,Deep Blending,average,29.57,0.902,0.247,,,970000,,1320,,,,"the top half budgets each scene from its SfM point count (2x for Mip-NeRF 360 indoor and Tanks and Temples, 5x for Deep Blending, 15x for unbounded outdoor); the bottom half matches the 3DGS Gaussian count exactly. Budget is a primitive count, not bytes; no MB column is reported. Peak Gaussian count during training 0.97e6."
taming_3dgs_mallick_sigasia2024,2406.15643,Table 1,9,main,Mini-Splatting,3DGS,Tanks and Temples,average,23.42,0.847,0.181,,,310000,,1200,,,,"the top half budgets each scene from its SfM point count (2x for Mip-NeRF 360 indoor and Tanks and Temples, 5x for Deep Blending, 15x for unbounded outdoor); the bottom half matches the 3DGS Gaussian count exactly. Budget is a primitive count, not bytes; no MB column is reported. Peak Gaussian count during training 4.32e6."
taming_3dgs_mallick_sigasia2024,2406.15643,Table 1,9,main,Mini-Splatting,3DGS,Mip-NeRF 360,average,27.26,0.822,0.217,,,500000,,1800,,,,"the top half budgets each scene from its SfM point count (2x for Mip-NeRF 360 indoor and Tanks and Temples, 5x for Deep Blending, 15x for unbounded outdoor); the bottom half matches the 3DGS Gaussian count exactly. Budget is a primitive count, not bytes; no MB column is reported. Peak Gaussian count during training 4.32e6."
taming_3dgs_mallick_sigasia2024,2406.15643,Table 1,9,main,Mini-Splatting,3DGS,Deep Blending,average,30.04,0.909,0.244,,,560000,,1440,,,,"the top half budgets each scene from its SfM point count (2x for Mip-NeRF 360 indoor and Tanks and Temples, 5x for Deep Blending, 15x for unbounded outdoor); the bottom half matches the 3DGS Gaussian count exactly. Budget is a primitive count, not bytes; no MB column is reported. Peak Gaussian count during training 4.51e6."
taming_3dgs_mallick_sigasia2024,2406.15643,Table 1,9,main,INGP-Big,Instant-NGP,Tanks and Temples,average,21.92,0.745,0.305,,,,,420,,,,"the top half budgets each scene from its SfM point count (2x for Mip-NeRF 360 indoor and Tanks and Temples, 5x for Deep Blending, 15x for unbounded outdoor); the bottom half matches the 3DGS Gaussian count exactly. Budget is a primitive count, not bytes; no MB column is reported."
taming_3dgs_mallick_sigasia2024,2406.15643,Table 1,9,main,INGP-Big,Instant-NGP,Mip-NeRF 360,average,25.59,0.699,0.331,,,,,480,,,,"the top half budgets each scene from its SfM point count (2x for Mip-NeRF 360 indoor and Tanks and Temples, 5x for Deep Blending, 15x for unbounded outdoor); the bottom half matches the 3DGS Gaussian count exactly. Budget is a primitive count, not bytes; no MB column is reported."
taming_3dgs_mallick_sigasia2024,2406.15643,Table 1,9,main,INGP-Big,Instant-NGP,Deep Blending,average,24.96,0.817,0.39,,,,,480,,,,"the top half budgets each scene from its SfM point count (2x for Mip-NeRF 360 indoor and Tanks and Temples, 5x for Deep Blending, 15x for unbounded outdoor); the bottom half matches the 3DGS Gaussian count exactly. Budget is a primitive count, not bytes; no MB column is reported."
taming_3dgs_mallick_sigasia2024,2406.15643,Table 1,9,main,Taming 3DGS,3DGS,Tanks and Temples,average,23.95,0.837,0.201,,,290000,,420,,,,"the top half budgets each scene from its SfM point count (2x for Mip-NeRF 360 indoor and Tanks and Temples, 5x for Deep Blending, 15x for unbounded outdoor); the bottom half matches the 3DGS Gaussian count exactly. Budget is a primitive count, not bytes; no MB column is reported. Peak Gaussian count during training 0.29e6."
taming_3dgs_mallick_sigasia2024,2406.15643,Table 1,9,main,Taming 3DGS,3DGS,Mip-NeRF 360,average,27.31,0.801,0.252,,,630000,,660,,,,"the top half budgets each scene from its SfM point count (2x for Mip-NeRF 360 indoor and Tanks and Temples, 5x for Deep Blending, 15x for unbounded outdoor); the bottom half matches the 3DGS Gaussian count exactly. Budget is a primitive count, not bytes; no MB column is reported. Peak Gaussian count during training 0.63e6."
taming_3dgs_mallick_sigasia2024,2406.15643,Table 1,9,main,Taming 3DGS,3DGS,Deep Blending,average,29.82,0.904,0.26,,,270000,,420,,,,"the top half budgets each scene from its SfM point count (2x for Mip-NeRF 360 indoor and Tanks and Temples, 5x for Deep Blending, 15x for unbounded outdoor); the bottom half matches the 3DGS Gaussian count exactly. Budget is a primitive count, not bytes; no MB column is reported. Peak Gaussian count during training 0.27e6."
taming_3dgs_mallick_sigasia2024,2406.15643,Table 1,9,main,Plenoxels,Plenoxels,Tanks and Temples,average,21.08,0.719,0.379,,,,,1500,,,,"the top half budgets each scene from its SfM point count (2x for Mip-NeRF 360 indoor and Tanks and Temples, 5x for Deep Blending, 15x for unbounded outdoor); the bottom half matches the 3DGS Gaussian count exactly. Budget is a primitive count, not bytes; no MB column is reported. Training time printed in hours."
taming_3dgs_mallick_sigasia2024,2406.15643,Table 1,9,main,Plenoxels,Plenoxels,Mip-NeRF 360,average,23.08,0.626,0.463,,,,,1560,,,,"the top half budgets each scene from its SfM point count (2x for Mip-NeRF 360 indoor and Tanks and Temples, 5x for Deep Blending, 15x for unbounded outdoor); the bottom half matches the 3DGS Gaussian count exactly. Budget is a primitive count, not bytes; no MB column is reported. Training time printed in hours."
taming_3dgs_mallick_sigasia2024,2406.15643,Table 1,9,main,Plenoxels,Plenoxels,Deep Blending,average,23.06,0.795,0.51,,,,,1680,,,,"the top half budgets each scene from its SfM point count (2x for Mip-NeRF 360 indoor and Tanks and Temples, 5x for Deep Blending, 15x for unbounded outdoor); the bottom half matches the 3DGS Gaussian count exactly. Budget is a primitive count, not bytes; no MB column is reported. Training time printed in hours."
taming_3dgs_mallick_sigasia2024,2406.15643,Table 1,9,main,Mip-NeRF 360,NeRF,Tanks and Temples,average,22.22,0.759,0.257,,,,,172800,,,,"the top half budgets each scene from its SfM point count (2x for Mip-NeRF 360 indoor and Tanks and Temples, 5x for Deep Blending, 15x for unbounded outdoor); the bottom half matches the 3DGS Gaussian count exactly. Budget is a primitive count, not bytes; no MB column is reported. Training time printed in hours."
taming_3dgs_mallick_sigasia2024,2406.15643,Table 1,9,main,Mip-NeRF 360,NeRF,Mip-NeRF 360,average,27.69,0.792,0.237,,,,,172800,,,,"the top half budgets each scene from its SfM point count (2x for Mip-NeRF 360 indoor and Tanks and Temples, 5x for Deep Blending, 15x for unbounded outdoor); the bottom half matches the 3DGS Gaussian count exactly. Budget is a primitive count, not bytes; no MB column is reported. Training time printed in hours."
taming_3dgs_mallick_sigasia2024,2406.15643,Table 1,9,main,Mip-NeRF 360,NeRF,Deep Blending,average,29.4,0.901,0.245,,,,,172800,,,,"the top half budgets each scene from its SfM point count (2x for Mip-NeRF 360 indoor and Tanks and Temples, 5x for Deep Blending, 15x for unbounded outdoor); the bottom half matches the 3DGS Gaussian count exactly. Budget is a primitive count, not bytes; no MB column is reported. Training time printed in hours."
taming_3dgs_mallick_sigasia2024,2406.15643,Table 1,9,main,Zip-NeRF,NeRF,Mip-NeRF 360,average,28.54,0.828,0.189,,,,,5400,,,,"the top half budgets each scene from its SfM point count (2x for Mip-NeRF 360 indoor and Tanks and Temples, 5x for Deep Blending, 15x for unbounded outdoor); the bottom half matches the 3DGS Gaussian count exactly. Budget is a primitive count, not bytes; no MB column is reported. Training time printed in hours."
taming_3dgs_mallick_sigasia2024,2406.15643,Table 1,9,main,3DGS,3DGS,Tanks and Temples,average,23.65,0.847,0.176,,,1840000,,1680,,,,"the top half budgets each scene from its SfM point count (2x for Mip-NeRF 360 indoor and Tanks and Temples, 5x for Deep Blending, 15x for unbounded outdoor); the bottom half matches the 3DGS Gaussian count exactly. Budget is a primitive count, not bytes; no MB column is reported. Peak Gaussian count during training 1.84e6."
taming_3dgs_mallick_sigasia2024,2406.15643,Table 1,9,main,3DGS,3DGS,Mip-NeRF 360,average,27.46,0.815,0.215,,,3310000,,2580,,,,"the top half budgets each scene from its SfM point count (2x for Mip-NeRF 360 indoor and Tanks and Temples, 5x for Deep Blending, 15x for unbounded outdoor); the bottom half matches the 3DGS Gaussian count exactly. Budget is a primitive count, not bytes; no MB column is reported. Peak Gaussian count during training 3.31e6."
taming_3dgs_mallick_sigasia2024,2406.15643,Table 1,9,main,3DGS,3DGS,Deep Blending,average,29.64,0.904,0.243,,,2810000,,2340,,,,"the top half budgets each scene from its SfM point count (2x for Mip-NeRF 360 indoor and Tanks and Temples, 5x for Deep Blending, 15x for unbounded outdoor); the bottom half matches the 3DGS Gaussian count exactly. Budget is a primitive count, not bytes; no MB column is reported. Peak Gaussian count during training 2.81e6."
taming_3dgs_mallick_sigasia2024,2406.15643,Table 1,9,main,Taming 3DGS (matched to the 3DGS count),3DGS,Tanks and Temples,average,24.04,0.851,0.17,,,1840000,,1200,,,,"the top half budgets each scene from its SfM point count (2x for Mip-NeRF 360 indoor and Tanks and Temples, 5x for Deep Blending, 15x for unbounded outdoor); the bottom half matches the 3DGS Gaussian count exactly. Budget is a primitive count, not bytes; no MB column is reported. Peak Gaussian count during training 1.84e6."
taming_3dgs_mallick_sigasia2024,2406.15643,Table 1,9,main,Taming 3DGS (matched to the 3DGS count),3DGS,Mip-NeRF 360,average,27.79,0.822,0.205,,,3310000,,1920,,,,"the top half budgets each scene from its SfM point count (2x for Mip-NeRF 360 indoor and Tanks and Temples, 5x for Deep Blending, 15x for unbounded outdoor); the bottom half matches the 3DGS Gaussian count exactly. Budget is a primitive count, not bytes; no MB column is reported. Peak Gaussian count during training 3.31e6."
taming_3dgs_mallick_sigasia2024,2406.15643,Table 1,9,main,Taming 3DGS (matched to the 3DGS count),3DGS,Deep Blending,average,30.14,0.907,0.235,,,2810000,,1320,,,,"the top half budgets each scene from its SfM point count (2x for Mip-NeRF 360 indoor and Tanks and Temples, 5x for Deep Blending, 15x for unbounded outdoor); the bottom half matches the 3DGS Gaussian count exactly. Budget is a primitive count, not bytes; no MB column is reported. Peak Gaussian count during training 2.81e6."
taming_3dgs_mallick_sigasia2024,2406.15643,Table 2,9,ablation,Taming 3DGS,3DGS,Tanks and Temples,truck,25.2,,0.165,,,,,420,,,,every configuration yields the same Gaussian count
taming_3dgs_mallick_sigasia2024,2406.15643,Table 2,9,ablation,Taming 3DGS,3DGS,Tanks and Temples,train,22.69,,0.238,,,,,540,,,,every configuration yields the same Gaussian count
taming_3dgs_mallick_sigasia2024,2406.15643,Table 2,9,ablation,Taming 3DGS - score-based sampling,3DGS,Tanks and Temples,truck,24.92,,0.189,,,,,360,,,,every configuration yields the same Gaussian count
taming_3dgs_mallick_sigasia2024,2406.15643,Table 2,9,ablation,Taming 3DGS - score-based sampling,3DGS,Tanks and Temples,train,22.24,,0.246,,,,,480,,,,every configuration yields the same Gaussian count
taming_3dgs_mallick_sigasia2024,2406.15643,Table 2,9,ablation,Taming 3DGS - image loss,3DGS,Tanks and Temples,truck,24.94,,0.187,,,,,420,,,,every configuration yields the same Gaussian count
taming_3dgs_mallick_sigasia2024,2406.15643,Table 2,9,ablation,Taming 3DGS - image loss,3DGS,Tanks and Temples,train,22.08,,0.242,,,,,540,,,,every configuration yields the same Gaussian count
taming_3dgs_mallick_sigasia2024,2406.15643,Table 2,9,ablation,Taming 3DGS - high opacity,3DGS,Tanks and Temples,truck,25.01,,0.174,,,,,420,,,,every configuration yields the same Gaussian count
taming_3dgs_mallick_sigasia2024,2406.15643,Table 2,9,ablation,Taming 3DGS - high opacity,3DGS,Tanks and Temples,train,22.29,,0.239,,,,,540,,,,every configuration yields the same Gaussian count
taming_3dgs_mallick_sigasia2024,2406.15643,Table 2,9,ablation,Taming 3DGS - reduced SH frequency,3DGS,Tanks and Temples,truck,25.39,,0.161,,,,,540,,,,every configuration yields the same Gaussian count
taming_3dgs_mallick_sigasia2024,2406.15643,Table 2,9,ablation,Taming 3DGS - reduced SH frequency,3DGS,Tanks and Temples,train,22.75,,0.235,,,,,720,,,,every configuration yields the same Gaussian count
taming_3dgs_mallick_sigasia2024,2406.15643,Table 2,9,ablation,Taming 3DGS - per-splat backward,3DGS,Tanks and Temples,truck,25.2,,0.165,,,,,840,,,,every configuration yields the same Gaussian count
taming_3dgs_mallick_sigasia2024,2406.15643,Table 2,9,ablation,Taming 3DGS - per-splat backward,3DGS,Tanks and Temples,train,22.69,,0.238,,,,,1020,,,,every configuration yields the same Gaussian count
compact_3dgs_lee_cvpr2024,2311.13681,Table 1,5,main,Plenoxels,Plenoxels,Mip-NeRF 360,average,23.08,0.626,0.463,2150,GB,,6.79,1549,,,,Plenoxels sizes printed in GB and converted at 1 GB = 1024 MB; Mip-NeRF 360 training printed as 48h
compact_3dgs_lee_cvpr2024,2311.13681,Table 1,5,main,Plenoxels,Plenoxels,Tanks and Temples,average,21.08,0.719,0.379,2355,GB,,13.0,1505,,,,Plenoxels sizes printed in GB and converted at 1 GB = 1024 MB; Mip-NeRF 360 training printed as 48h
compact_3dgs_lee_cvpr2024,2311.13681,Table 2,5,main,Plenoxels,Plenoxels,Deep Blending,average,23.06,0.795,0.51,2765,GB,,11.2,1669,,,,Plenoxels sizes printed in GB and converted at 1 GB = 1024 MB; Mip-NeRF 360 training printed as 48h
compact_3dgs_lee_cvpr2024,2311.13681,Table 1,5,main,INGP-base,Instant-NGP,Mip-NeRF 360,average,25.3,0.671,0.371,13,MB,,11.7,337,,,,Plenoxels sizes printed in GB and converted at 1 GB = 1024 MB; Mip-NeRF 360 training printed as 48h
compact_3dgs_lee_cvpr2024,2311.13681,Table 1,5,main,INGP-base,Instant-NGP,Tanks and Temples,average,21.72,0.723,0.33,13,MB,,17.1,326,,,,Plenoxels sizes printed in GB and converted at 1 GB = 1024 MB; Mip-NeRF 360 training printed as 48h
compact_3dgs_lee_cvpr2024,2311.13681,Table 2,5,main,INGP-base,Instant-NGP,Deep Blending,average,23.62,0.797,0.423,13,MB,,3.26,391,,,,Plenoxels sizes printed in GB and converted at 1 GB = 1024 MB; Mip-NeRF 360 training printed as 48h
compact_3dgs_lee_cvpr2024,2311.13681,Table 1,5,main,INGP-big,Instant-NGP,Mip-NeRF 360,average,25.59,0.699,0.331,48,MB,,9.43,450,,,,Plenoxels sizes printed in GB and converted at 1 GB = 1024 MB; Mip-NeRF 360 training printed as 48h
compact_3dgs_lee_cvpr2024,2311.13681,Table 1,5,main,INGP-big,Instant-NGP,Tanks and Temples,average,21.92,0.745,0.305,48,MB,,14.4,419,,,,Plenoxels sizes printed in GB and converted at 1 GB = 1024 MB; Mip-NeRF 360 training printed as 48h
compact_3dgs_lee_cvpr2024,2311.13681,Table 2,5,main,INGP-big,Instant-NGP,Deep Blending,average,24.96,0.817,0.39,48,MB,,2.79,480,,,,Plenoxels sizes printed in GB and converted at 1 GB = 1024 MB; Mip-NeRF 360 training printed as 48h
compact_3dgs_lee_cvpr2024,2311.13681,Table 1,5,main,Mip-NeRF 360,NeRF,Mip-NeRF 360,average,27.69,0.792,0.237,8.6,MB,,0.06,,,,,Plenoxels sizes printed in GB and converted at 1 GB = 1024 MB; Mip-NeRF 360 training printed as 48h
compact_3dgs_lee_cvpr2024,2311.13681,Table 1,5,main,Mip-NeRF 360,NeRF,Tanks and Temples,average,22.22,0.759,0.257,8.6,MB,,0.14,,,,,Plenoxels sizes printed in GB and converted at 1 GB = 1024 MB; Mip-NeRF 360 training printed as 48h
compact_3dgs_lee_cvpr2024,2311.13681,Table 2,5,main,Mip-NeRF 360,NeRF,Deep Blending,average,29.4,0.901,0.245,8.6,MB,,0.09,,,,,Plenoxels sizes printed in GB and converted at 1 GB = 1024 MB; Mip-NeRF 360 training printed as 48h
compact_3dgs_lee_cvpr2024,2311.13681,Table 1,5,main,3DGS (as reported),3DGS,Mip-NeRF 360,average,27.21,0.815,0.214,734,MB,,134,2493,,,,Plenoxels sizes printed in GB and converted at 1 GB = 1024 MB; Mip-NeRF 360 training printed as 48h
compact_3dgs_lee_cvpr2024,2311.13681,Table 1,5,main,3DGS (as reported),3DGS,Tanks and Temples,average,23.14,0.841,0.183,411,MB,,154,1614,,,,Plenoxels sizes printed in GB and converted at 1 GB = 1024 MB; Mip-NeRF 360 training printed as 48h
compact_3dgs_lee_cvpr2024,2311.13681,Table 2,5,main,3DGS (as reported),3DGS,Deep Blending,average,29.41,0.903,0.243,676,MB,,137,2162,,,,Plenoxels sizes printed in GB and converted at 1 GB = 1024 MB; Mip-NeRF 360 training printed as 48h
compact_3dgs_lee_cvpr2024,2311.13681,Table 1,5,main,3DGS (re-run on an A100),3DGS,Mip-NeRF 360,average,27.46,0.812,0.222,746,MB,,120,1447,,,,Plenoxels sizes printed in GB and converted at 1 GB = 1024 MB; Mip-NeRF 360 training printed as 48h
compact_3dgs_lee_cvpr2024,2311.13681,Table 1,5,main,3DGS (re-run on an A100),3DGS,Tanks and Temples,average,23.71,0.845,0.178,432,MB,,160,831,,,,Plenoxels sizes printed in GB and converted at 1 GB = 1024 MB; Mip-NeRF 360 training printed as 48h
compact_3dgs_lee_cvpr2024,2311.13681,Table 2,5,main,3DGS (re-run on an A100),3DGS,Deep Blending,average,29.46,0.9,0.247,663,MB,,132,1312,,,,Plenoxels sizes printed in GB and converted at 1 GB = 1024 MB; Mip-NeRF 360 training printed as 48h
compact_3dgs_lee_cvpr2024,2311.13681,Table 1,5,main,Compact 3DGS,3DGS,Mip-NeRF 360,average,27.08,0.798,0.247,48.8,MB,,128,1986,,,,Plenoxels sizes printed in GB and converted at 1 GB = 1024 MB; Mip-NeRF 360 training printed as 48h
compact_3dgs_lee_cvpr2024,2311.13681,Table 1,5,main,Compact 3DGS,3DGS,Tanks and Temples,average,23.32,0.831,0.201,39.4,MB,,185,1100,,,,Plenoxels sizes printed in GB and converted at 1 GB = 1024 MB; Mip-NeRF 360 training printed as 48h
compact_3dgs_lee_cvpr2024,2311.13681,Table 2,5,main,Compact 3DGS,3DGS,Deep Blending,average,29.79,0.901,0.258,43.2,MB,,181,1653,,,,Plenoxels sizes printed in GB and converted at 1 GB = 1024 MB; Mip-NeRF 360 training printed as 48h
compact_3dgs_lee_cvpr2024,2311.13681,Table 1,5,main,Compact 3DGS + post-processing,3DGS,Mip-NeRF 360,average,27.03,0.797,0.247,29.1,MB,,,,,,,Plenoxels sizes printed in GB and converted at 1 GB = 1024 MB; Mip-NeRF 360 training printed as 48h
compact_3dgs_lee_cvpr2024,2311.13681,Table 1,5,main,Compact 3DGS + post-processing,3DGS,Tanks and Temples,average,23.32,0.831,0.202,20.9,MB,,,,,,,Plenoxels sizes printed in GB and converted at 1 GB = 1024 MB; Mip-NeRF 360 training printed as 48h
compact_3dgs_lee_cvpr2024,2311.13681,Table 2,5,main,Compact 3DGS + post-processing,3DGS,Deep Blending,average,29.73,0.9,0.258,23.8,MB,,,,,,,Plenoxels sizes printed in GB and converted at 1 GB = 1024 MB; Mip-NeRF 360 training printed as 48h
compact_3dgs_lee_cvpr2024,2311.13681,Table 3,5,main,3DGS (as reported),3DGS,NeRF Synthetic,average,33.32,,,68.1,MB,,359,374,,,,training printed as 6m 14s
compact_3dgs_lee_cvpr2024,2311.13681,Table 3,5,main,Compact 3DGS,3DGS,NeRF Synthetic,average,33.33,,,5.55,MB,,545,484,,,,training printed as 8m 04s
compact_3dgs_lee_cvpr2024,2311.13681,Table 3,5,main,Compact 3DGS + post-processing,3DGS,NeRF Synthetic,average,32.88,,,2.67,MB,,,,,,,
compact_3dgs_lee_cvpr2024,2311.13681,Table 8,12,supplement,3DGS,3DGS,Mip-NeRF 360,bicycle,25.08,,,1433.6,MB,,,,,,,inference GPU memory 9.4 GB; bicycle storage printed as 1.4 GB
compact_3dgs_lee_cvpr2024,2311.13681,Table 8,12,supplement,Compact 3DGS,3DGS,Mip-NeRF 360,bicycle,24.77,,,63,MB,,,,,,,inference GPU memory 7.6 GB
compact_3dgs_lee_cvpr2024,2311.13681,Table 8,12,supplement,3DGS,3DGS,Mip-NeRF 360,bonsai,32.16,,,295,MB,,,,,,,inference GPU memory 8.7 GB; bicycle storage printed as 1.4 GB
compact_3dgs_lee_cvpr2024,2311.13681,Table 8,12,supplement,Compact 3DGS,3DGS,Mip-NeRF 360,bonsai,32.08,,,35,MB,,,,,,,inference GPU memory 8.3 GB
compact_3dgs_lee_cvpr2024,2311.13681,Table 8,12,supplement,3DGS,3DGS,Deep Blending,drjohnson,29.06,,,774,MB,,,,,,,inference GPU memory 7.5 GB; bicycle storage printed as 1.4 GB
compact_3dgs_lee_cvpr2024,2311.13681,Table 8,12,supplement,Compact 3DGS,3DGS,Deep Blending,drjohnson,29.26,,,48,MB,,,,,,,inference GPU memory 6.5 GB
compact_3dgs_lee_cvpr2024,2311.13681,Table 8,12,supplement,3DGS,3DGS,Deep Blending,playroom,29.87,,,553,MB,,,,,,,inference GPU memory 6.4 GB; bicycle storage printed as 1.4 GB
compact_3dgs_lee_cvpr2024,2311.13681,Table 8,12,supplement,Compact 3DGS,3DGS,Deep Blending,playroom,30.32,,,39,MB,,,,,,,inference GPU memory 5.6 GB
compact_3dgs_lee_cvpr2024,2311.13681,Table 9,13,supplement,3DGS,3DGS,Mip-NeRF 360,bicycle,25.1,,,1350.78,MB,,63.81,2044,,,,
compact_3dgs_lee_cvpr2024,2311.13681,Table 9,13,supplement,3DGS,3DGS,Mip-NeRF 360,flowers,21.33,,,805.94,MB,,132.03,1533,,,,
compact_3dgs_lee_cvpr2024,2311.13681,Table 9,13,supplement,3DGS,3DGS,Mip-NeRF 360,garden,27.25,,,1331.33,MB,,77.19,2026,,,,
compact_3dgs_lee_cvpr2024,2311.13681,Table 9,13,supplement,3DGS,3DGS,Mip-NeRF 360,stump,26.66,,,1073.6,MB,,108.81,1625,,,,
compact_3dgs_lee_cvpr2024,2311.13681,Table 9,13,supplement,3DGS,3DGS,Mip-NeRF 360,treehill,22.53,,,819.08,MB,,100.92,1491,,,,
compact_3dgs_lee_cvpr2024,2311.13681,Table 9,13,supplement,3DGS,3DGS,Mip-NeRF 360,room,31.5,,,350.14,MB,,132.51,1375,,,,
compact_3dgs_lee_cvpr2024,2311.13681,Table 9,13,supplement,3DGS,3DGS,Mip-NeRF 360,counter,29.11,,,276.52,MB,,146.4,1362,,,,
compact_3dgs_lee_cvpr2024,2311.13681,Table 9,13,supplement,3DGS,3DGS,Mip-NeRF 360,kitchen,31.53,,,411.76,MB,,122.07,1568,,,,
compact_3dgs_lee_cvpr2024,2311.13681,Table 9,13,supplement,3DGS,3DGS,Mip-NeRF 360,bonsai,32.16,,,295.08,MB,,199.86,1158,,,,
compact_3dgs_lee_cvpr2024,2311.13681,Table 9,13,supplement,3DGS,3DGS,Mip-NeRF 360,average,27.46,,,746.03,MB,,120.4,1447,,,,
compact_3dgs_lee_cvpr2024,2311.13681,Table 9,13,supplement,Compact 3DGS,3DGS,Mip-NeRF 360,bicycle,24.77,,,62.99,MB,,76.41,2556,,,,
compact_3dgs_lee_cvpr2024,2311.13681,Table 9,13,supplement,Compact 3DGS,3DGS,Mip-NeRF 360,flowers,20.89,,,51.15,MB,,142.41,1957,,,,
compact_3dgs_lee_cvpr2024,2311.13681,Table 9,13,supplement,Compact 3DGS,3DGS,Mip-NeRF 360,garden,26.81,,,62.78,MB,,89.49,2736,,,,
compact_3dgs_lee_cvpr2024,2311.13681,Table 9,13,supplement,Compact 3DGS,3DGS,Mip-NeRF 360,stump,26.46,,,54.66,MB,,120.96,2023,,,,
compact_3dgs_lee_cvpr2024,2311.13681,Table 9,13,supplement,Compact 3DGS,3DGS,Mip-NeRF 360,treehill,22.65,,,59.33,MB,,110.28,2048,,,,
compact_3dgs_lee_cvpr2024,2311.13681,Table 9,13,supplement,Compact 3DGS,3DGS,Mip-NeRF 360,room,30.88,,,34.21,MB,,183.03,1458,,,,
compact_3dgs_lee_cvpr2024,2311.13681,Table 9,13,supplement,Compact 3DGS,3DGS,Mip-NeRF 360,counter,28.71,,,34.34,MB,,119.52,1661,,,,
compact_3dgs_lee_cvpr2024,2311.13681,Table 9,13,supplement,Compact 3DGS,3DGS,Mip-NeRF 360,kitchen,30.48,,,44.45,MB,,114.24,1979,,,,
compact_3dgs_lee_cvpr2024,2311.13681,Table 9,13,supplement,Compact 3DGS,3DGS,Mip-NeRF 360,bonsai,32.08,,,35.44,MB,,196.08,1456,,,,
compact_3dgs_lee_cvpr2024,2311.13681,Table 9,13,supplement,Compact 3DGS,3DGS,Mip-NeRF 360,average,27.08,,,48.82,MB,,128.05,1986,,,,
compact_3dgs_lee_cvpr2024,2311.13681,Table 9,13,supplement,Compact 3DGS + post-processing,3DGS,Mip-NeRF 360,bicycle,24.73,,,42.42,MB,,,,,,,
compact_3dgs_lee_cvpr2024,2311.13681,Table 9,13,supplement,Compact 3DGS + post-processing,3DGS,Mip-NeRF 360,flowers,20.89,,,32.05,MB,,,,,,,
compact_3dgs_lee_cvpr2024,2311.13681,Table 9,13,supplement,Compact 3DGS + post-processing,3DGS,Mip-NeRF 360,garden,26.72,,,43.26,MB,,,,,,,
compact_3dgs_lee_cvpr2024,2311.13681,Table 9,13,supplement,Compact 3DGS + post-processing,3DGS,Mip-NeRF 360,stump,26.31,,,33.83,MB,,,,,,,
compact_3dgs_lee_cvpr2024,2311.13681,Table 9,13,supplement,Compact 3DGS + post-processing,3DGS,Mip-NeRF 360,treehill,22.67,,,39.08,MB,,,,,,,
compact_3dgs_lee_cvpr2024,2311.13681,Table 9,13,supplement,Compact 3DGS + post-processing,3DGS,Mip-NeRF 360,room,30.88,,,15.01,MB,,,,,,,
compact_3dgs_lee_cvpr2024,2311.13681,Table 9,13,supplement,Compact 3DGS + post-processing,3DGS,Mip-NeRF 360,counter,28.63,,,15.22,MB,,,,,,,
compact_3dgs_lee_cvpr2024,2311.13681,Table 9,13,supplement,Compact 3DGS + post-processing,3DGS,Mip-NeRF 360,kitchen,30.48,,,24.39,MB,,,,,,,
compact_3dgs_lee_cvpr2024,2311.13681,Table 9,13,supplement,Compact 3DGS + post-processing,3DGS,Mip-NeRF 360,bonsai,31.98,,,16.4,MB,,,,,,,
compact_3dgs_lee_cvpr2024,2311.13681,Table 9,13,supplement,Compact 3DGS + post-processing,3DGS,Mip-NeRF 360,average,27.03,,,29.07,MB,,,,,,,
compact_3dgs_lee_cvpr2024,2311.13681,Table 10,13,supplement,3DGS,3DGS,Tanks and Temples,train,22.07,,,255.82,MB,,174.42,738,,,,
compact_3dgs_lee_cvpr2024,2311.13681,Table 10,13,supplement,3DGS,3DGS,Tanks and Temples,truck,25.35,,,608.7,MB,,145.14,924,,,,
compact_3dgs_lee_cvpr2024,2311.13681,Table 10,13,supplement,3DGS,3DGS,Tanks and Temples,average,23.71,,,432.26,MB,,159.78,831,,,,
compact_3dgs_lee_cvpr2024,2311.13681,Table 10,13,supplement,3DGS,3DGS,Deep Blending,drjohnson,29.06,,,773.61,MB,,110.46,1462,,,,
compact_3dgs_lee_cvpr2024,2311.13681,Table 10,13,supplement,3DGS,3DGS,Deep Blending,playroom,29.87,,,553.03,MB,,154.47,1162,,,,
compact_3dgs_lee_cvpr2024,2311.13681,Table 10,13,supplement,3DGS,3DGS,Deep Blending,average,29.46,,,663.32,MB,,132.47,1312,,,,
compact_3dgs_lee_cvpr2024,2311.13681,Table 10,13,supplement,Compact 3DGS,3DGS,Tanks and Temples,train,21.56,,,37.29,MB,,185.91,963,,,,
compact_3dgs_lee_cvpr2024,2311.13681,Table 10,13,supplement,Compact 3DGS,3DGS,Tanks and Temples,truck,25.07,,,41.57,MB,,184.83,1236,,,,
compact_3dgs_lee_cvpr2024,2311.13681,Table 10,13,supplement,Compact 3DGS,3DGS,Tanks and Temples,average,23.32,,,39.43,MB,,185.37,1100,,,,
compact_3dgs_lee_cvpr2024,2311.13681,Table 10,13,supplement,Compact 3DGS,3DGS,Deep Blending,drjohnson,29.26,,,47.98,MB,,155.37,1831,,,,
compact_3dgs_lee_cvpr2024,2311.13681,Table 10,13,supplement,Compact 3DGS,3DGS,Deep Blending,playroom,30.32,,,38.45,MB,,205.83,1475,,,,
compact_3dgs_lee_cvpr2024,2311.13681,Table 10,13,supplement,Compact 3DGS,3DGS,Deep Blending,average,29.79,,,43.21,MB,,180.6,1653,,,,
compact_3dgs_lee_cvpr2024,2311.13681,Table 10,13,supplement,Compact 3DGS + post-processing,3DGS,Tanks and Temples,train,21.62,,,19.07,MB,,,,,,,
compact_3dgs_lee_cvpr2024,2311.13681,Table 10,13,supplement,Compact 3DGS + post-processing,3DGS,Tanks and Temples,truck,25.02,,,22.64,MB,,,,,,,
compact_3dgs_lee_cvpr2024,2311.13681,Table 10,13,supplement,Compact 3DGS + post-processing,3DGS,Tanks and Temples,average,23.32,,,20.86,MB,,,,,,,
compact_3dgs_lee_cvpr2024,2311.13681,Table 10,13,supplement,Compact 3DGS + post-processing,3DGS,Deep Blending,drjohnson,29.16,,,28.43,MB,,,,,,,
compact_3dgs_lee_cvpr2024,2311.13681,Table 10,13,supplement,Compact 3DGS + post-processing,3DGS,Deep Blending,playroom,30.3,,,19.21,MB,,,,,,,
compact_3dgs_lee_cvpr2024,2311.13681,Table 10,13,supplement,Compact 3DGS + post-processing,3DGS,Deep Blending,average,29.73,,,23.82,MB,,,,,,,
compressed_3dgs_niedermayr_cvpr2024,2401.02436,Table 1,6,main,3DGS,3DGS,NeRF Synthetic,average,33.21,0.969,0.031,69.89,MB,,,,,,,
compressed_3dgs_niedermayr_cvpr2024,2401.02436,Table 1,6,main,Compressed3D,3DGS,NeRF Synthetic,average,32.936,0.967,0.033,3.68,MB,,,,,,,compression ratio 19.17x over 3DGS
compressed_3dgs_niedermayr_cvpr2024,2401.02436,Table 1,6,main,3DGS,3DGS,Mip-NeRF 360,average,27.21,0.815,0.214,795.26,MB,,,,,,,
compressed_3dgs_niedermayr_cvpr2024,2401.02436,Table 1,6,main,Compressed3D,3DGS,Mip-NeRF 360,average,26.981,0.801,0.238,28.8,MB,,,,,,,compression ratio 26.23x over 3DGS
compressed_3dgs_niedermayr_cvpr2024,2401.02436,Table 1,6,main,3DGS,3DGS,Tanks and Temples,average,23.36,0.841,0.183,421.9,MB,,,,,,,
compressed_3dgs_niedermayr_cvpr2024,2401.02436,Table 1,6,main,Compressed3D,3DGS,Tanks and Temples,average,23.324,0.832,0.194,17.28,MB,,,,,,,compression ratio 23.26x over 3DGS
compressed_3dgs_niedermayr_cvpr2024,2401.02436,Table 1,6,main,3DGS,3DGS,Deep Blending,average,29.41,0.903,0.243,703.77,MB,,,,,,,
compressed_3dgs_niedermayr_cvpr2024,2401.02436,Table 1,6,main,Compressed3D,3DGS,Deep Blending,average,29.381,0.898,0.253,25.3,MB,,,,,,,compression ratio 27.81x over 3DGS
compressed_3dgs_niedermayr_cvpr2024,2401.02436,Table 2,8,supplement,3DGS (Kerbl et al.),3DGS,Mip-NeRF 360,bicycle,,,,,,,93,,,,,1080p FPS on an RTX A5000 (reported here) / RTX 3070M 54 / Intel UHD Graphics 11 None / AMD Radeon R9 380 None; bicycle has 6.1 M and bonsai 1.2 M Gaussians
compressed_3dgs_niedermayr_cvpr2024,2401.02436,Table 2,8,supplement,Compressed3D,3DGS,Mip-NeRF 360,bicycle,,,,,,,215,,,,,1080p FPS on an RTX A5000 (reported here) / RTX 3070M 134 / Intel UHD Graphics 11 9 / AMD Radeon R9 380 41; bicycle has 6.1 M and bonsai 1.2 M Gaussians
compressed_3dgs_niedermayr_cvpr2024,2401.02436,Table 2,8,supplement,Compressed3D (uncompressed data),3DGS,Mip-NeRF 360,bonsai,,,,,,,414,,,,,1080p FPS on an RTX A5000 (reported here) / RTX 3070M 296 / Intel UHD Graphics 11 23 / AMD Radeon R9 380 76; bicycle has 6.1 M and bonsai 1.2 M Gaussians
compressed_3dgs_niedermayr_cvpr2024,2401.02436,Table 2,8,supplement,Compressed3D,3DGS,Mip-NeRF 360,bonsai,,,,,,,502,,,,,1080p FPS on an RTX A5000 (reported here) / RTX 3070M 380 / Intel UHD Graphics 11 28 / AMD Radeon R9 380 128; bicycle has 6.1 M and bonsai 1.2 M Gaussians
compressed_3dgs_niedermayr_cvpr2024,2401.02436,Table 3,8,ablation,baseline (3DGS),3DGS,Mip-NeRF 360,garden,27.179,0.861,0.115,1379.99,MB,,,,,,,"cumulative pipeline stages; the second row label is inferred from the pipeline order, the PDF prints it without a label"
compressed_3dgs_niedermayr_cvpr2024,2401.02436,Table 3,8,ablation,+ sensitivity pruning,3DGS,Mip-NeRF 360,garden,27.083,0.856,0.118,1217.25,MB,,,,,,,"cumulative pipeline stages; the second row label is inferred from the pipeline order, the PDF prints it without a label"
compressed_3dgs_niedermayr_cvpr2024,2401.02436,Table 3,8,ablation,+ color clustering,3DGS,Mip-NeRF 360,garden,25.941,0.818,0.178,278.41,MB,,,,,,,"cumulative pipeline stages; the second row label is inferred from the pipeline order, the PDF prints it without a label"
compressed_3dgs_niedermayr_cvpr2024,2401.02436,Table 3,8,ablation,+ Gaussian clustering,3DGS,Mip-NeRF 360,garden,25.781,0.811,0.186,164.15,MB,,,,,,,"cumulative pipeline stages; the second row label is inferred from the pipeline order, the PDF prints it without a label"
compressed_3dgs_niedermayr_cvpr2024,2401.02436,Table 3,8,ablation,+ quantization-aware finetune,3DGS,Mip-NeRF 360,garden,26.746,0.844,0.144,86.69,MB,,,,,,,"cumulative pipeline stages; the second row label is inferred from the pipeline order, the PDF prints it without a label"
compressed_3dgs_niedermayr_cvpr2024,2401.02436,Table 3,8,ablation,+ entropy encode,3DGS,Mip-NeRF 360,garden,26.746,0.844,0.144,58.4,MB,,,,,,,"cumulative pipeline stages; the second row label is inferred from the pipeline order, the PDF prints it without a label"
compressed_3dgs_niedermayr_cvpr2024,2401.02436,Table 3,8,ablation,+ Morton order,3DGS,Mip-NeRF 360,garden,26.746,0.844,0.144,46.57,MB,,,,,,,"cumulative pipeline stages; the second row label is inferred from the pipeline order, the PDF prints it without a label"
compressed_3dgs_niedermayr_cvpr2024,2401.02436,Table 4,8,ablation,Compressed3D (color codebook size 1024),3DGS,Mip-NeRF 360,average,26.95,0.8,0.24,28.47,MB,,,,,,,4096 is the default; SSIM and LPIPS are printed to two decimals only
compressed_3dgs_niedermayr_cvpr2024,2401.02436,Table 4,8,ablation,Compressed3D (color codebook size 2048),3DGS,Mip-NeRF 360,average,26.95,0.8,0.24,28.65,MB,,,,,,,4096 is the default; SSIM and LPIPS are printed to two decimals only
compressed_3dgs_niedermayr_cvpr2024,2401.02436,Table 4,8,ablation,Compressed3D (color codebook size 4096),3DGS,Mip-NeRF 360,average,26.98,0.8,0.24,28.8,MB,,,,,,,4096 is the default; SSIM and LPIPS are printed to two decimals only
compressed_3dgs_niedermayr_cvpr2024,2401.02436,Table 4,8,ablation,Compressed3D (color codebook size 8192),3DGS,Mip-NeRF 360,average,27.0,0.8,0.24,28.92,MB,,,,,,,4096 is the default; SSIM and LPIPS are printed to two decimals only
compressed_3dgs_niedermayr_cvpr2024,2401.02436,Table 4,8,ablation,Compressed3D (Gaussian shape codebook size 1024),3DGS,Mip-NeRF 360,average,26.95,0.8,0.24,28.14,MB,,,,,,,4096 is the default; SSIM and LPIPS are printed to two decimals only
compressed_3dgs_niedermayr_cvpr2024,2401.02436,Table 4,8,ablation,Compressed3D (Gaussian shape codebook size 2048),3DGS,Mip-NeRF 360,average,26.97,0.8,0.24,28.45,MB,,,,,,,4096 is the default; SSIM and LPIPS are printed to two decimals only
compressed_3dgs_niedermayr_cvpr2024,2401.02436,Table 4,8,ablation,Compressed3D (Gaussian shape codebook size 4096),3DGS,Mip-NeRF 360,average,26.98,0.8,0.24,28.8,MB,,,,,,,4096 is the default; SSIM and LPIPS are printed to two decimals only
compressed_3dgs_niedermayr_cvpr2024,2401.02436,Table 4,8,ablation,Compressed3D (Gaussian shape codebook size 8192),3DGS,Mip-NeRF 360,average,26.97,0.8,0.24,29.06,MB,,,,,,,4096 is the default; SSIM and LPIPS are printed to two decimals only
compressed_3dgs_niedermayr_cvpr2024,2401.02436,Table 5,8,ablation,Compressed3D (default),3DGS,Mip-NeRF 360,average,26.976,0.801,0.238,28.8,MB,,,,,,,baseline row of the sensitivity ablation
compressed_3dgs_niedermayr_cvpr2024,2401.02436,Table 5,8,ablation,Compressed3D (beta_c (colour sensitivity) = 6.0e-8),3DGS,Mip-NeRF 360,average,27.22,,,56.5,MB,,,,,,,SSIM and LPIPS are printed to two decimals only and are omitted here; the last row of each block disables the threshold
compressed_3dgs_niedermayr_cvpr2024,2401.02436,Table 5,8,ablation,Compressed3D (beta_c (colour sensitivity) = 3.0e-7),3DGS,Mip-NeRF 360,average,27.09,,,33.0,MB,,,,,,,SSIM and LPIPS are printed to two decimals only and are omitted here; the last row of each block disables the threshold
compressed_3dgs_niedermayr_cvpr2024,2401.02436,Table 5,8,ablation,Compressed3D (beta_c (colour sensitivity) = 6.0e-7),3DGS,Mip-NeRF 360,average,26.98,,,28.8,MB,,,,,,,SSIM and LPIPS are printed to two decimals only and are omitted here; the last row of each block disables the threshold
compressed_3dgs_niedermayr_cvpr2024,2401.02436,Table 5,8,ablation,Compressed3D (beta_c (colour sensitivity) = 1.2e-6),3DGS,Mip-NeRF 360,average,26.87,,,27.02,MB,,,,,,,SSIM and LPIPS are printed to two decimals only and are omitted here; the last row of each block disables the threshold
compressed_3dgs_niedermayr_cvpr2024,2401.02436,Table 5,8,ablation,Compressed3D (beta_c (colour sensitivity) = 6.0e-6),3DGS,Mip-NeRF 360,average,26.74,,,25.97,MB,,,,,,,SSIM and LPIPS are printed to two decimals only and are omitted here; the last row of each block disables the threshold
compressed_3dgs_niedermayr_cvpr2024,2401.02436,Table 5,8,ablation,Compressed3D (beta_c (colour sensitivity) = none),3DGS,Mip-NeRF 360,average,26.55,,,25.65,MB,,,,,,,SSIM and LPIPS are printed to two decimals only and are omitted here; the last row of each block disables the threshold
compressed_3dgs_niedermayr_cvpr2024,2401.02436,Table 5,8,ablation,Compressed3D (beta_g (Gaussian sensitivity) = 3.0e-7),3DGS,Mip-NeRF 360,average,27.05,,,33.9,MB,,,,,,,SSIM and LPIPS are printed to two decimals only and are omitted here; the last row of each block disables the threshold
compressed_3dgs_niedermayr_cvpr2024,2401.02436,Table 5,8,ablation,Compressed3D (beta_g (Gaussian sensitivity) = 1.5e-6),3DGS,Mip-NeRF 360,average,27.0,,,29.95,MB,,,,,,,SSIM and LPIPS are printed to two decimals only and are omitted here; the last row of each block disables the threshold
compressed_3dgs_niedermayr_cvpr2024,2401.02436,Table 5,8,ablation,Compressed3D (beta_g (Gaussian sensitivity) = 3.0e-6),3DGS,Mip-NeRF 360,average,26.98,,,28.8,MB,,,,,,,SSIM and LPIPS are printed to two decimals only and are omitted here; the last row of each block disables the threshold
compressed_3dgs_niedermayr_cvpr2024,2401.02436,Table 5,8,ablation,Compressed3D (beta_g (Gaussian sensitivity) = 6.0e-6),3DGS,Mip-NeRF 360,average,26.91,,,28.08,MB,,,,,,,SSIM and LPIPS are printed to two decimals only and are omitted here; the last row of each block disables the threshold
compressed_3dgs_niedermayr_cvpr2024,2401.02436,Table 5,8,ablation,Compressed3D (beta_g (Gaussian sensitivity) = 3.0e-5),3DGS,Mip-NeRF 360,average,26.86,,,27.3,MB,,,,,,,SSIM and LPIPS are printed to two decimals only and are omitted here; the last row of each block disables the threshold
compressed_3dgs_niedermayr_cvpr2024,2401.02436,Table 5,8,ablation,Compressed3D (beta_g (Gaussian sensitivity) = none),3DGS,Mip-NeRF 360,average,26.8,,,27.1,MB,,,,,,,SSIM and LPIPS are printed to two decimals only and are omitted here; the last row of each block disables the threshold
lightgaussian_fan_neurips2024,2311.17245,Table 1,6,main,Plenoxels,Plenoxels,Mip-NeRF 360,average,23.08,0.626,0.463,2150,GB,,6.79,,,,,"rows marked re-run were retrained by the LightGaussian authors on an A6000; Plenoxels sizes printed as 2.1 GB and 2.3 GB, converted at 1 GB = 1024 MB"
lightgaussian_fan_neurips2024,2311.17245,Table 1,6,main,Plenoxels,Plenoxels,Tanks and Temples,average,21.08,0.719,0.379,2355,GB,,11.2,,,,,"rows marked re-run were retrained by the LightGaussian authors on an A6000; Plenoxels sizes printed as 2.1 GB and 2.3 GB, converted at 1 GB = 1024 MB"
lightgaussian_fan_neurips2024,2311.17245,Table 1,6,main,INGP-Big,Instant-NGP,Mip-NeRF 360,average,25.59,0.699,0.331,48,MB,,9.43,,,,,"rows marked re-run were retrained by the LightGaussian authors on an A6000; Plenoxels sizes printed as 2.1 GB and 2.3 GB, converted at 1 GB = 1024 MB"
lightgaussian_fan_neurips2024,2311.17245,Table 1,6,main,INGP-Big,Instant-NGP,Tanks and Temples,average,21.92,0.745,0.305,48,MB,,14.4,,,,,"rows marked re-run were retrained by the LightGaussian authors on an A6000; Plenoxels sizes printed as 2.1 GB and 2.3 GB, converted at 1 GB = 1024 MB"
lightgaussian_fan_neurips2024,2311.17245,Table 1,6,main,Mip-NeRF 360,NeRF,Mip-NeRF 360,average,27.69,0.792,0.237,8.6,MB,,0.06,,,,,"rows marked re-run were retrained by the LightGaussian authors on an A6000; Plenoxels sizes printed as 2.1 GB and 2.3 GB, converted at 1 GB = 1024 MB"
lightgaussian_fan_neurips2024,2311.17245,Table 1,6,main,Mip-NeRF 360,NeRF,Tanks and Temples,average,22.22,0.759,0.257,8.6,MB,,0.14,,,,,"rows marked re-run were retrained by the LightGaussian authors on an A6000; Plenoxels sizes printed as 2.1 GB and 2.3 GB, converted at 1 GB = 1024 MB"
lightgaussian_fan_neurips2024,2311.17245,Table 1,6,main,VQ-DVGO,DVGO,Mip-NeRF 360,average,24.23,0.636,0.393,63,MB,,4.65,,,,,"rows marked re-run were retrained by the LightGaussian authors on an A6000; Plenoxels sizes printed as 2.1 GB and 2.3 GB, converted at 1 GB = 1024 MB"
lightgaussian_fan_neurips2024,2311.17245,Table 1,6,main,Compressed3D (re-run),3DGS,Mip-NeRF 360,average,27.03,0.802,0.238,28,MB,,152,,,,,"rows marked re-run were retrained by the LightGaussian authors on an A6000; Plenoxels sizes printed as 2.1 GB and 2.3 GB, converted at 1 GB = 1024 MB"
lightgaussian_fan_neurips2024,2311.17245,Table 1,6,main,Compressed3D (re-run),3DGS,Tanks and Temples,average,23.54,0.838,0.189,17,MB,,202,,,,,"rows marked re-run were retrained by the LightGaussian authors on an A6000; Plenoxels sizes printed as 2.1 GB and 2.3 GB, converted at 1 GB = 1024 MB"
lightgaussian_fan_neurips2024,2311.17245,Table 1,6,main,Compact 3DGS,3DGS,Mip-NeRF 360,average,27.08,0.798,0.247,48,MB,,128,,,,,"rows marked re-run were retrained by the LightGaussian authors on an A6000; Plenoxels sizes printed as 2.1 GB and 2.3 GB, converted at 1 GB = 1024 MB"
lightgaussian_fan_neurips2024,2311.17245,Table 1,6,main,Compact 3DGS,3DGS,Tanks and Temples,average,23.32,0.831,0.201,39,MB,,185,,,,,"rows marked re-run were retrained by the LightGaussian authors on an A6000; Plenoxels sizes printed as 2.1 GB and 2.3 GB, converted at 1 GB = 1024 MB"
lightgaussian_fan_neurips2024,2311.17245,Table 1,6,main,3DGS (as reported),3DGS,Mip-NeRF 360,average,27.21,0.815,0.214,734,MB,,134,,,,,"rows marked re-run were retrained by the LightGaussian authors on an A6000; Plenoxels sizes printed as 2.1 GB and 2.3 GB, converted at 1 GB = 1024 MB"
lightgaussian_fan_neurips2024,2311.17245,Table 1,6,main,3DGS (as reported),3DGS,Tanks and Temples,average,23.14,0.841,0.183,411,MB,,154,,,,,"rows marked re-run were retrained by the LightGaussian authors on an A6000; Plenoxels sizes printed as 2.1 GB and 2.3 GB, converted at 1 GB = 1024 MB"
lightgaussian_fan_neurips2024,2311.17245,Table 1,6,main,3DGS (re-run),3DGS,Mip-NeRF 360,average,27.4,0.813,0.217,782,MB,,144,,,,,"rows marked re-run were retrained by the LightGaussian authors on an A6000; Plenoxels sizes printed as 2.1 GB and 2.3 GB, converted at 1 GB = 1024 MB"
lightgaussian_fan_neurips2024,2311.17245,Table 1,6,main,3DGS (re-run),3DGS,Tanks and Temples,average,23.66,0.845,0.178,433,MB,,106,,,,,"rows marked re-run were retrained by the LightGaussian authors on an A6000; Plenoxels sizes printed as 2.1 GB and 2.3 GB, converted at 1 GB = 1024 MB"
lightgaussian_fan_neurips2024,2311.17245,Table 1,6,main,LightGaussian,3DGS,Mip-NeRF 360,average,27.13,0.806,0.237,45,MB,,237,,,,,"rows marked re-run were retrained by the LightGaussian authors on an A6000; Plenoxels sizes printed as 2.1 GB and 2.3 GB, converted at 1 GB = 1024 MB"
lightgaussian_fan_neurips2024,2311.17245,Table 1,6,main,LightGaussian,3DGS,Tanks and Temples,average,23.44,0.832,0.202,25,MB,,357,,,,,"rows marked re-run were retrained by the LightGaussian authors on an A6000; Plenoxels sizes printed as 2.1 GB and 2.3 GB, converted at 1 GB = 1024 MB"
lightgaussian_fan_neurips2024,2311.17245,Table 2,7,ablation,3DGS baseline,3DGS,Mip-NeRF 360,room,31.34,0.917,0.221,365,MB,,156.21,,,,,cumulative component ablation
lightgaussian_fan_neurips2024,2311.17245,Table 2,7,ablation,+ Gaussian pruning,3DGS,Mip-NeRF 360,room,30.67,0.91,0.234,123,MB,,308.1,,,,,cumulative component ablation
lightgaussian_fan_neurips2024,2311.17245,Table 2,7,ablation,+ co-adaptation,3DGS,Mip-NeRF 360,room,31.64,0.918,0.228,123,MB,,304.64,,,,,cumulative component ablation
lightgaussian_fan_neurips2024,2311.17245,Table 2,7,ablation,+ SH compactness,3DGS,Mip-NeRF 360,room,30.32,0.904,0.238,81,MB,,311.58,,,,,cumulative component ablation
lightgaussian_fan_neurips2024,2311.17245,Table 2,7,ablation,+ photometric loss,3DGS,Mip-NeRF 360,room,31.42,0.916,0.234,81,MB,,302.2,,,,,cumulative component ablation
lightgaussian_fan_neurips2024,2311.17245,Table 2,7,ablation,+ distillation and pseudo-views,3DGS,Mip-NeRF 360,room,31.48,0.917,0.231,81,MB,,302.89,,,,,cumulative component ablation
lightgaussian_fan_neurips2024,2311.17245,Table 2,7,ablation,+ codebook quantization,3DGS,Mip-NeRF 360,room,31.09,0.918,0.236,21,MB,,301.21,,,,,cumulative component ablation
lightgaussian_fan_neurips2024,2311.17245,Table 2,7,ablation,+ VQ finetune,3DGS,Mip-NeRF 360,room,31.4,0.916,0.232,21,MB,,302.01,,,,,cumulative component ablation
lightgaussian_fan_neurips2024,2311.17245,Table 2,7,ablation,LightGaussian (full),3DGS,Mip-NeRF 360,room,31.4,0.916,0.232,21,MB,,302.01,,,,,cumulative component ablation
lightgaussian_fan_neurips2024,2311.17245,Table 3,7,ablation,3DGS baseline,3DGS,Mip-NeRF 360,room,31.34,0.917,0.221,365,MB,,156.21,,,,,pruning-criterion ablation
lightgaussian_fan_neurips2024,2311.17245,Table 3,7,ablation,hit count only,3DGS,Mip-NeRF 360,room,28.16,0.886,0.261,123,MB,,301.52,,,,,pruning-criterion ablation
lightgaussian_fan_neurips2024,2311.17245,Table 3,7,ablation,hit count + co-adaptation,3DGS,Mip-NeRF 360,room,30.13,0.912,0.238,123,MB,,303.43,,,,,pruning-criterion ablation
lightgaussian_fan_neurips2024,2311.17245,Table 3,7,ablation,hit count x opacity,3DGS,Mip-NeRF 360,room,30.27,0.909,0.239,123,MB,,310.29,,,,,pruning-criterion ablation
lightgaussian_fan_neurips2024,2311.17245,Table 3,7,ablation,hit count x opacity + co-adaptation,3DGS,Mip-NeRF 360,room,31.6,0.916,0.231,123,MB,,304.84,,,,,pruning-criterion ablation
lightgaussian_fan_neurips2024,2311.17245,Table 3,7,ablation,hit count x opacity x volume,3DGS,Mip-NeRF 360,room,30.67,0.91,0.234,123,MB,,312.3,,,,,pruning-criterion ablation
lightgaussian_fan_neurips2024,2311.17245,Table 3,7,ablation,hit count x opacity x volume + co-adaptation,3DGS,Mip-NeRF 360,room,31.64,0.918,0.228,123,MB,,304.64,,,,,pruning-criterion ablation
lightgaussian_fan_neurips2024,2311.17245,Table 4,7,ablation,baseline (after SH compactness),3DGS,Mip-NeRF 360,room,31.48,0.917,0.231,80.99,MB,,,,,,,vector-quantization ablation
lightgaussian_fan_neurips2024,2311.17245,Table 4,7,ablation,+ FP16,3DGS,Mip-NeRF 360,room,31.35,0.914,0.232,36.51,MB,,,,,,,vector-quantization ablation
lightgaussian_fan_neurips2024,2311.17245,Table 4,7,ablation,+ VQ on all attributes,3DGS,Mip-NeRF 360,room,23.11,0.731,0.378,18.74,MB,,,,,,,vector-quantization ablation
lightgaussian_fan_neurips2024,2311.17245,Table 4,7,ablation,+ VQ on all attributes x global significance,3DGS,Mip-NeRF 360,room,26.23,0.826,0.323,19.74,MB,,,,,,,vector-quantization ablation
lightgaussian_fan_neurips2024,2311.17245,Table 4,7,ablation,+ VQ on SH,3DGS,Mip-NeRF 360,room,30.68,0.907,0.244,21.1,MB,,,,,,,vector-quantization ablation
lightgaussian_fan_neurips2024,2311.17245,Table 4,7,ablation,+ VQ on SH x global significance,3DGS,Mip-NeRF 360,room,31.16,0.911,0.235,21.1,MB,,,,,,,vector-quantization ablation
lightgaussian_fan_neurips2024,2311.17245,Table 4,7,ablation,LightGaussian with VQ finetune,3DGS,Mip-NeRF 360,room,31.4,0.916,0.232,21.1,MB,,,,,,,vector-quantization ablation
self_organizing_gaussians_morgenstern_2023,2312.13299,Table 1,10,main,Plenoxels,Plenoxels,Mip-NeRF 360,average,23.08,,0.463,2100,MB,,,,,,,"copied from prior work; SSIM is not in this table, it is in the supplement"
self_organizing_gaussians_morgenstern_2023,2312.13299,Table 1,10,main,Plenoxels,Plenoxels,Tanks and Temples,average,21.08,,0.379,2300,MB,,,,,,,"copied from prior work; SSIM is not in this table, it is in the supplement"
self_organizing_gaussians_morgenstern_2023,2312.13299,Table 1,10,main,Plenoxels,Plenoxels,Deep Blending,average,23.06,,0.51,2700,MB,,,,,,,"copied from prior work; SSIM is not in this table, it is in the supplement"
self_organizing_gaussians_morgenstern_2023,2312.13299,Table 1,10,main,Plenoxels,Plenoxels,NeRF Synthetic,average,31.76,,,,,,,,,,,"copied from prior work; SSIM is not in this table, it is in the supplement"
self_organizing_gaussians_morgenstern_2023,2312.13299,Table 1,10,main,Mip-NeRF 360,NeRF,Mip-NeRF 360,average,27.69,,0.237,8.6,MB,,,,,,,"copied from prior work; SSIM is not in this table, it is in the supplement"
self_organizing_gaussians_morgenstern_2023,2312.13299,Table 1,10,main,Mip-NeRF 360,NeRF,Tanks and Temples,average,22.22,,0.257,8.6,MB,,,,,,,"copied from prior work; SSIM is not in this table, it is in the supplement"
self_organizing_gaussians_morgenstern_2023,2312.13299,Table 1,10,main,Mip-NeRF 360,NeRF,Deep Blending,average,29.4,,0.245,8.6,MB,,,,,,,"copied from prior work; SSIM is not in this table, it is in the supplement"
self_organizing_gaussians_morgenstern_2023,2312.13299,Table 1,10,main,Mip-NeRF 360,NeRF,NeRF Synthetic,average,33.09,,,,,,,,,,,"copied from prior work; SSIM is not in this table, it is in the supplement"
self_organizing_gaussians_morgenstern_2023,2312.13299,Table 1,10,main,INGP-Base,Instant-NGP,Mip-NeRF 360,average,25.3,,0.371,13,MB,,,,,,,"copied from prior work; SSIM is not in this table, it is in the supplement"
self_organizing_gaussians_morgenstern_2023,2312.13299,Table 1,10,main,INGP-Base,Instant-NGP,Tanks and Temples,average,21.72,,0.33,13,MB,,,,,,,"copied from prior work; SSIM is not in this table, it is in the supplement"
self_organizing_gaussians_morgenstern_2023,2312.13299,Table 1,10,main,INGP-Base,Instant-NGP,Deep Blending,average,23.62,,0.423,13,MB,,,,,,,"copied from prior work; SSIM is not in this table, it is in the supplement"
self_organizing_gaussians_morgenstern_2023,2312.13299,Table 1,10,main,INGP-Base,Instant-NGP,NeRF Synthetic,average,33.18,,,,,,,,,,,"copied from prior work; SSIM is not in this table, it is in the supplement"
self_organizing_gaussians_morgenstern_2023,2312.13299,Table 1,10,main,INGP-Big,Instant-NGP,Mip-NeRF 360,average,25.59,,0.331,48,MB,,,,,,,"copied from prior work; SSIM is not in this table, it is in the supplement"
self_organizing_gaussians_morgenstern_2023,2312.13299,Table 1,10,main,INGP-Big,Instant-NGP,Tanks and Temples,average,21.92,,0.305,48,MB,,,,,,,"copied from prior work; SSIM is not in this table, it is in the supplement"
self_organizing_gaussians_morgenstern_2023,2312.13299,Table 1,10,main,INGP-Big,Instant-NGP,Deep Blending,average,24.96,,0.39,48,MB,,,,,,,"copied from prior work; SSIM is not in this table, it is in the supplement"
self_organizing_gaussians_morgenstern_2023,2312.13299,Table 1,10,main,VQ-TensoRF,TensoRF,Tanks and Temples,average,28.2,,,3.3,MB,,,,,,,"copied from prior work; SSIM is not in this table, it is in the supplement"
self_organizing_gaussians_morgenstern_2023,2312.13299,Table 1,10,main,VQ-TensoRF,TensoRF,NeRF Synthetic,average,32.86,,,3.6,MB,,,,,,,"copied from prior work; SSIM is not in this table, it is in the supplement"
self_organizing_gaussians_morgenstern_2023,2312.13299,Table 1,10,main,3DGS,3DGS,Mip-NeRF 360,average,27.55,,0.222,785,MB,,,,,,,"re-run by the SOG authors; the Tanks and Temples PSNR of 25.54 dB is far above the 23.14 dB other papers report, so this row uses a different scene subset; SSIM is not in this table, it is in the supplement"
self_organizing_gaussians_morgenstern_2023,2312.13299,Table 1,10,main,3DGS,3DGS,Tanks and Temples,average,25.54,,0.201,454,MB,,,,,,,"re-run by the SOG authors; the Tanks and Temples PSNR of 25.54 dB is far above the 23.14 dB other papers report, so this row uses a different scene subset; SSIM is not in this table, it is in the supplement"
self_organizing_gaussians_morgenstern_2023,2312.13299,Table 1,10,main,3DGS,3DGS,Deep Blending,average,30.07,,0.248,699,MB,,,,,,,"re-run by the SOG authors; the Tanks and Temples PSNR of 25.54 dB is far above the 23.14 dB other papers report, so this row uses a different scene subset; SSIM is not in this table, it is in the supplement"
self_organizing_gaussians_morgenstern_2023,2312.13299,Table 1,10,main,3DGS,3DGS,NeRF Synthetic,average,33.88,,0.031,71.6,MB,,,,,,,"re-run by the SOG authors; the Tanks and Temples PSNR of 25.54 dB is far above the 23.14 dB other papers report, so this row uses a different scene subset; SSIM is not in this table, it is in the supplement"
self_organizing_gaussians_morgenstern_2023,2312.13299,Table 1,10,main,3DGS w/o SH,3DGS,Mip-NeRF 360,average,26.94,,0.234,212,MB,,,,,,,"only the DC spherical-harmonic term, no view-dependent colour; SSIM is not in this table, it is in the supplement"
self_organizing_gaussians_morgenstern_2023,2312.13299,Table 1,10,main,3DGS w/o SH,3DGS,Tanks and Temples,average,25.1,,0.21,122,MB,,,,,,,"only the DC spherical-harmonic term, no view-dependent colour; SSIM is not in this table, it is in the supplement"
self_organizing_gaussians_morgenstern_2023,2312.13299,Table 1,10,main,3DGS w/o SH,3DGS,Deep Blending,average,30.24,,0.249,191,MB,,,,,,,"only the DC spherical-harmonic term, no view-dependent colour; SSIM is not in this table, it is in the supplement"
self_organizing_gaussians_morgenstern_2023,2312.13299,Table 1,10,main,3DGS w/o SH,3DGS,NeRF Synthetic,average,32.06,,0.039,19.4,MB,,,,,,,"only the DC spherical-harmonic term, no view-dependent colour; SSIM is not in this table, it is in the supplement"
self_organizing_gaussians_morgenstern_2023,2312.13299,Table 1,10,main,Self-Organizing Gaussians,3DGS,Mip-NeRF 360,average,27.64,,0.22,40.3,MB,,,,,,,"17x to 42x smaller than 3DGS depending on the dataset; SSIM is not in this table, it is in the supplement"
self_organizing_gaussians_morgenstern_2023,2312.13299,Table 1,10,main,Self-Organizing Gaussians,3DGS,Tanks and Temples,average,25.63,,0.208,21.4,MB,,,,,,,"17x to 42x smaller than 3DGS depending on the dataset; SSIM is not in this table, it is in the supplement"
self_organizing_gaussians_morgenstern_2023,2312.13299,Table 1,10,main,Self-Organizing Gaussians,3DGS,Deep Blending,average,30.35,,0.258,16.8,MB,,,,,,,"17x to 42x smaller than 3DGS depending on the dataset; SSIM is not in this table, it is in the supplement"
self_organizing_gaussians_morgenstern_2023,2312.13299,Table 1,10,main,Self-Organizing Gaussians,3DGS,NeRF Synthetic,average,33.7,,0.031,4.1,MB,,,,,,,"17x to 42x smaller than 3DGS depending on the dataset; SSIM is not in this table, it is in the supplement"
self_organizing_gaussians_morgenstern_2023,2312.13299,Table 1,10,main,Self-Organizing Gaussians w/o SH,3DGS,Mip-NeRF 360,average,27.02,,0.232,16.7,MB,,,,,,,"127x smaller than vanilla 3DGS; SSIM is not in this table, it is in the supplement"
self_organizing_gaussians_morgenstern_2023,2312.13299,Table 1,10,main,Self-Organizing Gaussians w/o SH,3DGS,Tanks and Temples,average,25.27,,0.217,8.2,MB,,,,,,,"127x smaller than vanilla 3DGS; SSIM is not in this table, it is in the supplement"
self_organizing_gaussians_morgenstern_2023,2312.13299,Table 1,10,main,Self-Organizing Gaussians w/o SH,3DGS,Deep Blending,average,30.5,,0.261,5.5,MB,,,,,,,"127x smaller than vanilla 3DGS; SSIM is not in this table, it is in the supplement"
self_organizing_gaussians_morgenstern_2023,2312.13299,Table 1,10,main,Self-Organizing Gaussians w/o SH,3DGS,NeRF Synthetic,average,31.75,,0.04,2.0,MB,,,,,,,"127x smaller than vanilla 3DGS; SSIM is not in this table, it is in the supplement"
self_organizing_gaussians_morgenstern_2023,2312.13299,Table 2,11,ablation,Self-Organizing Gaussians,3DGS,Tanks and Temples,average,24.39,,,18.02,MB,,,,,,,local-neighbourhood smoothness weight lambda=0.01
self_organizing_gaussians_morgenstern_2023,2312.13299,Table 2,11,ablation,Self-Organizing Gaussians,3DGS,Tanks and Temples,average,24.48,,,18.35,MB,,,,,,,local-neighbourhood smoothness weight lambda=0.05
self_organizing_gaussians_morgenstern_2023,2312.13299,Table 2,11,ablation,Self-Organizing Gaussians,3DGS,Tanks and Temples,average,24.18,,,17.5,MB,,,,,,,local-neighbourhood smoothness weight lambda=0.1
self_organizing_gaussians_morgenstern_2023,2312.13299,Table 2,11,ablation,Self-Organizing Gaussians,3DGS,Tanks and Temples,average,24.4,,,14.62,MB,,,,,,,local-neighbourhood smoothness weight lambda=0.5
self_organizing_gaussians_morgenstern_2023,2312.13299,Table 2,11,ablation,Self-Organizing Gaussians,3DGS,Tanks and Temples,average,24.24,,,12.43,MB,,,,,,,local-neighbourhood smoothness weight lambda=1.0
self_organizing_gaussians_morgenstern_2023,2312.13299,Table 2,11,ablation,Self-Organizing Gaussians,3DGS,Tanks and Temples,average,24.02,,,10.73,MB,,,,,,,local-neighbourhood smoothness weight lambda=1.5
self_organizing_gaussians_morgenstern_2023,2312.13299,Table 3,11,main,Self-Organizing Gaussians,3DGS,Tanks and Temples,average,25.37,,,34.3,MB,,,,,,,with spherical harmonics
self_organizing_gaussians_morgenstern_2023,2312.13299,Table 3,11,main,Self-Organizing Gaussians (w/o SH),3DGS,Tanks and Temples,average,24.9,,,17.3,MB,,,,,,,without spherical harmonics
self_organizing_gaussians_morgenstern_2023,2312.13299,Table 3,11,main,3DGS with our compression (post-hoc only),3DGS,Tanks and Temples,average,21.98,,,71.7,MB,,,,,,,with spherical harmonics
self_organizing_gaussians_morgenstern_2023,2312.13299,Table 3,11,main,3DGS with our compression (post-hoc only) (w/o SH),3DGS,Tanks and Temples,average,20.37,,,44.5,MB,,,,,,,without spherical harmonics
self_organizing_gaussians_morgenstern_2023,2312.13299,Table 3,11,main,3DGS .ply,3DGS,Tanks and Temples,average,25.44,,,624.7,MB,,,,,,,with spherical harmonics
self_organizing_gaussians_morgenstern_2023,2312.13299,Table 3,11,main,3DGS .ply (w/o SH),3DGS,Tanks and Temples,average,24.89,,,174.0,MB,,,,,,,without spherical harmonics
self_organizing_gaussians_morgenstern_2023,2312.13299,Table 3,11,main,3DGS .ply.zip,3DGS,Tanks and Temples,average,25.44,,,548.2,MB,,,,,,,with spherical harmonics
self_organizing_gaussians_morgenstern_2023,2312.13299,Table 3,11,main,3DGS .ply.zip (w/o SH),3DGS,Tanks and Temples,average,24.89,,,130.8,MB,,,,,,,without spherical harmonics
self_organizing_gaussians_morgenstern_2023,2312.13299,Table 3,11,main,Making Gaussian Splats smaller (blog post),3DGS,Tanks and Temples,average,25.05,,,41.5,MB,,,,,,,with spherical harmonics
3dgs_zip_bagdasarian_cgf2025,2407.09510,Table 1,13,main,ContextGS (low rate),Scaffold-GS,Tanks and Temples,average,24.12,0.849,0.186,9.9,MB,,,,,,,"the survey's own leaderboard, aggregated from the source papers and its maintained web table at w-m.github.io/3dgs-compression-survey; sizes are MB with 1 MB = 1000^2 bytes; rank is the average ranking across all datasets a method reports; average rank 4.3"
3dgs_zip_bagdasarian_cgf2025,2407.09510,Table 1,13,main,ContextGS (low rate),Scaffold-GS,Mip-NeRF 360,average,27.62,0.808,0.237,13.3,MB,,,,,,,"the survey's own leaderboard, aggregated from the source papers and its maintained web table at w-m.github.io/3dgs-compression-survey; sizes are MB with 1 MB = 1000^2 bytes; rank is the average ranking across all datasets a method reports; average rank 4.3"
3dgs_zip_bagdasarian_cgf2025,2407.09510,Table 1,13,main,ContextGS (low rate),Scaffold-GS,Deep Blending,average,30.09,0.907,0.265,3.7,MB,,,,,,,"the survey's own leaderboard, aggregated from the source papers and its maintained web table at w-m.github.io/3dgs-compression-survey; sizes are MB with 1 MB = 1000^2 bytes; rank is the average ranking across all datasets a method reports; average rank 4.3"
3dgs_zip_bagdasarian_cgf2025,2407.09510,Table 1,13,main,HAC (high rate),Scaffold-GS,Tanks and Temples,average,24.4,0.853,0.177,11.8,MB,,,,,,,"the survey's own leaderboard, aggregated from the source papers and its maintained web table at w-m.github.io/3dgs-compression-survey; sizes are MB with 1 MB = 1000^2 bytes; rank is the average ranking across all datasets a method reports; average rank 4.4"
3dgs_zip_bagdasarian_cgf2025,2407.09510,Table 1,13,main,HAC (high rate),Scaffold-GS,Mip-NeRF 360,average,27.77,0.811,0.23,22.9,MB,,,,,,,"the survey's own leaderboard, aggregated from the source papers and its maintained web table at w-m.github.io/3dgs-compression-survey; sizes are MB with 1 MB = 1000^2 bytes; rank is the average ranking across all datasets a method reports; average rank 4.4"
3dgs_zip_bagdasarian_cgf2025,2407.09510,Table 1,13,main,HAC (high rate),Scaffold-GS,Deep Blending,average,30.34,0.906,0.258,6.7,MB,,,,,,,"the survey's own leaderboard, aggregated from the source papers and its maintained web table at w-m.github.io/3dgs-compression-survey; sizes are MB with 1 MB = 1000^2 bytes; rank is the average ranking across all datasets a method reports; average rank 4.4"
3dgs_zip_bagdasarian_cgf2025,2407.09510,Table 1,13,main,HAC (high rate),Scaffold-GS,NeRF Synthetic,average,33.71,0.968,0.034,2.0,MB,,,,,,,"the survey's own leaderboard, aggregated from the source papers and its maintained web table at w-m.github.io/3dgs-compression-survey; sizes are MB with 1 MB = 1000^2 bytes; rank is the average ranking across all datasets a method reports; average rank 4.4"
3dgs_zip_bagdasarian_cgf2025,2407.09510,Table 1,13,main,CodecGS,Scaffold-GS,Tanks and Temples,average,23.63,0.841,0.192,7.8,MB,,,,,,,"the survey's own leaderboard, aggregated from the source papers and its maintained web table at w-m.github.io/3dgs-compression-survey; sizes are MB with 1 MB = 1000^2 bytes; rank is the average ranking across all datasets a method reports; average rank 4.8"
3dgs_zip_bagdasarian_cgf2025,2407.09510,Table 1,13,main,CodecGS,Scaffold-GS,Mip-NeRF 360,average,27.3,0.81,0.236,10.3,MB,,,,,,,"the survey's own leaderboard, aggregated from the source papers and its maintained web table at w-m.github.io/3dgs-compression-survey; sizes are MB with 1 MB = 1000^2 bytes; rank is the average ranking across all datasets a method reports; average rank 4.8"
3dgs_zip_bagdasarian_cgf2025,2407.09510,Table 1,13,main,CodecGS,Scaffold-GS,Deep Blending,average,29.81,0.906,0.251,9.0,MB,,,,,,,"the survey's own leaderboard, aggregated from the source papers and its maintained web table at w-m.github.io/3dgs-compression-survey; sizes are MB with 1 MB = 1000^2 bytes; rank is the average ranking across all datasets a method reports; average rank 4.8"
3dgs_zip_bagdasarian_cgf2025,2407.09510,Table 1,13,main,HAC (low rate),Scaffold-GS,Tanks and Temples,average,24.04,0.846,0.187,8.5,MB,,,,,,,"the survey's own leaderboard, aggregated from the source papers and its maintained web table at w-m.github.io/3dgs-compression-survey; sizes are MB with 1 MB = 1000^2 bytes; rank is the average ranking across all datasets a method reports; average rank 5.0"
3dgs_zip_bagdasarian_cgf2025,2407.09510,Table 1,13,main,HAC (low rate),Scaffold-GS,Mip-NeRF 360,average,27.53,0.807,0.238,16.0,MB,,,,,,,"the survey's own leaderboard, aggregated from the source papers and its maintained web table at w-m.github.io/3dgs-compression-survey; sizes are MB with 1 MB = 1000^2 bytes; rank is the average ranking across all datasets a method reports; average rank 5.0"
3dgs_zip_bagdasarian_cgf2025,2407.09510,Table 1,13,main,HAC (low rate),Scaffold-GS,Deep Blending,average,29.98,0.902,0.269,4.6,MB,,,,,,,"the survey's own leaderboard, aggregated from the source papers and its maintained web table at w-m.github.io/3dgs-compression-survey; sizes are MB with 1 MB = 1000^2 bytes; rank is the average ranking across all datasets a method reports; average rank 5.0"
3dgs_zip_bagdasarian_cgf2025,2407.09510,Table 1,13,main,HAC (low rate),Scaffold-GS,NeRF Synthetic,average,33.24,0.967,0.037,1.2,MB,,,,,,,"the survey's own leaderboard, aggregated from the source papers and its maintained web table at w-m.github.io/3dgs-compression-survey; sizes are MB with 1 MB = 1000^2 bytes; rank is the average ranking across all datasets a method reports; average rank 5.0"
3dgs_zip_bagdasarian_cgf2025,2407.09510,Table 1,13,main,gsplat-1.00M,3DGS,Tanks and Temples,average,24.03,0.857,0.163,16.1,MB,,,,,,,"the survey's own leaderboard, aggregated from the source papers and its maintained web table at w-m.github.io/3dgs-compression-survey; sizes are MB with 1 MB = 1000^2 bytes; rank is the average ranking across all datasets a method reports; average rank 5.3"
3dgs_zip_bagdasarian_cgf2025,2407.09510,Table 1,13,main,gsplat-1.00M,3DGS,Mip-NeRF 360,average,27.29,0.811,0.229,16.0,MB,,,,,,,"the survey's own leaderboard, aggregated from the source papers and its maintained web table at w-m.github.io/3dgs-compression-survey; sizes are MB with 1 MB = 1000^2 bytes; rank is the average ranking across all datasets a method reports; average rank 5.3"
3dgs_zip_bagdasarian_cgf2025,2407.09510,Table 1,13,main,ContextGS (high rate),Scaffold-GS,Tanks and Temples,average,24.29,0.855,0.176,12.4,MB,,,,,,,"the survey's own leaderboard, aggregated from the source papers and its maintained web table at w-m.github.io/3dgs-compression-survey; sizes are MB with 1 MB = 1000^2 bytes; rank is the average ranking across all datasets a method reports; average rank 5.8"
3dgs_zip_bagdasarian_cgf2025,2407.09510,Table 1,13,main,ContextGS (high rate),Scaffold-GS,Mip-NeRF 360,average,27.75,0.811,0.231,19.3,MB,,,,,,,"the survey's own leaderboard, aggregated from the source papers and its maintained web table at w-m.github.io/3dgs-compression-survey; sizes are MB with 1 MB = 1000^2 bytes; rank is the average ranking across all datasets a method reports; average rank 5.8"
3dgs_zip_bagdasarian_cgf2025,2407.09510,Table 1,13,main,ContextGS (high rate),Scaffold-GS,Deep Blending,average,30.41,0.909,0.259,6.9,MB,,,,,,,"the survey's own leaderboard, aggregated from the source papers and its maintained web table at w-m.github.io/3dgs-compression-survey; sizes are MB with 1 MB = 1000^2 bytes; rank is the average ranking across all datasets a method reports; average rank 5.8"
3dgs_zip_bagdasarian_cgf2025,2407.09510,Table 1,13,main,Compact3D 32K,3DGS,Tanks and Temples,average,23.44,0.838,0.198,13.0,MB,,,,,,,"the survey's own leaderboard, aggregated from the source papers and its maintained web table at w-m.github.io/3dgs-compression-survey; sizes are MB with 1 MB = 1000^2 bytes; rank is the average ranking across all datasets a method reports; average rank 9.3"
3dgs_zip_bagdasarian_cgf2025,2407.09510,Table 1,13,main,Compact3D 32K,3DGS,Mip-NeRF 360,average,27.12,0.806,0.24,19.0,MB,,,,,,,"the survey's own leaderboard, aggregated from the source papers and its maintained web table at w-m.github.io/3dgs-compression-survey; sizes are MB with 1 MB = 1000^2 bytes; rank is the average ranking across all datasets a method reports; average rank 9.3"
3dgs_zip_bagdasarian_cgf2025,2407.09510,Table 1,13,main,Compact3D 32K,3DGS,Deep Blending,average,29.9,0.907,0.251,13.0,MB,,,,,,,"the survey's own leaderboard, aggregated from the source papers and its maintained web table at w-m.github.io/3dgs-compression-survey; sizes are MB with 1 MB = 1000^2 bytes; rank is the average ranking across all datasets a method reports; average rank 9.3"
3dgs_zip_bagdasarian_cgf2025,2407.09510,Table 1,13,main,Compact3D 16K,3DGS,Tanks and Temples,average,23.39,0.836,0.2,12.0,MB,,,,,,,"the survey's own leaderboard, aggregated from the source papers and its maintained web table at w-m.github.io/3dgs-compression-survey; sizes are MB with 1 MB = 1000^2 bytes; rank is the average ranking across all datasets a method reports; average rank 9.7"
3dgs_zip_bagdasarian_cgf2025,2407.09510,Table 1,13,main,Compact3D 16K,3DGS,Mip-NeRF 360,average,27.03,0.804,0.243,18.0,MB,,,,,,,"the survey's own leaderboard, aggregated from the source papers and its maintained web table at w-m.github.io/3dgs-compression-survey; sizes are MB with 1 MB = 1000^2 bytes; rank is the average ranking across all datasets a method reports; average rank 9.7"
3dgs_zip_bagdasarian_cgf2025,2407.09510,Table 1,13,main,Compact3D 16K,3DGS,Deep Blending,average,29.9,0.906,0.252,12.0,MB,,,,,,,"the survey's own leaderboard, aggregated from the source papers and its maintained web table at w-m.github.io/3dgs-compression-survey; sizes are MB with 1 MB = 1000^2 bytes; rank is the average ranking across all datasets a method reports; average rank 9.7"
3dgs_zip_bagdasarian_cgf2025,2407.09510,Table 1,13,main,RDO-Gaussian,3DGS,Tanks and Temples,average,23.34,0.835,0.195,12.0,MB,,,,,,,"the survey's own leaderboard, aggregated from the source papers and its maintained web table at w-m.github.io/3dgs-compression-survey; sizes are MB with 1 MB = 1000^2 bytes; rank is the average ranking across all datasets a method reports; average rank 9.8"
3dgs_zip_bagdasarian_cgf2025,2407.09510,Table 1,13,main,RDO-Gaussian,3DGS,Mip-NeRF 360,average,27.05,0.802,0.239,23.5,MB,,,,,,,"the survey's own leaderboard, aggregated from the source papers and its maintained web table at w-m.github.io/3dgs-compression-survey; sizes are MB with 1 MB = 1000^2 bytes; rank is the average ranking across all datasets a method reports; average rank 9.8"
3dgs_zip_bagdasarian_cgf2025,2407.09510,Table 1,13,main,RDO-Gaussian,3DGS,Deep Blending,average,29.63,0.902,0.252,18.0,MB,,,,,,,"the survey's own leaderboard, aggregated from the source papers and its maintained web table at w-m.github.io/3dgs-compression-survey; sizes are MB with 1 MB = 1000^2 bytes; rank is the average ranking across all datasets a method reports; average rank 9.8"
3dgs_zip_bagdasarian_cgf2025,2407.09510,Table 1,13,main,RDO-Gaussian,3DGS,NeRF Synthetic,average,33.12,0.967,0.035,2.3,MB,,,,,,,"the survey's own leaderboard, aggregated from the source papers and its maintained web table at w-m.github.io/3dgs-compression-survey; sizes are MB with 1 MB = 1000^2 bytes; rank is the average ranking across all datasets a method reports; average rank 9.8"
3dgs_zip_bagdasarian_cgf2025,2407.09510,Table 1,13,main,CompGS,3DGS,Tanks and Temples,average,23.7,0.837,0.208,10.1,MB,,,,,,,"the survey's own leaderboard, aggregated from the source papers and its maintained web table at w-m.github.io/3dgs-compression-survey; sizes are MB with 1 MB = 1000^2 bytes; rank is the average ranking across all datasets a method reports; average rank 9.8"
3dgs_zip_bagdasarian_cgf2025,2407.09510,Table 1,13,main,CompGS,3DGS,Mip-NeRF 360,average,27.26,0.803,0.239,17.3,MB,,,,,,,"the survey's own leaderboard, aggregated from the source papers and its maintained web table at w-m.github.io/3dgs-compression-survey; sizes are MB with 1 MB = 1000^2 bytes; rank is the average ranking across all datasets a method reports; average rank 9.8"
3dgs_zip_bagdasarian_cgf2025,2407.09510,Table 1,13,main,CompGS,3DGS,Deep Blending,average,29.69,0.901,0.279,9.2,MB,,,,,,,"the survey's own leaderboard, aggregated from the source papers and its maintained web table at w-m.github.io/3dgs-compression-survey; sizes are MB with 1 MB = 1000^2 bytes; rank is the average ranking across all datasets a method reports; average rank 9.8"
3dgs_zip_bagdasarian_cgf2025,2407.09510,Table 1,13,main,Reduced3DGS,3DGS,Tanks and Temples,average,23.57,0.84,0.188,14.0,MB,,,,,,,"the survey's own leaderboard, aggregated from the source papers and its maintained web table at w-m.github.io/3dgs-compression-survey; sizes are MB with 1 MB = 1000^2 bytes; rank is the average ranking across all datasets a method reports; average rank 10.4"
3dgs_zip_bagdasarian_cgf2025,2407.09510,Table 1,13,main,Reduced3DGS,3DGS,Mip-NeRF 360,average,27.1,0.809,0.226,29.0,MB,,,,,,,"the survey's own leaderboard, aggregated from the source papers and its maintained web table at w-m.github.io/3dgs-compression-survey; sizes are MB with 1 MB = 1000^2 bytes; rank is the average ranking across all datasets a method reports; average rank 10.4"
3dgs_zip_bagdasarian_cgf2025,2407.09510,Table 1,13,main,Reduced3DGS,3DGS,Deep Blending,average,29.63,0.902,0.249,18.0,MB,,,,,,,"the survey's own leaderboard, aggregated from the source papers and its maintained web table at w-m.github.io/3dgs-compression-survey; sizes are MB with 1 MB = 1000^2 bytes; rank is the average ranking across all datasets a method reports; average rank 10.4"
3dgs_zip_bagdasarian_cgf2025,2407.09510,Table 1,13,main,SOG w/o SH,3DGS,Tanks and Temples,average,23.15,0.828,0.198,9.3,MB,,,,,,,"the survey's own leaderboard, aggregated from the source papers and its maintained web table at w-m.github.io/3dgs-compression-survey; sizes are MB with 1 MB = 1000^2 bytes; rank is the average ranking across all datasets a method reports; average rank 10.5"
3dgs_zip_bagdasarian_cgf2025,2407.09510,Table 1,13,main,SOG w/o SH,3DGS,Mip-NeRF 360,average,26.56,0.791,0.241,16.7,MB,,,,,,,"the survey's own leaderboard, aggregated from the source papers and its maintained web table at w-m.github.io/3dgs-compression-survey; sizes are MB with 1 MB = 1000^2 bytes; rank is the average ranking across all datasets a method reports; average rank 10.5"
3dgs_zip_bagdasarian_cgf2025,2407.09510,Table 1,13,main,SOG w/o SH,3DGS,Deep Blending,average,29.12,0.892,0.27,5.7,MB,,,,,,,"the survey's own leaderboard, aggregated from the source papers and its maintained web table at w-m.github.io/3dgs-compression-survey; sizes are MB with 1 MB = 1000^2 bytes; rank is the average ranking across all datasets a method reports; average rank 10.5"
3dgs_zip_bagdasarian_cgf2025,2407.09510,Table 1,13,main,SOG w/o SH,3DGS,NeRF Synthetic,average,31.37,0.959,0.043,2.0,MB,,,,,,,"the survey's own leaderboard, aggregated from the source papers and its maintained web table at w-m.github.io/3dgs-compression-survey; sizes are MB with 1 MB = 1000^2 bytes; rank is the average ranking across all datasets a method reports; average rank 10.5"
3dgs_zip_bagdasarian_cgf2025,2407.09510,Table 1,13,main,MesonGS c3,3DGS,Tanks and Temples,average,23.29,0.835,0.197,17.4,MB,,,,,,,"the survey's own leaderboard, aggregated from the source papers and its maintained web table at w-m.github.io/3dgs-compression-survey; sizes are MB with 1 MB = 1000^2 bytes; rank is the average ranking across all datasets a method reports; average rank 12.0"
3dgs_zip_bagdasarian_cgf2025,2407.09510,Table 1,13,main,MesonGS c3,3DGS,Mip-NeRF 360,average,26.99,0.797,0.246,25.9,MB,,,,,,,"the survey's own leaderboard, aggregated from the source papers and its maintained web table at w-m.github.io/3dgs-compression-survey; sizes are MB with 1 MB = 1000^2 bytes; rank is the average ranking across all datasets a method reports; average rank 12.0"
3dgs_zip_bagdasarian_cgf2025,2407.09510,Table 1,13,main,MesonGS c3,3DGS,Deep Blending,average,29.48,0.903,0.252,29.0,MB,,,,,,,"the survey's own leaderboard, aggregated from the source papers and its maintained web table at w-m.github.io/3dgs-compression-survey; sizes are MB with 1 MB = 1000^2 bytes; rank is the average ranking across all datasets a method reports; average rank 12.0"
3dgs_zip_bagdasarian_cgf2025,2407.09510,Table 1,13,main,MesonGS c3,3DGS,NeRF Synthetic,average,32.96,0.968,0.033,3.5,MB,,,,,,,"the survey's own leaderboard, aggregated from the source papers and its maintained web table at w-m.github.io/3dgs-compression-survey; sizes are MB with 1 MB = 1000^2 bytes; rank is the average ranking across all datasets a method reports; average rank 12.0"
3dgs_zip_bagdasarian_cgf2025,2407.09510,Table 1,13,main,Compressed3D,3DGS,Tanks and Temples,average,23.32,0.832,0.194,17.3,MB,,,,,,,"the survey's own leaderboard, aggregated from the source papers and its maintained web table at w-m.github.io/3dgs-compression-survey; sizes are MB with 1 MB = 1000^2 bytes; rank is the average ranking across all datasets a method reports; average rank 12.4"
3dgs_zip_bagdasarian_cgf2025,2407.09510,Table 1,13,main,Compressed3D,3DGS,Mip-NeRF 360,average,26.98,0.801,0.238,28.8,MB,,,,,,,"the survey's own leaderboard, aggregated from the source papers and its maintained web table at w-m.github.io/3dgs-compression-survey; sizes are MB with 1 MB = 1000^2 bytes; rank is the average ranking across all datasets a method reports; average rank 12.4"
3dgs_zip_bagdasarian_cgf2025,2407.09510,Table 1,13,main,Compressed3D,3DGS,Deep Blending,average,29.38,0.898,0.253,25.3,MB,,,,,,,"the survey's own leaderboard, aggregated from the source papers and its maintained web table at w-m.github.io/3dgs-compression-survey; sizes are MB with 1 MB = 1000^2 bytes; rank is the average ranking across all datasets a method reports; average rank 12.4"
3dgs_zip_bagdasarian_cgf2025,2407.09510,Table 1,13,main,Compressed3D,3DGS,NeRF Synthetic,average,32.94,0.967,0.033,3.7,MB,,,,,,,"the survey's own leaderboard, aggregated from the source papers and its maintained web table at w-m.github.io/3dgs-compression-survey; sizes are MB with 1 MB = 1000^2 bytes; rank is the average ranking across all datasets a method reports; average rank 12.4"
3dgs_zip_bagdasarian_cgf2025,2407.09510,Table 1,13,main,MesonGS c1,3DGS,Tanks and Temples,average,23.31,0.835,0.196,18.5,MB,,,,,,,"the survey's own leaderboard, aggregated from the source papers and its maintained web table at w-m.github.io/3dgs-compression-survey; sizes are MB with 1 MB = 1000^2 bytes; rank is the average ranking across all datasets a method reports; average rank 12.6"
3dgs_zip_bagdasarian_cgf2025,2407.09510,Table 1,13,main,MesonGS c1,3DGS,Mip-NeRF 360,average,26.99,0.796,0.247,28.5,MB,,,,,,,"the survey's own leaderboard, aggregated from the source papers and its maintained web table at w-m.github.io/3dgs-compression-survey; sizes are MB with 1 MB = 1000^2 bytes; rank is the average ranking across all datasets a method reports; average rank 12.6"
3dgs_zip_bagdasarian_cgf2025,2407.09510,Table 1,13,main,MesonGS c1,3DGS,Deep Blending,average,29.5,0.903,0.251,31.1,MB,,,,,,,"the survey's own leaderboard, aggregated from the source papers and its maintained web table at w-m.github.io/3dgs-compression-survey; sizes are MB with 1 MB = 1000^2 bytes; rank is the average ranking across all datasets a method reports; average rank 12.6"
3dgs_zip_bagdasarian_cgf2025,2407.09510,Table 1,13,main,MesonGS c1,3DGS,NeRF Synthetic,average,32.94,0.968,0.033,3.9,MB,,,,,,,"the survey's own leaderboard, aggregated from the source papers and its maintained web table at w-m.github.io/3dgs-compression-survey; sizes are MB with 1 MB = 1000^2 bytes; rank is the average ranking across all datasets a method reports; average rank 12.6"
3dgs_zip_bagdasarian_cgf2025,2407.09510,Table 1,13,main,SOG (Self-Organizing Gaussians),3DGS,Tanks and Temples,average,23.56,0.837,0.186,22.8,MB,,,,,,,"the survey's own leaderboard, aggregated from the source papers and its maintained web table at w-m.github.io/3dgs-compression-survey; sizes are MB with 1 MB = 1000^2 bytes; rank is the average ranking across all datasets a method reports; average rank 12.7"
3dgs_zip_bagdasarian_cgf2025,2407.09510,Table 1,13,main,SOG (Self-Organizing Gaussians),3DGS,Mip-NeRF 360,average,27.08,0.799,0.23,40.3,MB,,,,,,,"the survey's own leaderboard, aggregated from the source papers and its maintained web table at w-m.github.io/3dgs-compression-survey; sizes are MB with 1 MB = 1000^2 bytes; rank is the average ranking across all datasets a method reports; average rank 12.7"
3dgs_zip_bagdasarian_cgf2025,2407.09510,Table 1,13,main,SOG (Self-Organizing Gaussians),3DGS,Deep Blending,average,29.26,0.894,0.268,17.7,MB,,,,,,,"the survey's own leaderboard, aggregated from the source papers and its maintained web table at w-m.github.io/3dgs-compression-survey; sizes are MB with 1 MB = 1000^2 bytes; rank is the average ranking across all datasets a method reports; average rank 12.7"
3dgs_zip_bagdasarian_cgf2025,2407.09510,Table 1,13,main,SOG (Self-Organizing Gaussians),3DGS,NeRF Synthetic,average,33.23,0.966,0.034,4.1,MB,,,,,,,"the survey's own leaderboard, aggregated from the source papers and its maintained web table at w-m.github.io/3dgs-compression-survey; sizes are MB with 1 MB = 1000^2 bytes; rank is the average ranking across all datasets a method reports; average rank 12.7"
3dgs_zip_bagdasarian_cgf2025,2407.09510,Table 1,13,main,Compact3DGS + post-processing,3DGS,Tanks and Temples,average,23.32,0.831,0.202,20.9,MB,,,,,,,"the survey's own leaderboard, aggregated from the source papers and its maintained web table at w-m.github.io/3dgs-compression-survey; sizes are MB with 1 MB = 1000^2 bytes; rank is the average ranking across all datasets a method reports; average rank 13.3"
3dgs_zip_bagdasarian_cgf2025,2407.09510,Table 1,13,main,Compact3DGS + post-processing,3DGS,Mip-NeRF 360,average,27.03,0.797,0.247,29.1,MB,,,,,,,"the survey's own leaderboard, aggregated from the source papers and its maintained web table at w-m.github.io/3dgs-compression-survey; sizes are MB with 1 MB = 1000^2 bytes; rank is the average ranking across all datasets a method reports; average rank 13.3"
3dgs_zip_bagdasarian_cgf2025,2407.09510,Table 1,13,main,Compact3DGS + post-processing,3DGS,Deep Blending,average,29.73,0.9,0.258,23.8,MB,,,,,,,"the survey's own leaderboard, aggregated from the source papers and its maintained web table at w-m.github.io/3dgs-compression-survey; sizes are MB with 1 MB = 1000^2 bytes; rank is the average ranking across all datasets a method reports; average rank 13.3"
3dgs_zip_bagdasarian_cgf2025,2407.09510,Table 1,13,main,Compact3DGS + post-processing,3DGS,NeRF Synthetic,average,32.88,0.968,0.034,2.8,MB,,,,,,,"the survey's own leaderboard, aggregated from the source papers and its maintained web table at w-m.github.io/3dgs-compression-survey; sizes are MB with 1 MB = 1000^2 bytes; rank is the average ranking across all datasets a method reports; average rank 13.3"
3dgs_zip_bagdasarian_cgf2025,2407.09510,Table 1,13,main,EAGLES,3DGS,Tanks and Temples,average,23.37,0.84,0.2,29.0,MB,,,,,,,"the survey's own leaderboard, aggregated from the source papers and its maintained web table at w-m.github.io/3dgs-compression-survey; sizes are MB with 1 MB = 1000^2 bytes; rank is the average ranking across all datasets a method reports; average rank 14.4"
3dgs_zip_bagdasarian_cgf2025,2407.09510,Table 1,13,main,EAGLES,3DGS,Mip-NeRF 360,average,27.23,0.81,0.24,54.0,MB,,,,,,,"the survey's own leaderboard, aggregated from the source papers and its maintained web table at w-m.github.io/3dgs-compression-survey; sizes are MB with 1 MB = 1000^2 bytes; rank is the average ranking across all datasets a method reports; average rank 14.4"
3dgs_zip_bagdasarian_cgf2025,2407.09510,Table 1,13,main,EAGLES,3DGS,Deep Blending,average,29.86,0.91,0.25,52.0,MB,,,,,,,"the survey's own leaderboard, aggregated from the source papers and its maintained web table at w-m.github.io/3dgs-compression-survey; sizes are MB with 1 MB = 1000^2 bytes; rank is the average ranking across all datasets a method reports; average rank 14.4"
3dgs_zip_bagdasarian_cgf2025,2407.09510,Table 1,13,main,Scaffold-GS,Scaffold-GS,Tanks and Temples,average,23.96,0.853,0.177,87.0,MB,,,,,,,"the survey's own leaderboard, aggregated from the source papers and its maintained web table at w-m.github.io/3dgs-compression-survey; sizes are MB with 1 MB = 1000^2 bytes; rank is the average ranking across all datasets a method reports; average rank 14.6"
3dgs_zip_bagdasarian_cgf2025,2407.09510,Table 1,13,main,Scaffold-GS,Scaffold-GS,Mip-NeRF 360,average,27.5,0.806,0.252,156.0,MB,,,,,,,"the survey's own leaderboard, aggregated from the source papers and its maintained web table at w-m.github.io/3dgs-compression-survey; sizes are MB with 1 MB = 1000^2 bytes; rank is the average ranking across all datasets a method reports; average rank 14.6"
3dgs_zip_bagdasarian_cgf2025,2407.09510,Table 1,13,main,Scaffold-GS,Scaffold-GS,Deep Blending,average,30.21,0.906,0.254,66.0,MB,,,,,,,"the survey's own leaderboard, aggregated from the source papers and its maintained web table at w-m.github.io/3dgs-compression-survey; sizes are MB with 1 MB = 1000^2 bytes; rank is the average ranking across all datasets a method reports; average rank 14.6"
3dgs_zip_bagdasarian_cgf2025,2407.09510,Table 1,13,main,Compact3DGS,3DGS,Tanks and Temples,average,23.32,0.831,0.201,39.4,MB,,,,,,,"the survey's own leaderboard, aggregated from the source papers and its maintained web table at w-m.github.io/3dgs-compression-survey; sizes are MB with 1 MB = 1000^2 bytes; rank is the average ranking across all datasets a method reports; average rank 14.9"
3dgs_zip_bagdasarian_cgf2025,2407.09510,Table 1,13,main,Compact3DGS,3DGS,Mip-NeRF 360,average,27.08,0.798,0.247,48.8,MB,,,,,,,"the survey's own leaderboard, aggregated from the source papers and its maintained web table at w-m.github.io/3dgs-compression-survey; sizes are MB with 1 MB = 1000^2 bytes; rank is the average ranking across all datasets a method reports; average rank 14.9"
3dgs_zip_bagdasarian_cgf2025,2407.09510,Table 1,13,main,Compact3DGS,3DGS,Deep Blending,average,29.79,0.901,0.258,43.2,MB,,,,,,,"the survey's own leaderboard, aggregated from the source papers and its maintained web table at w-m.github.io/3dgs-compression-survey; sizes are MB with 1 MB = 1000^2 bytes; rank is the average ranking across all datasets a method reports; average rank 14.9"
3dgs_zip_bagdasarian_cgf2025,2407.09510,Table 1,13,main,Compact3DGS,3DGS,NeRF Synthetic,average,33.33,0.968,0.034,5.8,MB,,,,,,,"the survey's own leaderboard, aggregated from the source papers and its maintained web table at w-m.github.io/3dgs-compression-survey; sizes are MB with 1 MB = 1000^2 bytes; rank is the average ranking across all datasets a method reports; average rank 14.9"
3dgs_zip_bagdasarian_cgf2025,2407.09510,Table 1,13,main,LightGaussian,3DGS,Tanks and Temples,average,23.11,0.817,0.231,22.0,MB,,,,,,,"the survey's own leaderboard, aggregated from the source papers and its maintained web table at w-m.github.io/3dgs-compression-survey; sizes are MB with 1 MB = 1000^2 bytes; rank is the average ranking across all datasets a method reports; average rank 15.3"
3dgs_zip_bagdasarian_cgf2025,2407.09510,Table 1,13,main,LightGaussian,3DGS,Mip-NeRF 360,average,27.28,0.805,0.243,42.0,MB,,,,,,,"the survey's own leaderboard, aggregated from the source papers and its maintained web table at w-m.github.io/3dgs-compression-survey; sizes are MB with 1 MB = 1000^2 bytes; rank is the average ranking across all datasets a method reports; average rank 15.3"
3dgs_zip_bagdasarian_cgf2025,2407.09510,Table 1,13,main,LightGaussian,3DGS,NeRF Synthetic,average,32.72,0.965,0.037,7.8,MB,,,,,,,"the survey's own leaderboard, aggregated from the source papers and its maintained web table at w-m.github.io/3dgs-compression-survey; sizes are MB with 1 MB = 1000^2 bytes; rank is the average ranking across all datasets a method reports; average rank 15.3"
3dgs_zip_bagdasarian_cgf2025,2407.09510,Table 1,13,main,3DGS-30K,3DGS,Tanks and Temples,average,23.14,0.841,0.183,411.0,MB,,,,,,,"the survey's own leaderboard, aggregated from the source papers and its maintained web table at w-m.github.io/3dgs-compression-survey; sizes are MB with 1 MB = 1000^2 bytes; rank is the average ranking across all datasets a method reports; average rank 15.3"
3dgs_zip_bagdasarian_cgf2025,2407.09510,Table 1,13,main,3DGS-30K,3DGS,Mip-NeRF 360,average,27.21,0.815,0.214,734.0,MB,,,,,,,"the survey's own leaderboard, aggregated from the source papers and its maintained web table at w-m.github.io/3dgs-compression-survey; sizes are MB with 1 MB = 1000^2 bytes; rank is the average ranking across all datasets a method reports; average rank 15.3"
3dgs_zip_bagdasarian_cgf2025,2407.09510,Table 1,13,main,3DGS-30K,3DGS,Deep Blending,average,29.41,0.903,0.243,676.0,MB,,,,,,,"the survey's own leaderboard, aggregated from the source papers and its maintained web table at w-m.github.io/3dgs-compression-survey; sizes are MB with 1 MB = 1000^2 bytes; rank is the average ranking across all datasets a method reports; average rank 15.3"
3dgs_zip_bagdasarian_cgf2025,2407.09510,Table 1,13,main,3DGS-30K,3DGS,NeRF Synthetic,average,33.32,,,,,,,,,,,"the survey's own leaderboard, aggregated from the source papers and its maintained web table at w-m.github.io/3dgs-compression-survey; sizes are MB with 1 MB = 1000^2 bytes; rank is the average ranking across all datasets a method reports; average rank 15.3"
3dgs_zip_bagdasarian_cgf2025,2407.09510,Table 1,13,main,EAGLES-Small,3DGS,Tanks and Temples,average,23.1,0.82,0.22,19.0,MB,,,,,,,"the survey's own leaderboard, aggregated from the source papers and its maintained web table at w-m.github.io/3dgs-compression-survey; sizes are MB with 1 MB = 1000^2 bytes; rank is the average ranking across all datasets a method reports; average rank 17.2"
3dgs_zip_bagdasarian_cgf2025,2407.09510,Table 1,13,main,EAGLES-Small,3DGS,Mip-NeRF 360,average,26.94,0.8,0.25,47.0,MB,,,,,,,"the survey's own leaderboard, aggregated from the source papers and its maintained web table at w-m.github.io/3dgs-compression-survey; sizes are MB with 1 MB = 1000^2 bytes; rank is the average ranking across all datasets a method reports; average rank 17.2"
3dgs_zip_bagdasarian_cgf2025,2407.09510,Table 1,13,main,EAGLES-Small,3DGS,Deep Blending,average,29.92,0.9,0.25,33.0,MB,,,,,,,"the survey's own leaderboard, aggregated from the source papers and its maintained web table at w-m.github.io/3dgs-compression-survey; sizes are MB with 1 MB = 1000^2 bytes; rank is the average ranking across all datasets a method reports; average rank 17.2"
3dgs_zip_bagdasarian_cgf2025,2407.09510,Table 2,16,main,Octree-GS,Scaffold-GS,Tanks and Temples,average,24.68,0.866,0.153,,,443000,,,,,,"compaction leaderboard; size is a primitive count in thousands of Gaussians, not bytes; average rank 2.7"
3dgs_zip_bagdasarian_cgf2025,2407.09510,Table 2,16,main,Octree-GS,Scaffold-GS,Mip-NeRF 360,average,28.05,0.819,0.217,,,657000,,,,,,"compaction leaderboard; size is a primitive count in thousands of Gaussians, not bytes; average rank 2.7"
3dgs_zip_bagdasarian_cgf2025,2407.09510,Table 2,16,main,Octree-GS,Scaffold-GS,Deep Blending,average,30.49,0.912,0.241,,,112000,,,,,,"compaction leaderboard; size is a primitive count in thousands of Gaussians, not bytes; average rank 2.7"
3dgs_zip_bagdasarian_cgf2025,2407.09510,Table 2,16,main,Mini-Splatting,3DGS,Tanks and Temples,average,23.18,0.835,0.202,,,200000,,,,,,"compaction leaderboard; size is a primitive count in thousands of Gaussians, not bytes; average rank 3.4"
3dgs_zip_bagdasarian_cgf2025,2407.09510,Table 2,16,main,Mini-Splatting,3DGS,Mip-NeRF 360,average,27.34,0.822,0.217,,,490000,,,,,,"compaction leaderboard; size is a primitive count in thousands of Gaussians, not bytes; average rank 3.4"
3dgs_zip_bagdasarian_cgf2025,2407.09510,Table 2,16,main,Mini-Splatting,3DGS,Deep Blending,average,29.98,0.908,0.253,,,350000,,,,,,"compaction leaderboard; size is a primitive count in thousands of Gaussians, not bytes; average rank 3.4"
3dgs_zip_bagdasarian_cgf2025,2407.09510,Table 2,16,main,Taming 3DGS,3DGS,Tanks and Temples,average,23.89,0.835,0.207,,,290000,,,,,,"compaction leaderboard; size is a primitive count in thousands of Gaussians, not bytes; average rank 4.8"
3dgs_zip_bagdasarian_cgf2025,2407.09510,Table 2,16,main,Taming 3DGS,3DGS,Mip-NeRF 360,average,27.29,0.799,0.253,,,630000,,,,,,"compaction leaderboard; size is a primitive count in thousands of Gaussians, not bytes; average rank 4.8"
3dgs_zip_bagdasarian_cgf2025,2407.09510,Table 2,16,main,Taming 3DGS,3DGS,Deep Blending,average,27.79,0.822,0.263,,,270000,,,,,,"compaction leaderboard; size is a primitive count in thousands of Gaussians, not bytes; average rank 4.8"
3dgs_zip_bagdasarian_cgf2025,2407.09510,Table 2,16,main,Taming 3DGS (Big),3DGS,Tanks and Temples,average,24.04,0.851,0.17,,,1840000,,,,,,"compaction leaderboard; size is a primitive count in thousands of Gaussians, not bytes; average rank 4.8"
3dgs_zip_bagdasarian_cgf2025,2407.09510,Table 2,16,main,Taming 3DGS (Big),3DGS,Mip-NeRF 360,average,27.79,0.822,0.205,,,3310000,,,,,,"compaction leaderboard; size is a primitive count in thousands of Gaussians, not bytes; average rank 4.8"
3dgs_zip_bagdasarian_cgf2025,2407.09510,Table 2,16,main,Taming 3DGS (Big),3DGS,Deep Blending,average,30.14,0.907,0.235,,,2810000,,,,,,"compaction leaderboard; size is a primitive count in thousands of Gaussians, not bytes; average rank 4.8"
3dgs_zip_bagdasarian_cgf2025,2407.09510,Table 2,16,main,AtomGS,3DGS,Tanks and Temples,average,23.7,0.849,0.166,,,1480000,,,,,,"compaction leaderboard; size is a primitive count in thousands of Gaussians, not bytes; average rank 4.9"
3dgs_zip_bagdasarian_cgf2025,2407.09510,Table 2,16,main,AtomGS,3DGS,Mip-NeRF 360,average,27.38,0.816,0.211,,,3140000,,,,,,"compaction leaderboard; size is a primitive count in thousands of Gaussians, not bytes; average rank 4.9"
3dgs_zip_bagdasarian_cgf2025,2407.09510,Table 2,16,main,GaussianPro,3DGS,Tanks and Temples,average,24.09,0.862,0.185,,,1441000,,,,,,"compaction leaderboard; size is a primitive count in thousands of Gaussians, not bytes; average rank 5.0"
3dgs_zip_bagdasarian_cgf2025,2407.09510,Table 2,16,main,GaussianPro,3DGS,Mip-NeRF 360,average,27.43,0.813,0.219,,,3403000,,,,,,"compaction leaderboard; size is a primitive count in thousands of Gaussians, not bytes; average rank 5.0"
3dgs_zip_bagdasarian_cgf2025,2407.09510,Table 2,16,main,GaussianPro,3DGS,Deep Blending,average,29.79,0.913,0.222,,,2582000,,,,,,"compaction leaderboard; size is a primitive count in thousands of Gaussians, not bytes; average rank 5.0"
3dgs_zip_bagdasarian_cgf2025,2407.09510,Table 2,16,main,Color-cued GS,3DGS,Tanks and Temples,average,23.18,0.83,0.198,,,370000,,,,,,"compaction leaderboard; size is a primitive count in thousands of Gaussians, not bytes; average rank 5.5"
3dgs_zip_bagdasarian_cgf2025,2407.09510,Table 2,16,main,Color-cued GS,3DGS,Mip-NeRF 360,average,27.07,0.797,0.249,,,646000,,,,,,"compaction leaderboard; size is a primitive count in thousands of Gaussians, not bytes; average rank 5.5"
3dgs_zip_bagdasarian_cgf2025,2407.09510,Table 2,16,main,Color-cued GS,3DGS,Deep Blending,average,29.71,0.902,0.255,,,644000,,,,,,"compaction leaderboard; size is a primitive count in thousands of Gaussians, not bytes; average rank 5.5"
3dgs_zip_bagdasarian_cgf2025,2407.09510,Table 2,16,main,Mini-Splatting-D,3DGS,Tanks and Temples,average,23.23,0.853,0.14,,,4280000,,,,,,"compaction leaderboard; size is a primitive count in thousands of Gaussians, not bytes; average rank 5.7"
3dgs_zip_bagdasarian_cgf2025,2407.09510,Table 2,16,main,Mini-Splatting-D,3DGS,Mip-NeRF 360,average,27.51,0.831,0.176,,,4690000,,,,,,"compaction leaderboard; size is a primitive count in thousands of Gaussians, not bytes; average rank 5.7"
3dgs_zip_bagdasarian_cgf2025,2407.09510,Table 2,16,main,Mini-Splatting-D,3DGS,Deep Blending,average,29.88,0.906,0.211,,,4630000,,,,,,"compaction leaderboard; size is a primitive count in thousands of Gaussians, not bytes; average rank 5.7"
3dgs_zip_bagdasarian_cgf2025,2407.09510,Table 2,16,main,3DGS-30K,3DGS,Tanks and Temples,average,23.14,0.841,0.183,,,1783000,,,,,,"compaction leaderboard; size is a primitive count in thousands of Gaussians, not bytes; average rank 6.6"
3dgs_zip_bagdasarian_cgf2025,2407.09510,Table 2,16,main,3DGS-30K,3DGS,Mip-NeRF 360,average,27.21,0.815,0.214,,,3362000,,,,,,"compaction leaderboard; size is a primitive count in thousands of Gaussians, not bytes; average rank 6.6"
3dgs_zip_bagdasarian_cgf2025,2407.09510,Table 2,16,main,3DGS-30K,3DGS,Deep Blending,average,29.41,0.903,0.243,,,2975000,,,,,,"compaction leaderboard; size is a primitive count in thousands of Gaussians, not bytes; average rank 6.6"
3dgs_zip_bagdasarian_cgf2025,2407.09510,Table 3,18,ablation,3DGS (360K Gaussians),3DGS,Mip-NeRF 360,average,26.38,,,,,360000,,,,,,"training resolution full, evaluation resolution full; PSNR peaks when the two match, which is why cross-paper PSNR is not directly comparable"
3dgs_zip_bagdasarian_cgf2025,2407.09510,Table 3,18,ablation,3DGS (1M Gaussians),3DGS,Mip-NeRF 360,average,26.97,,,,,1000000,,,,,,"training resolution full, evaluation resolution full; PSNR peaks when the two match, which is why cross-paper PSNR is not directly comparable"
3dgs_zip_bagdasarian_cgf2025,2407.09510,Table 3,18,ablation,3DGS (360K Gaussians),3DGS,Mip-NeRF 360,average,26.33,,,,,360000,,,,,,"training resolution full, evaluation resolution 1600px; PSNR peaks when the two match, which is why cross-paper PSNR is not directly comparable"
3dgs_zip_bagdasarian_cgf2025,2407.09510,Table 3,18,ablation,3DGS (1M Gaussians),3DGS,Mip-NeRF 360,average,26.67,,,,,1000000,,,,,,"training resolution full, evaluation resolution 1600px; PSNR peaks when the two match, which is why cross-paper PSNR is not directly comparable"
3dgs_zip_bagdasarian_cgf2025,2407.09510,Table 3,18,ablation,3DGS (360K Gaussians),3DGS,Mip-NeRF 360,average,25.58,,,,,360000,,,,,,"training resolution scaling factor 2/4, evaluation resolution full; PSNR peaks when the two match, which is why cross-paper PSNR is not directly comparable"
3dgs_zip_bagdasarian_cgf2025,2407.09510,Table 3,18,ablation,3DGS (1M Gaussians),3DGS,Mip-NeRF 360,average,25.84,,,,,1000000,,,,,,"training resolution scaling factor 2/4, evaluation resolution full; PSNR peaks when the two match, which is why cross-paper PSNR is not directly comparable"
3dgs_zip_bagdasarian_cgf2025,2407.09510,Table 3,18,ablation,3DGS (360K Gaussians),3DGS,Mip-NeRF 360,average,26.4,,,,,360000,,,,,,"training resolution scaling factor 2/4, evaluation resolution 1600px; PSNR peaks when the two match, which is why cross-paper PSNR is not directly comparable"
3dgs_zip_bagdasarian_cgf2025,2407.09510,Table 3,18,ablation,3DGS (1M Gaussians),3DGS,Mip-NeRF 360,average,27.02,,,,,1000000,,,,,,"training resolution scaling factor 2/4, evaluation resolution 1600px; PSNR peaks when the two match, which is why cross-paper PSNR is not directly comparable"
3dgs_zip_bagdasarian_cgf2025,2407.09510,Table 3,18,ablation,3DGS (360K Gaussians),3DGS,Mip-NeRF 360,average,25.82,,,,,360000,,,,,,"training resolution 1600px, evaluation resolution full; PSNR peaks when the two match, which is why cross-paper PSNR is not directly comparable"
3dgs_zip_bagdasarian_cgf2025,2407.09510,Table 3,18,ablation,3DGS (1M Gaussians),3DGS,Mip-NeRF 360,average,26.05,,,,,1000000,,,,,,"training resolution 1600px, evaluation resolution full; PSNR peaks when the two match, which is why cross-paper PSNR is not directly comparable"
3dgs_zip_bagdasarian_cgf2025,2407.09510,Table 3,18,ablation,3DGS (360K Gaussians),3DGS,Mip-NeRF 360,average,26.69,,,,,360000,,,,,,"training resolution 1600px, evaluation resolution 1600px; PSNR peaks when the two match, which is why cross-paper PSNR is not directly comparable"
3dgs_zip_bagdasarian_cgf2025,2407.09510,Table 3,18,ablation,3DGS (1M Gaussians),3DGS,Mip-NeRF 360,average,27.33,,,,,1000000,,,,,,"training resolution 1600px, evaluation resolution 1600px; PSNR peaks when the two match, which is why cross-paper PSNR is not directly comparable"
compression_3dgs_survey_ali_2025,2502.19457,Table II,7,main,3DGS-30k,3DGS,Mip-NeRF 360,average,27.21,0.815,0.214,734.0,MB,,,,,,,"all values sourced by the survey from the respective papers, not re-measured; Comp. is the compression ratio against 3DGS-30k; unstructured compression; compression ratio 1x"
compression_3dgs_survey_ali_2025,2502.19457,Table II,7,main,3DGS-30k,3DGS,Tanks and Temples,average,23.14,0.841,0.183,411.0,MB,,,,,,,"all values sourced by the survey from the respective papers, not re-measured; Comp. is the compression ratio against 3DGS-30k; unstructured compression; compression ratio 1x"
compression_3dgs_survey_ali_2025,2502.19457,Table III,7,main,3DGS-30k,3DGS,Deep Blending,average,29.41,0.903,0.243,676.0,MB,,,,,,,"all values sourced by the survey from the respective papers, not re-measured; Comp. is the compression ratio against 3DGS-30k; unstructured compression; compression ratio 1x"
compression_3dgs_survey_ali_2025,2502.19457,Table II,7,main,LightGaussian,3DGS,Mip-NeRF 360,average,27.28,0.805,0.243,42.0,MB,,,,,,,"all values sourced by the survey from the respective papers, not re-measured; Comp. is the compression ratio against 3DGS-30k; unstructured compression; compression ratio 18x"
compression_3dgs_survey_ali_2025,2502.19457,Table II,7,main,LightGaussian,3DGS,Tanks and Temples,average,23.11,0.817,0.231,22.0,MB,,,,,,,"all values sourced by the survey from the respective papers, not re-measured; Comp. is the compression ratio against 3DGS-30k; unstructured compression; compression ratio 19x"
compression_3dgs_survey_ali_2025,2502.19457,Table II,7,main,Compact3D (Lee et al.),3DGS,Mip-NeRF 360,average,27.08,0.798,0.247,48.8,MB,,,,,,,"all values sourced by the survey from the respective papers, not re-measured; Comp. is the compression ratio against 3DGS-30k; unstructured compression; compression ratio 15x"
compression_3dgs_survey_ali_2025,2502.19457,Table II,7,main,Compact3D (Lee et al.),3DGS,Tanks and Temples,average,23.32,0.831,0.201,39.4,MB,,,,,,,"all values sourced by the survey from the respective papers, not re-measured; Comp. is the compression ratio against 3DGS-30k; unstructured compression; compression ratio 10x"
compression_3dgs_survey_ali_2025,2502.19457,Table III,7,main,Compact3D (Lee et al.),3DGS,Deep Blending,average,29.79,0.901,0.258,43.2,MB,,,,,,,"all values sourced by the survey from the respective papers, not re-measured; Comp. is the compression ratio against 3DGS-30k; unstructured compression; compression ratio 16x"
compression_3dgs_survey_ali_2025,2502.19457,Table II,7,main,CompGS-16K (Navaneet et al.),3DGS,Mip-NeRF 360,average,27.03,0.804,0.243,18.0,MB,,,,,,,"all values sourced by the survey from the respective papers, not re-measured; Comp. is the compression ratio against 3DGS-30k; unstructured compression; compression ratio 41x"
compression_3dgs_survey_ali_2025,2502.19457,Table II,7,main,CompGS-16K (Navaneet et al.),3DGS,Tanks and Temples,average,23.39,0.836,0.2,12.0,MB,,,,,,,"all values sourced by the survey from the respective papers, not re-measured; Comp. is the compression ratio against 3DGS-30k; unstructured compression; compression ratio 34x"
compression_3dgs_survey_ali_2025,2502.19457,Table III,7,main,CompGS-16K (Navaneet et al.),3DGS,Deep Blending,average,29.9,0.906,0.252,12.0,MB,,,,,,,"all values sourced by the survey from the respective papers, not re-measured; Comp. is the compression ratio against 3DGS-30k; unstructured compression; compression ratio 56x"
compression_3dgs_survey_ali_2025,2502.19457,Table II,7,main,CompGS-32K (Navaneet et al.),3DGS,Mip-NeRF 360,average,27.12,0.806,0.24,19.0,MB,,,,,,,"all values sourced by the survey from the respective papers, not re-measured; Comp. is the compression ratio against 3DGS-30k; unstructured compression; compression ratio 39x"
compression_3dgs_survey_ali_2025,2502.19457,Table II,7,main,CompGS-32K (Navaneet et al.),3DGS,Tanks and Temples,average,23.44,0.838,0.198,13.0,MB,,,,,,,"all values sourced by the survey from the respective papers, not re-measured; Comp. is the compression ratio against 3DGS-30k; unstructured compression; compression ratio 32x"
compression_3dgs_survey_ali_2025,2502.19457,Table III,7,main,CompGS-32K (Navaneet et al.),3DGS,Deep Blending,average,29.9,0.907,0.251,13.0,MB,,,,,,,"all values sourced by the survey from the respective papers, not re-measured; Comp. is the compression ratio against 3DGS-30k; unstructured compression; compression ratio 52x"
compression_3dgs_survey_ali_2025,2502.19457,Table II,7,main,Compressed3D (Niedermayr et al.),3DGS,Mip-NeRF 360,average,26.98,0.801,0.238,28.8,MB,,,,,,,"all values sourced by the survey from the respective papers, not re-measured; Comp. is the compression ratio against 3DGS-30k; unstructured compression; compression ratio 26x"
compression_3dgs_survey_ali_2025,2502.19457,Table II,7,main,Compressed3D (Niedermayr et al.),3DGS,Tanks and Temples,average,23.32,0.832,0.194,17.3,MB,,,,,,,"all values sourced by the survey from the respective papers, not re-measured; Comp. is the compression ratio against 3DGS-30k; unstructured compression; compression ratio 24x"
compression_3dgs_survey_ali_2025,2502.19457,Table III,7,main,Compressed3D (Niedermayr et al.),3DGS,Deep Blending,average,29.38,0.898,0.253,25.3,MB,,,,,,,"all values sourced by the survey from the respective papers, not re-measured; Comp. is the compression ratio against 3DGS-30k; unstructured compression; compression ratio 27x"
compression_3dgs_survey_ali_2025,2502.19457,Table II,7,main,EAGLES,3DGS,Mip-NeRF 360,average,27.23,0.81,0.24,54.0,MB,,,,,,,"all values sourced by the survey from the respective papers, not re-measured; Comp. is the compression ratio against 3DGS-30k; unstructured compression; compression ratio 14x"
compression_3dgs_survey_ali_2025,2502.19457,Table II,7,main,EAGLES,3DGS,Tanks and Temples,average,23.37,0.84,0.2,29.0,MB,,,,,,,"all values sourced by the survey from the respective papers, not re-measured; Comp. is the compression ratio against 3DGS-30k; unstructured compression; compression ratio 14x"
compression_3dgs_survey_ali_2025,2502.19457,Table III,7,main,EAGLES,3DGS,Deep Blending,average,29.86,0.91,0.25,52.0,MB,,,,,,,"all values sourced by the survey from the respective papers, not re-measured; Comp. is the compression ratio against 3DGS-30k; unstructured compression; compression ratio 13x"
compression_3dgs_survey_ali_2025,2502.19457,Table II,7,main,Reduced3DGS (Papantonakis et al.),3DGS,Mip-NeRF 360,average,27.1,0.809,0.226,29.0,MB,,,,,,,"all values sourced by the survey from the respective papers, not re-measured; Comp. is the compression ratio against 3DGS-30k; unstructured compression; compression ratio 25x"
compression_3dgs_survey_ali_2025,2502.19457,Table II,7,main,Reduced3DGS (Papantonakis et al.),3DGS,Tanks and Temples,average,23.57,0.84,0.188,14.0,MB,,,,,,,"all values sourced by the survey from the respective papers, not re-measured; Comp. is the compression ratio against 3DGS-30k; unstructured compression; compression ratio 29x"
compression_3dgs_survey_ali_2025,2502.19457,Table III,7,main,Reduced3DGS (Papantonakis et al.),3DGS,Deep Blending,average,29.63,0.902,0.249,18.0,MB,,,,,,,"all values sourced by the survey from the respective papers, not re-measured; Comp. is the compression ratio against 3DGS-30k; unstructured compression; compression ratio 38x"
compression_3dgs_survey_ali_2025,2502.19457,Table II,7,main,Trimming the Fat,3DGS,Mip-NeRF 360,average,27.13,0.798,0.248,20.1,MB,,,,,,,"all values sourced by the survey from the respective papers, not re-measured; Comp. is the compression ratio against 3DGS-30k; unstructured compression; compression ratio 37x"
compression_3dgs_survey_ali_2025,2502.19457,Table II,7,main,Trimming the Fat,3DGS,Tanks and Temples,average,23.69,0.831,0.21,8.6,MB,,,,,,,"all values sourced by the survey from the respective papers, not re-measured; Comp. is the compression ratio against 3DGS-30k; unstructured compression; compression ratio 48x"
compression_3dgs_survey_ali_2025,2502.19457,Table III,7,main,Trimming the Fat,3DGS,Deep Blending,average,29.43,0.897,0.267,12.5,MB,,,,,,,"all values sourced by the survey from the respective papers, not re-measured; Comp. is the compression ratio against 3DGS-30k; unstructured compression; compression ratio 54x"
compression_3dgs_survey_ali_2025,2502.19457,Table II,7,main,EfficientGS,3DGS,Mip-NeRF 360,average,27.38,0.817,0.216,98.0,MB,,,,,,,"all values sourced by the survey from the respective papers, not re-measured; Comp. is the compression ratio against 3DGS-30k; unstructured compression; compression ratio 8x"
compression_3dgs_survey_ali_2025,2502.19457,Table II,7,main,EfficientGS,3DGS,Tanks and Temples,average,23.45,0.837,0.197,33.0,MB,,,,,,,"all values sourced by the survey from the respective papers, not re-measured; Comp. is the compression ratio against 3DGS-30k; unstructured compression; compression ratio 13x"
compression_3dgs_survey_ali_2025,2502.19457,Table III,7,main,EfficientGS,3DGS,Deep Blending,average,29.63,0.903,0.251,40.0,MB,,,,,,,"all values sourced by the survey from the respective papers, not re-measured; Comp. is the compression ratio against 3DGS-30k; unstructured compression; compression ratio 17x"
compression_3dgs_survey_ali_2025,2502.19457,Table II,7,main,RDO-Gaussian,3DGS,Mip-NeRF 360,average,27.05,0.802,0.239,23.5,MB,,,,,,,"all values sourced by the survey from the respective papers, not re-measured; Comp. is the compression ratio against 3DGS-30k; unstructured compression; compression ratio 31x"
compression_3dgs_survey_ali_2025,2502.19457,Table II,7,main,RDO-Gaussian,3DGS,Tanks and Temples,average,23.34,0.835,0.195,12.0,MB,,,,,,,"all values sourced by the survey from the respective papers, not re-measured; Comp. is the compression ratio against 3DGS-30k; unstructured compression; compression ratio 34x"
compression_3dgs_survey_ali_2025,2502.19457,Table III,7,main,RDO-Gaussian,3DGS,Deep Blending,average,29.63,0.902,0.252,18.0,MB,,,,,,,"all values sourced by the survey from the respective papers, not re-measured; Comp. is the compression ratio against 3DGS-30k; unstructured compression; compression ratio 38x"
compression_3dgs_survey_ali_2025,2502.19457,Table II,7,main,PUP 3D-GS,3DGS,Mip-NeRF 360,average,26.83,0.792,0.268,86.3,MB,,,,,,,"all values sourced by the survey from the respective papers, not re-measured; Comp. is the compression ratio against 3DGS-30k; unstructured compression; compression ratio 9x"
compression_3dgs_survey_ali_2025,2502.19457,Table II,7,main,PUP 3D-GS,3DGS,Tanks and Temples,average,23.03,0.807,0.245,50.1,MB,,,,,,,"all values sourced by the survey from the respective papers, not re-measured; Comp. is the compression ratio against 3DGS-30k; unstructured compression; compression ratio 8x"
compression_3dgs_survey_ali_2025,2502.19457,Table III,7,main,PUP 3D-GS,3DGS,Deep Blending,average,28.61,0.881,0.305,80.8,MB,,,,,,,"all values sourced by the survey from the respective papers, not re-measured; Comp. is the compression ratio against 3DGS-30k; unstructured compression; compression ratio 8x"
compression_3dgs_survey_ali_2025,2502.19457,Table II,7,main,Kim et al.,3DGS,Mip-NeRF 360,average,27.07,0.797,0.249,73.0,MB,,,,,,,"all values sourced by the survey from the respective papers, not re-measured; Comp. is the compression ratio against 3DGS-30k; unstructured compression; compression ratio 10x"
compression_3dgs_survey_ali_2025,2502.19457,Table II,7,main,Kim et al.,3DGS,Tanks and Temples,average,23.18,0.83,0.198,42.0,MB,,,,,,,"all values sourced by the survey from the respective papers, not re-measured; Comp. is the compression ratio against 3DGS-30k; unstructured compression; compression ratio 10x"
compression_3dgs_survey_ali_2025,2502.19457,Table III,7,main,Kim et al.,3DGS,Deep Blending,average,29.71,0.902,0.255,72.0,MB,,,,,,,"all values sourced by the survey from the respective papers, not re-measured; Comp. is the compression ratio against 3DGS-30k; unstructured compression; compression ratio 9x"
compression_3dgs_survey_ali_2025,2502.19457,Table II,7,main,ELMGS-medium,3DGS,Mip-NeRF 360,average,27.31,0.792,0.264,38.6,MB,,,,,,,"all values sourced by the survey from the respective papers, not re-measured; Comp. is the compression ratio against 3DGS-30k; unstructured compression; compression ratio 19x"
compression_3dgs_survey_ali_2025,2502.19457,Table II,7,main,ELMGS-medium,3DGS,Tanks and Temples,average,24.08,0.838,0.191,18.8,MB,,,,,,,"all values sourced by the survey from the respective papers, not re-measured; Comp. is the compression ratio against 3DGS-30k; unstructured compression; compression ratio 22x"
compression_3dgs_survey_ali_2025,2502.19457,Table III,7,main,ELMGS-medium,3DGS,Deep Blending,average,29.48,0.897,0.261,23.5,MB,,,,,,,"all values sourced by the survey from the respective papers, not re-measured; Comp. is the compression ratio against 3DGS-30k; unstructured compression; compression ratio 29x"
compression_3dgs_survey_ali_2025,2502.19457,Table II,7,main,ELMGS-small,3DGS,Mip-NeRF 360,average,27.0,0.779,0.286,25.8,MB,,,,,,,"all values sourced by the survey from the respective papers, not re-measured; Comp. is the compression ratio against 3DGS-30k; unstructured compression; compression ratio 28x"
compression_3dgs_survey_ali_2025,2502.19457,Table II,7,main,ELMGS-small,3DGS,Tanks and Temples,average,23.9,0.825,0.233,11.6,MB,,,,,,,"all values sourced by the survey from the respective papers, not re-measured; Comp. is the compression ratio against 3DGS-30k; unstructured compression; compression ratio 35x"
compression_3dgs_survey_ali_2025,2502.19457,Table III,7,main,ELMGS-small,3DGS,Deep Blending,average,29.24,0.894,0.273,12.3,MB,,,,,,,"all values sourced by the survey from the respective papers, not re-measured; Comp. is the compression ratio against 3DGS-30k; unstructured compression; compression ratio 55x"
compression_3dgs_survey_ali_2025,2502.19457,Table IV,11,main,3DGS-30k,3DGS,Mip-NeRF 360,average,27.21,0.815,0.214,734.0,MB,,,,,,,"all values sourced by the survey from the respective papers, not re-measured; Comp. is the compression ratio against 3DGS-30k; structured compression; compression ratio 1x"
compression_3dgs_survey_ali_2025,2502.19457,Table IV,11,main,3DGS-30k,3DGS,Tanks and Temples,average,23.14,0.841,0.183,411.0,MB,,,,,,,"all values sourced by the survey from the respective papers, not re-measured; Comp. is the compression ratio against 3DGS-30k; structured compression; compression ratio 1x"
compression_3dgs_survey_ali_2025,2502.19457,Table V,11,main,3DGS-30k,3DGS,Deep Blending,average,29.41,0.903,0.243,676.0,MB,,,,,,,"all values sourced by the survey from the respective papers, not re-measured; Comp. is the compression ratio against 3DGS-30k; structured compression; compression ratio 1x"
compression_3dgs_survey_ali_2025,2502.19457,Table IV,11,main,Scaffold-GS,Scaffold-GS,Mip-NeRF 360,average,28.84,0.848,0.22,102.0,MB,,,,,,,"all values sourced by the survey from the respective papers, not re-measured; structured compression; compression ratio 7x; these 28.84 dB / 102 MB figures match no other source: the Scaffold-GS paper itself gives 28.84 dB on 7 Mip-NeRF 360 scenes and 156 MB, while HAC, HAC++, ContextGS, CAT-3DGS, HEMGS, PCGS and SALVQ all give 27.50 dB on 9 scenes at 253.9 MB. Treat this row as unreliable"
compression_3dgs_survey_ali_2025,2502.19457,Table IV,11,main,Scaffold-GS,Scaffold-GS,Tanks and Temples,average,23.96,0.853,0.177,87.0,MB,,,,,,,"all values sourced by the survey from the respective papers, not re-measured; Comp. is the compression ratio against 3DGS-30k; structured compression; compression ratio 5x"
compression_3dgs_survey_ali_2025,2502.19457,Table V,11,main,Scaffold-GS,Scaffold-GS,Deep Blending,average,30.21,0.906,0.254,66.0,MB,,,,,,,"all values sourced by the survey from the respective papers, not re-measured; Comp. is the compression ratio against 3DGS-30k; structured compression; compression ratio 10x"
compression_3dgs_survey_ali_2025,2502.19457,Table IV,11,main,GaussianForest Large,3DGS,Mip-NeRF 360,average,27.45,0.803,0.212,85.0,MB,,,,,,,"all values sourced by the survey from the respective papers, not re-measured; Comp. is the compression ratio against 3DGS-30k; structured compression; compression ratio 9x"
compression_3dgs_survey_ali_2025,2502.19457,Table IV,11,main,GaussianForest Large,3DGS,Tanks and Temples,average,23.67,0.839,0.188,45.0,MB,,,,,,,"all values sourced by the survey from the respective papers, not re-measured; Comp. is the compression ratio against 3DGS-30k; structured compression; compression ratio 9x"
compression_3dgs_survey_ali_2025,2502.19457,Table V,11,main,GaussianForest Large,3DGS,Deep Blending,average,30.18,0.908,0.215,98.0,MB,,,,,,,"all values sourced by the survey from the respective papers, not re-measured; Comp. is the compression ratio against 3DGS-30k; structured compression; compression ratio 7x"
compression_3dgs_survey_ali_2025,2502.19457,Table IV,11,main,GaussianForest Small,3DGS,Mip-NeRF 360,average,27.33,0.797,0.219,50.0,MB,,,,,,,"all values sourced by the survey from the respective papers, not re-measured; Comp. is the compression ratio against 3DGS-30k; structured compression; compression ratio 15x"
compression_3dgs_survey_ali_2025,2502.19457,Table IV,11,main,GaussianForest Small,3DGS,Tanks and Temples,average,23.56,0.836,0.194,38.0,MB,,,,,,,"all values sourced by the survey from the respective papers, not re-measured; Comp. is the compression ratio against 3DGS-30k; structured compression; compression ratio 11x"
compression_3dgs_survey_ali_2025,2502.19457,Table V,11,main,GaussianForest Small,3DGS,Deep Blending,average,30.11,0.905,0.223,64.0,MB,,,,,,,"all values sourced by the survey from the respective papers, not re-measured; Comp. is the compression ratio against 3DGS-30k; structured compression; compression ratio 11x"
compression_3dgs_survey_ali_2025,2502.19457,Table IV,11,main,SUNDAE (30%),3DGS,Mip-NeRF 360,average,27.24,0.826,0.228,279.0,MB,,,,,,,"all values sourced by the survey from the respective papers, not re-measured; Comp. is the compression ratio against 3DGS-30k; structured compression; compression ratio 3x"
compression_3dgs_survey_ali_2025,2502.19457,Table IV,11,main,SUNDAE (30%),3DGS,Tanks and Temples,average,23.46,0.817,0.242,148.0,MB,,,,,,,"all values sourced by the survey from the respective papers, not re-measured; Comp. is the compression ratio against 3DGS-30k; structured compression; compression ratio 3x"
compression_3dgs_survey_ali_2025,2502.19457,Table V,11,main,SUNDAE (30%),3DGS,Deep Blending,average,29.4,0.899,0.248,203.0,MB,,,,,,,"all values sourced by the survey from the respective papers, not re-measured; Comp. is the compression ratio against 3DGS-30k; structured compression; compression ratio 3x"
compression_3dgs_survey_ali_2025,2502.19457,Table IV,11,main,SUNDAE (1%),3DGS,Mip-NeRF 360,average,24.7,0.716,0.375,38.0,MB,,,,,,,"all values sourced by the survey from the respective papers, not re-measured; Comp. is the compression ratio against 3DGS-30k; structured compression; compression ratio 19x"
compression_3dgs_survey_ali_2025,2502.19457,Table IV,11,main,SUNDAE (1%),3DGS,Tanks and Temples,average,20.49,0.703,0.375,33.0,MB,,,,,,,"all values sourced by the survey from the respective papers, not re-measured; Comp. is the compression ratio against 3DGS-30k; structured compression; compression ratio 13x"
compression_3dgs_survey_ali_2025,2502.19457,Table V,11,main,SUNDAE (1%),3DGS,Deep Blending,average,26.57,0.861,0.355,36.0,MB,,,,,,,"all values sourced by the survey from the respective papers, not re-measured; Comp. is the compression ratio against 3DGS-30k; structured compression; compression ratio 19x"
compression_3dgs_survey_ali_2025,2502.19457,Table IV,11,main,HAC (low rate),Scaffold-GS,Mip-NeRF 360,average,27.53,0.807,0.238,15.3,MB,,,,,,,"all values sourced by the survey from the respective papers, not re-measured; Comp. is the compression ratio against 3DGS-30k; structured compression; compression ratio 48x"
compression_3dgs_survey_ali_2025,2502.19457,Table IV,11,main,HAC (low rate),Scaffold-GS,Tanks and Temples,average,24.04,0.846,0.187,8.1,MB,,,,,,,"all values sourced by the survey from the respective papers, not re-measured; Comp. is the compression ratio against 3DGS-30k; structured compression; compression ratio 51x"
compression_3dgs_survey_ali_2025,2502.19457,Table V,11,main,HAC (low rate),Scaffold-GS,Deep Blending,average,29.98,0.902,0.269,4.4,MB,,,,,,,"all values sourced by the survey from the respective papers, not re-measured; Comp. is the compression ratio against 3DGS-30k; structured compression; compression ratio 154x"
compression_3dgs_survey_ali_2025,2502.19457,Table IV,11,main,HAC (high rate),Scaffold-GS,Mip-NeRF 360,average,27.77,0.811,0.23,21.9,MB,,,,,,,"all values sourced by the survey from the respective papers, not re-measured; Comp. is the compression ratio against 3DGS-30k; structured compression; compression ratio 34x"
compression_3dgs_survey_ali_2025,2502.19457,Table IV,11,main,HAC (high rate),Scaffold-GS,Tanks and Temples,average,24.4,0.853,0.177,11.2,MB,,,,,,,"all values sourced by the survey from the respective papers, not re-measured; Comp. is the compression ratio against 3DGS-30k; structured compression; compression ratio 37x"
compression_3dgs_survey_ali_2025,2502.19457,Table V,11,main,HAC (high rate),Scaffold-GS,Deep Blending,average,30.34,0.906,0.258,6.4,MB,,,,,,,"all values sourced by the survey from the respective papers, not re-measured; Comp. is the compression ratio against 3DGS-30k; structured compression; compression ratio 106x"
compression_3dgs_survey_ali_2025,2502.19457,Table IV,11,main,ContextGS (low rate),Scaffold-GS,Mip-NeRF 360,average,27.62,0.808,0.237,12.7,MB,,,,,,,"all values sourced by the survey from the respective papers, not re-measured; Comp. is the compression ratio against 3DGS-30k; structured compression; compression ratio 58x"
compression_3dgs_survey_ali_2025,2502.19457,Table IV,11,main,ContextGS (low rate),Scaffold-GS,Tanks and Temples,average,24.2,0.852,0.184,7.1,MB,,,,,,,"all values sourced by the survey from the respective papers, not re-measured; Comp. is the compression ratio against 3DGS-30k; structured compression; compression ratio 58x"
compression_3dgs_survey_ali_2025,2502.19457,Table V,11,main,ContextGS (low rate),Scaffold-GS,Deep Blending,average,30.11,0.907,0.265,3.6,MB,,,,,,,"all values sourced by the survey from the respective papers, not re-measured; Comp. is the compression ratio against 3DGS-30k; structured compression; compression ratio 188x"
compression_3dgs_survey_ali_2025,2502.19457,Table IV,11,main,ContextGS (high rate),Scaffold-GS,Mip-NeRF 360,average,27.75,0.811,0.231,18.4,MB,,,,,,,"all values sourced by the survey from the respective papers, not re-measured; Comp. is the compression ratio against 3DGS-30k; structured compression; compression ratio 40x"
compression_3dgs_survey_ali_2025,2502.19457,Table IV,11,main,ContextGS (high rate),Scaffold-GS,Tanks and Temples,average,24.29,0.855,0.176,11.8,MB,,,,,,,"all values sourced by the survey from the respective papers, not re-measured; Comp. is the compression ratio against 3DGS-30k; structured compression; compression ratio 35x"
compression_3dgs_survey_ali_2025,2502.19457,Table V,11,main,ContextGS (high rate),Scaffold-GS,Deep Blending,average,30.39,0.909,0.258,6.6,MB,,,,,,,"all values sourced by the survey from the respective papers, not re-measured; Comp. is the compression ratio against 3DGS-30k; structured compression; compression ratio 102x"
compression_3dgs_survey_ali_2025,2502.19457,Table IV,11,main,"CompGS (high rate, Liu et al.)",3DGS,Mip-NeRF 360,average,27.26,0.8,0.24,16.5,MB,,,,,,,"all values sourced by the survey from the respective papers, not re-measured; Comp. is the compression ratio against 3DGS-30k; structured compression; compression ratio 45x"
compression_3dgs_survey_ali_2025,2502.19457,Table IV,11,main,"CompGS (high rate, Liu et al.)",3DGS,Tanks and Temples,average,23.7,0.84,0.21,9.6,MB,,,,,,,"all values sourced by the survey from the respective papers, not re-measured; Comp. is the compression ratio against 3DGS-30k; structured compression; compression ratio 43x"
compression_3dgs_survey_ali_2025,2502.19457,Table V,11,main,"CompGS (high rate, Liu et al.)",3DGS,Deep Blending,average,29.69,0.9,0.28,8.8,MB,,,,,,,"all values sourced by the survey from the respective papers, not re-measured; Comp. is the compression ratio against 3DGS-30k; structured compression; compression ratio 77x"
compression_3dgs_survey_ali_2025,2502.19457,Table IV,11,main,"CompGS (low rate, Liu et al.)",3DGS,Mip-NeRF 360,average,26.37,0.78,0.28,8.8,MB,,,,,,,"all values sourced by the survey from the respective papers, not re-measured; Comp. is the compression ratio against 3DGS-30k; structured compression; compression ratio 83x"
compression_3dgs_survey_ali_2025,2502.19457,Table IV,11,main,"CompGS (low rate, Liu et al.)",3DGS,Tanks and Temples,average,23.11,0.81,0.24,5.9,MB,,,,,,,"all values sourced by the survey from the respective papers, not re-measured; Comp. is the compression ratio against 3DGS-30k; structured compression; compression ratio 70x"
compression_3dgs_survey_ali_2025,2502.19457,Table V,11,main,"CompGS (low rate, Liu et al.)",3DGS,Deep Blending,average,29.3,0.9,0.29,6.0,MB,,,,,,,"all values sourced by the survey from the respective papers, not re-measured; Comp. is the compression ratio against 3DGS-30k; structured compression; compression ratio 113x"
